date t temp ph ox ortp nh4 no silica cod bod phyto chla chlor dyno chrys crip daph eudi cyc daph_lit light ortp_krivica ortp_misca ortp_radovna q_jezernica q_krivica q_misca q_radovna q_natega diat light_m
34710 728670 4.8 7.98 7.285 0.007166667 0.4375 0.656666667 1.323833333 2.140687919 0.479523705 0.60547 0.00109 0.00225 0.001 0 0.28635 0.015798333 5.391666667 0.135 0.552941667 102.42918 0.01950585 0.057206751 0.007413984 33264 777.6 13651.2 34560 26265.6 0.042787 70.21728
34711 728671 4.774654464 7.979035291 7.351623281 0.007166753 0.437482615 0.665189802 1.323812002 2.118368356 0.49333504 0.605656958 0.001137931 0.00225 0.001000495 0 0.285465078 0.015390619 5.294683809 0.129911894 0.538671656 103.2507 0.02000772 0.060357584 0.009752535 25920 777.6 13651.2 34560 26265.6 0.04337 94.66632
34712 728672 4.750214028 7.978105032 7.417922533 0.007167014 0.437430484 0.673745118 1.323747973 2.096845833 0.507278104 0.606216102 0.001185714 0.00225 0.001001991 0 0.284556065 0.01498627 5.198583215 0.124983221 0.524519435 104.07852 0.020505613 0.063450049 0.01201586 19526.4 777.6 11232 34560 26265.6 0.044329 55.36188
34713 728673 4.726662235 7.977208597 7.483899009 0.007167451 0.437343642 0.682332314 1.323641197 2.07610586 0.521351446 0.607144836 0.001233349 0.00225 0.001004504 0 0.283623286 0.014585412 5.103374952 0.120211494 0.510489428 104.91516 0.020999537 0.066481696 0.014204168 19526.4 777.6 11232 34560 26265.6 0.045658 99.65592
34714 728674 4.703982629 7.97634536 7.549553965 0.007168067 0.437222125 0.690951088 1.323491625 2.056133944 0.535553617 0.608440565 0.001280836 0.00225 0.001008049 0 0.282667068 0.014188173 5.009069084 0.115594226 0.49658606 105.75936 0.021489496 0.069450075 0.016317666 19526.4 777.6 11232 34560 26265.6 0.04735 111.44952
34715 728675 4.682158754 7.975514693 7.614888653 0.007168863 0.437065968 0.699601138 1.323299206 2.036915595 0.549883169 0.610100695 0.001328178 0.00225 0.001012641 0 0.281687735 0.013794679 4.915675677 0.111128931 0.482813756 106.61112 0.021975497 0.072352738 0.018356561 19526.4 777.6 13651.2 34560 26265.6 0.049397 44.02188
34716 728676 4.661174153 7.974715971 7.679904329 0.007169842 0.436875206 0.708282164 1.32306389 2.01843632 0.56433865 0.612122629 0.001375374 0.00225 0.001018296 0 0.280685615 0.013405055 4.823204798 0.106813123 0.469176939 107.47296 0.022457546 0.075187233 0.020321061 19526.4 777.6 13651.2 34560 26265.6 0.051794 98.3178
34717 728677 4.64101237 7.973948568 7.744602247 0.007171007 0.436649876 0.716993864 1.322785627 2.000681628 0.578918612 0.614503773 0.001422425 0.00225 0.00102503 0 0.279661033 0.01301943 4.731666511 0.102644314 0.455680035 108.34362 0.022935648 0.077951111 0.022211373 19526.4 1123.2 13651.2 34560 26265.6 0.054534 51.73308
34718 728678 4.621656948 7.973211856 7.808983661 0.007172359 0.436390012 0.725735936 1.322464367 1.983637026 0.593621606 0.61724153 0.001469333 0.00225 0.001032858 0 0.278614314 0.012637928 4.641070882 0.098620019 0.442327468 109.22436 0.023409809 0.080641923 0.024027706 19526.4 1123.2 13651.2 34560 26265.6 0.057609 12.76884
34719 728679 4.603091432 7.97250521 7.873049825 0.0071739 0.436095649 0.73450808 1.322100061 1.967288024 0.608446182 0.620333307 0.001516098 0.00225 0.001041795 0 0.277545784 0.012260676 4.551427978 0.094737752 0.429123663 110.11518 0.023880035 0.083257218 0.025770268 22636.8 1641.6 13651.2 34560 26265.6 0.061014 26.80776
34720 728680 4.585299365 7.971828004 7.936801993 0.007175633 0.435766825 0.743309993 1.321692657 1.95162013 0.62339089 0.623776507 0.001562721 0.00225 0.001051858 0 0.27645577 0.011887801 4.462747862 0.090995024 0.416073044 111.01734 0.024346332 0.085794548 0.027439264 25920 1641.6 13651.2 34560 26265.6 0.06474 12.15648
34721 728681 4.568264291 7.97117961 8.000241421 0.007177559 0.435403573 0.752141375 1.321242107 1.936618852 0.638454282 0.627568536 0.001609202 0.00225 0.001063062 0 0.275344597 0.01151943 4.375040602 0.087389351 0.403180036 111.93084 0.024808706 0.088251461 0.029034904 33264 1641.6 18662.4 34560 26265.6 0.068782 31.11696
34722 728682 4.551969752 7.970559402 8.063369361 0.007179682 0.435005929 0.761001924 1.320748361 1.922269699 0.653634907 0.631706798 0.001655544 0.00225 0.001075422 0 0.27421259 0.011155688 4.288316263 0.083918246 0.390449064 112.85568 0.025267161 0.090625509 0.030557395 33264 1641.6 18662.4 34560 26265.6 0.073134 16.60176
34723 728683 4.536399294 7.969966755 8.126187069 0.007182003 0.43457393 0.769891339 1.320211367 1.908558178 0.668931316 0.636188697 0.001701746 0.00225 0.001088954 0 0.273060076 0.010796701 4.20258491 0.080579221 0.377884551 113.79312 0.025721705 0.092914241 0.032006945 50457.6 2851.2 18662.4 34560 26265.6 0.077787 47.69604
34724 728684 4.521536458 7.969401042 8.188695799 0.007184524 0.434107609 0.778809318 1.319631077 1.895469799 0.68434206 0.64101164 0.001747809 0.00225 0.001103673 0 0.27188738 0.010442598 4.117856609 0.077369792 0.365490924 114.7419 0.026172343 0.095115208 0.033383761 41385.6 2246.4 16156.8 34560 26265.6 0.082735 58.19688
34725 728685 4.50736479 7.968861636 8.250896804 0.007187247 0.433607003 0.78775556 1.31900744 1.882990069 0.699865689 0.646173029 0.001793734 0.00225 0.001119596 0 0.270694829 0.010093503 4.034141426 0.07428747 0.353272605 115.7058 0.02661908 0.09722596 0.034688051 33264 2246.4 18662.4 34560 26265.6 0.087972 11.06784
34726 728686 4.493867833 7.968347911 8.31279134 0.007190175 0.433072147 0.796729764 1.318340407 1.871104496 0.715500755 0.651670271 0.001839523 0.00225 0.001136736 0 0.269482747 0.009749543 3.951449426 0.07132977 0.341234021 116.6823 0.027061923 0.099244048 0.035920022 61084.8 4060.8 36201.6 34560 26265.6 0.093491 70.12656
34727 728687 4.48102913 7.96785924 8.374380661 0.00719331 0.432503077 0.805731628 1.317629927 1.85979859 0.731245806 0.65750077 0.001885175 0.00225 0.001155111 0 0.268251461 0.009410846 3.869790676 0.068494205 0.329379595 117.67392 0.027500877 0.10116702 0.037079882 50457.6 2851.2 29980.8 34560 26265.6 0.099285 30.07368
34728 728688 4.468832225 7.967394998 8.43566602 0.007196654 0.431899828 0.814760851 1.31687595 1.849057859 0.747099395 0.66366193 0.001930692 0.00225 0.001174736 0 0.267001297 0.009077536 3.78917524 0.065778289 0.317713752 118.6794 0.027935948 0.102992429 0.038167839 50457.6 1641.6 21340.8 34560 26265.6 0.10535 76.06872
34729 728689 4.457260662 7.966954558 8.496648672 0.007200209 0.431262435 0.823817131 1.316078427 1.83886781 0.763060071 0.670151156 0.001976074 0.00225 0.001195625 0 0.26573258 0.00874974 3.709613184 0.063179535 0.306240916 119.7 0.028367142 0.104717823 0.0391841 41385.6 1641.6 18662.4 34560 26265.6 0.11167 19.23264
34730 728690 4.446297983 7.966537293 8.557329872 0.007203978 0.430590934 0.832900167 1.315237307 1.829213953 0.779126385 0.676965853 0.002021323 0.00225 0.001217796 0 0.264445636 0.008427586 3.631114574 0.060695457 0.294965513 120.74328 0.028794464 0.106340754 0.040128874 41385.6 1641.6 18662.4 34560 26265.6 0.11825 124.0354723
34731 728691 4.435927734 7.966142578 8.617710873 0.007207961 0.429885361 0.842009659 1.314352541 1.820081795 0.795296888 0.684103426 0.002066438 0.00225 0.001241262 0 0.263140791 0.008111199 3.553689476 0.058323568 0.283891967 121.8168 0.029217921 0.107858771 0.041002367 33264 1641.6 18662.4 38262.85714 26265.6 0.12508 129.6901565
34732 728692 4.426133458 7.965769786 8.67779293 0.007212163 0.42914575 0.851145303 1.313424077 1.811456845 0.811570131 0.69156128 0.002111422 0.00225 0.001266041 0 0.261818371 0.007800706 3.477347954 0.056061381 0.273024701 122.9193 0.029637518 0.109269425 0.041804787 33264 1641.6 18662.4 38262.85714 26265.6 0.13215 85.68504
34733 728693 4.416898698 7.96541829 8.737577297 0.007216584 0.428372138 0.8603068 1.312451868 1.803324612 0.827944663 0.699336818 0.002156275 0.00225 0.001292146 0 0.260478701 0.007496233 3.402100076 0.053906411 0.262368142 124.05078 0.030053262 0.110570265 0.042536343 33264 1123.2 13651.2 38262.85714 26265.6 0.13945 34.31484
34734 728694 4.408206997 7.965087464 8.797065229 0.007221227 0.427564559 0.869493847 1.311435862 1.795670603 0.844419035 0.707427447 0.002200998 0.00225 0.001319595 0 0.259122108 0.007197906 3.327955906 0.051856171 0.251926714 125.20998 0.030465157 0.111758843 0.043197241 33264 1123.2 13651.2 38262.85714 26265.6 0.14698 89.90352
34735 728695 4.4000419 7.964776681 8.856257979 0.007226095 0.42672305 0.878706143 1.310376009 1.788480327 0.860991798 0.71583057 0.002245591 0.00225 0.001348402 0 0.257748916 0.006905853 3.254925511 0.049908174 0.24170484 126.3906 0.030873209 0.112832708 0.043787689 25920 1123.2 11232 38262.85714 26265.6 0.15473 93.39624
34736 728696 4.39238695 7.964485316 8.915156803 0.007231188 0.425847645 0.887943388 1.30927226 1.781739292 0.877661503 0.724543593 0.002290055 0.00225 0.001378583 0 0.256359453 0.006620198 3.183018955 0.048059934 0.231706947 127.6128 0.031277425 0.113789411 0.044307895 25920 1123.2 11232 38262.85714 26265.6 0.1627 118.29888
34737 728697 4.385225691 7.964212743 8.973762953 0.007236511 0.42493838 0.897205278 1.308124564 1.775433007 0.8944267 0.73356392 0.002334392 0.00225 0.001410153 0 0.254954044 0.00634107 3.112246304 0.046308964 0.221937457 128.8476 0.031677811 0.114626501 0.044758067 25920 1123.2 11232 38262.85714 26265.6 0.17087 135.37692
34738 728698 4.378541667 7.963958333 9.032077686 0.007242063 0.423995291 0.906491514 1.306932872 1.76954698 0.911285939 0.742888956 0.002378601 0.00225 0.001443129 0 0.253533014 0.006068594 3.042617625 0.044652778 0.212400797 130.1202 0.032074371 0.11534153 0.045138411 25920 1123.2 11232 38262.85714 26265.6 0.17925 21.97692
34739 728699 4.37231842 7.963721462 9.090102254 0.007247849 0.423018413 0.915801794 1.305697134 1.764066719 0.928237771 0.752516106 0.002422685 0.00225 0.001477525 0 0.252096689 0.005802897 2.974142982 0.043088889 0.20310139 131.418 0.032467112 0.115932046 0.045449137 25920 1123.2 11232 38262.85714 26265.6 0.18782 12.94786723
34740 728700 4.366539495 7.963501503 9.147837912 0.00725387 0.422007781 0.925135816 1.304417299 1.758977733 0.945280748 0.762442773 0.002466643 0.00225 0.001513357 0 0.250645395 0.005544105 2.906832441 0.041614811 0.194043661 132.7284 0.03285604 0.116395601 0.045690451 33264 1641.6 11232 38262.85714 26265.6 0.19658 35.4942
34741 728701 4.361188436 7.96329783 9.205285915 0.007260128 0.420963431 0.934493279 1.303093318 1.75426553 0.962413418 0.772666364 0.002510477 0.00225 0.001550641 0 0.249179459 0.005292344 2.840696069 0.040228058 0.185232035 134.0766 0.03324116 0.116729745 0.045862561 33264 1641.6 11232 38262.85714 26265.6 0.20551 14.8554
34742 728702 4.356248785 7.963109815 9.262447516 0.007266625 0.419885399 0.943873882 1.30172514 1.749915618 0.979634333 0.783184283 0.002554187 0.00225 0.001589392 0 0.247699205 0.005047741 2.775743929 0.038926142 0.176670936 135.4374 0.033622478 0.116932028 0.045965675 25920 1641.6 11232 38262.85714 26265.6 0.21463 76.7718
34743 728703 4.351704087 7.962936834 9.31932397 0.007273364 0.418773719 0.953277323 1.300312716 1.745913506 0.996942044 0.793993935 0.002597775 0.00225 0.001629626 0 0.246204959 0.004810423 2.71198609 0.037706578 0.168364789 136.836 0.034 0.117 0.046 25920 1641.6 11232 38262.85714 26265.6 0.2239 82.64592
34744 728704 4.347537886 7.962778259 9.375916532 0.007280346 0.417628427 0.962703301 1.298855995 1.742244702 1.0143351 0.805092723 0.00264124 0.00225 0.001671358 0 0.244697048 0.004580515 2.649432615 0.036566878 0.160318018 138.2472 0.034386811 0.116972807 0.045923971 25920 1641.6 11232 38262.85714 26265.6 0.23334 36.21996
34745 728705 4.343733724 7.962633464 9.432226455 0.007287574 0.41644956 0.972151514 1.297354929 1.738894715 1.031812053 0.816478054 0.002684585 0.00225 0.001714604 0 0.243175797 0.004358144 2.58809357 0.035504557 0.152535048 139.6836 0.034793353 0.11689304 0.045703378 25920 1641.6 11232 38262.85714 26265.6 0.24294 72.96156
34746 728706 4.340275146 7.962501822 9.488254993 0.007295051 0.415237151 0.981621662 1.295809466 1.735849052 1.049371453 0.828147331 0.002727809 0.00225 0.001759379 0 0.241641532 0.004143437 2.527979022 0.034517128 0.145020304 141.1452 0.035215666 0.116763414 0.045349467 25920 1641.6 11232 38262.85714 26265.6 0.25268 18.12132
34747 728707 4.337145695 7.962382708 9.544003402 0.007302777 0.413991237 0.991113442 1.294219556 1.733093222 1.067011851 0.840097961 0.002770914 0.00225 0.0018057 0 0.240094579 0.00393652 2.469099036 0.033602105 0.137778211 142.632 0.035649789 0.116586644 0.044873482 25920 1641.6 11232 38262.85714 26265.6 0.26256 89.06436
34748 728708 4.334328915 7.962275495 9.599472935 0.007310756 0.412711853 1.000626554 1.29258515 1.730612734 1.084731796 0.852327346 0.0028139 0.00225 0.001853581 0 0.238535263 0.00373752 2.411463677 0.032757 0.130813191 144.1314 0.036091764 0.116365446 0.044286667 33264 2851.2 16156.8 38262.85714 26265.6 0.27257 6.0102
34749 728709 4.331808349 7.962179557 9.654664847 0.007318989 0.411399035 1.010160696 1.290906198 1.728393096 1.102529841 0.864832892 0.002856769 0.00225 0.001903038 0 0.23696391 0.003546562 2.355083011 0.031979328 0.124129672 145.656 0.036537631 0.116102536 0.043600266 41385.6 2851.2 16156.8 38262.85714 26265.6 0.28271 110.65572
34750 728710 4.329567541 7.962094266 9.709580392 0.007327479 0.410052817 1.019715566 1.28918265 1.726419815 1.120404534 0.877612004 0.002899521 0.00225 0.001954086 0 0.235380847 0.003363774 2.299967103 0.031266602 0.117732076 147.2058 0.036983429 0.115800629 0.042825523 41385.6 2246.4 16156.8 38262.85714 26265.6 0.29297 160.98264
34751 728711 4.327590035 7.962018998 9.764220823 0.007336228 0.408673236 1.029290864 1.287414456 1.724678401 1.138354428 0.890662087 0.002942156 0.00225 0.002006742 0 0.233786398 0.003189281 2.246126021 0.030616335 0.111624829 148.7682 0.0374252 0.11546244 0.041973682 33264 1641.6 16156.8 38262.85714 26265.6 0.30335 132.13368
34752 728712 4.325859375 7.961953125 9.818587396 0.007345238 0.407260327 1.038886287 1.285601565 1.723154362 1.156378072 0.903980544 0.002984677 0.00225 0.00206102 0 0.23218089 0.00302321 2.193569828 0.030026042 0.105812355 150.3558 0.037858983 0.115090686 0.041055989 33264 2246.4 16156.8 38262.85714 26265.6 0.31383 29.62008
34753 728713 4.324359104 7.961896021 9.872681365 0.007354511 0.405814126 1.048501535 1.283743928 1.721833207 1.174474016 0.917564782 0.003027083 0.00225 0.002116936 0 0.230564649 0.002865688 2.14230859 0.029493235 0.100299078 151.956 0.038280818 0.114688083 0.040083686 33264 2851.2 16156.8 38262.85714 26265.6 0.32441 14.5460834
34754 728714 4.323072765 7.96184706 9.926503984 0.00736405 0.404334667 1.058136306 1.281841495 1.720700442 1.192640813 0.931412204 0.003069375 0.00225 0.002174507 0 0.228938 0.002716841 2.092352374 0.029015428 0.095089424 153.5814 0.038686747 0.114257344 0.039068018 41385.6 2419.2 16156.8 38262.85714 26265.6 0.33508 30.96833362
34755 728715 4.321983902 7.961805616 9.980056507 0.007373856 0.402821986 1.067790299 1.279894215 1.719741578 1.210877011 0.945520216 0.003111555 0.00225 0.002233746 0 0.227301269 0.002576795 2.043711245 0.028590134 0.090187817 155.2194 0.039072808 0.113801187 0.03802023 41385.6 2419.2 16156.8 38262.85714 26265.6 0.34584 86.2974
34756 728716 4.32107606 7.961771061 10.03334019 0.007383931 0.401276119 1.077463213 1.27790204 1.718942121 1.229181162 0.959886222 0.003153623 0.00225 0.00229467 0 0.225654782 0.002445677 1.996395269 0.028214868 0.085598682 156.8826 0.039435044 0.113322327 0.036951565 50457.6 3024 18662.4 38262.85714 26265.6 0.35668 9.4122
34757 728717 4.320332781 7.96174277 10.08635628 0.007394279 0.399697101 1.087154745 1.275864918 1.718287582 1.247551816 0.974507626 0.00319558 0.00225 0.002357295 0 0.223998864 0.002323613 1.95041451 0.027887142 0.081326442 158.5584 0.039769492 0.112823479 0.035873268 70156.8 2419.2 18662.4 38262.85714 26265.6 0.3676 64.72872
34758 728718 4.319737609 7.961720117 10.13910605 0.007404901 0.398084967 1.096864595 1.273782801 1.717763467 1.265987524 0.989381835 0.003237426 0.00225 0.002421636 0 0.222333842 0.002210729 1.905779036 0.02760447 0.077375523 160.2468 0.040072195 0.112307359 0.034796583 61084.8 2419.2 16156.8 38262.85714 26265.6 0.37857 181.98432
34759 728719 4.319274089 7.961702474 10.19159073 0.007415799 0.396439754 1.106592462 1.271655637 1.717355285 1.284486836 1.004506251 0.003279164 0.00225 0.002487708 0 0.220660042 0.002107153 1.86249891 0.027364366 0.07375035 161.9604 0.040339192 0.111776683 0.033732754 50457.6 1209.6 13651.2 34560 26265.6 0.38961 161.947033
34760 728720 4.318925762 7.961689216 10.24381159 0.007426975 0.394761496 1.116338043 1.269483377 1.717048545 1.303048303 1.019878281 0.003320792 0.00225 0.002555527 0 0.218977788 0.00201301 1.8205842 0.027164343 0.070455346 163.674 0.040566524 0.111234166 0.032693026 50457.6 1209.6 13651.2 34560 26265.6 0.4007 15.10488
34761 728721 4.318676174 7.961679716 10.29576988 0.007438432 0.393050229 1.126101038 1.267265971 1.716828755 1.321670475 1.035495329 0.003362313 0.00225 0.002625109 0 0.217287407 0.001928427 1.780044971 0.027001915 0.067494937 165.4128 0.04075023 0.110682523 0.031688642 61084.8 3628.8 18662.4 34560 26265.6 0.41184 49.896
34762 728722 4.318508868 7.961673348 10.34746685 0.007450171 0.391305989 1.135881145 1.265003369 1.716681423 1.340351903 1.051354799 0.003403728 0.00225 0.002696469 0 0.215589225 0.00185353 1.740891288 0.026874595 0.064873546 167.1642 0.040886351 0.110124471 0.030730847 70156.8 3628.8 18662.4 34560 26265.6 0.42301 14.44716
34763 728723 4.318407387 7.961669485 10.39890376 0.007462196 0.38952881 1.145678062 1.26269552 1.716592058 1.359091138 1.067454096 0.003445036 0.00225 0.002769622 0 0.213883568 0.001788446 1.703133217 0.026779897 0.062595599 168.9408 0.040970928 0.109562725 0.029830885 80179.2 3628.8 18662.4 34560 26265.6 0.43422 133.76664
34764 728724 4.318355275 7.961667502 10.45008186 0.007474507 0.387718729 1.15549149 1.260342376 1.716546168 1.37788673 1.083790626 0.003486239 0.00225 0.002844585 0 0.212170761 0.001733301 1.666780824 0.026715333 0.060665521 170.7174 0.041 0.109 0.029 70156.8 3628.8 18662.4 34560 26265.6 0.44546 38.91888
34765 728725 4.318336076 7.961666771 10.50100241 0.007487108 0.38587578 1.165321125 1.257943886 1.716529261 1.396737229 1.100361792 0.003527338 0.00225 0.002921372 0 0.210451129 0.001688221 1.631844174 0.026678419 0.059087735 172.5066 0.040960553 0.108389949 0.028184402 70156.8 3628.8 18662.4 34560 26265.6 0.45671 73.39248
34766 728726 4.318333333 7.961666667 10.55166667 0.0075 0.384 1.175166667 1.2555 1.716526846 1.415641187 1.117165 0.003568333 0.00225 0.003 0 0.208725 0.001653333 1.598333333 0.026666667 0.057866667 174.321 0.040845253 0.107687925 0.027325949 61084.8 2419.2 16156.8 34560 26265.6 0.46797 163.77228
34767 728727 4.3238853 7.962166075 10.60125292 0.007531396 0.381371273 1.185415201 1.252372676 1.718257239 1.434355064 1.138447744 0.003609722 0.00225 0.003343417 0.001139304 0.206966532 0.001623847 1.566061133 0.026786623 0.056834633 176.1354 0.040658659 0.106899196 0.026429361 50457.6 2419.2 16156.8 34560 26265.6 0.47983 37.03644
34768 728728 4.340176294 7.963635352 10.6490536 0.007598167 0.377342137 1.196398298 1.247963477 1.723279601 1.452680205 1.16800398 0.003651922 0.00225 0.004198419 0.004446064 0.205151734 0.001594912 1.534806996 0.027144153 0.055821918 177.9624 0.04040533 0.10602903 0.025499356 50457.6 1814.4 13651.2 34560 26265.6 0.4928 160.07544
34769 728729 4.366658959 7.966031071 10.69524113 0.007698304 0.372021603 1.208032384 1.242331757 1.731340703 1.470682487 1.205150809 0.003694817 0.00225 0.005540791 0.009753553 0.203283707 0.001566568 1.50453087 0.027735747 0.054829896 179.8146 0.040089825 0.105082695 0.024540652 50457.6 1209.6 13651.2 34560 26265.6 0.50681 208.27044
34770 728730 4.402785939 7.969309807 10.73998793 0.007829796 0.365518686 1.220233883 1.235536872 1.742187317 1.488427785 1.249205327 0.003738289 0.00225 0.007346318 0.016895044 0.201365549 0.001538855 1.475192705 0.028557897 0.053859942 181.6668 0.039716705 0.104065458 0.02355797 50457.6 1209.6 11232 34560 26265.6 0.52181 208.97352
34771 728731 4.448009876 7.973428136 10.78346643 0.007990634 0.357942397 1.232919221 1.227638177 1.755566214 1.505981977 1.299484633 0.003782221 0.00225 0.009590785 0.025703808 0.19940036 0.001511812 1.446752451 0.029607094 0.052913431 183.519 0.039290529 0.102982587 0.022556027 50457.6 1209.6 11232 34560 26265.6 0.53769 125.57916
34772 728732 4.501783414 7.978342634 10.82584906 0.008178808 0.34940175 1.246004824 1.218695026 1.771224167 1.523410939 1.355305826 0.003826495 0.00225 0.012249977 0.03601312 0.197391241 0.001485478 1.419170056 0.03087983 0.051991735 185.3964 0.038815855 0.101839351 0.021539541 50457.6 1209.6 11232 34560 26265.6 0.55441 154.85904
34773 728733 4.563559195 7.984009874 10.86730824 0.008392308 0.340005757 1.259407117 1.208766776 1.788907946 1.540780547 1.415986004 0.003870995 0.00225 0.01529968 0.04765625 0.19534129 0.001459892 1.392405471 0.032372594 0.051096231 187.2738 0.038297245 0.100641017 0.020513233 41385.6 1209.6 11232 34560 26265.6 0.57188 138.21192
34774 728734 4.632789864 7.990386432 10.90801639 0.008629124 0.329863431 1.273042525 1.197912781 1.808364323 1.558156677 1.480842266 0.003915604 0.00225 0.018715677 0.060466472 0.193253609 0.001435094 1.366418643 0.034081879 0.050228293 189.1638 0.037739256 0.099392853 0.019481821 41385.6 1209.6 13651.2 34560 26265.6 0.59003 38.03436
34775 728735 4.708928063 7.997428883 10.94814595 0.008887246 0.319083785 1.286827473 1.186192396 1.82934007 1.575605205 1.54919171 0.003960203 0.00225 0.022473756 0.074277059 0.191131295 0.001411123 1.341169524 0.036004176 0.049389295 191.0664 0.037146449 0.098100127 0.018450023 41385.6 1209.6 13651.2 34560 26265.6 0.60878 215.77752
34776 728736 4.791426435 8.005093803 10.98786933 0.009164665 0.307775832 1.300678388 1.173664976 1.85158196 1.593192009 1.620351434 0.004004677 0.00225 0.026549699 0.088921283 0.18897745 0.001388017 1.316618061 0.038135976 0.048580611 192.969 0.036523383 0.096768106 0.017422558 41385.6 1209.6 11232 34560 26265.6 0.62807 27.76032
34777 728737 4.879737623 8.013337765 11.02735897 0.00945937 0.296048584 1.314511694 1.160389877 1.874836762 1.610982964 1.693638537 0.004048907 0.00225 0.030919293 0.104232416 0.186795173 0.001365818 1.292724205 0.04047377 0.047803616 194.8842 0.035874617 0.095402059 0.016404145 41385.6 1209.6 11232 34560 26265.6 0.64782 21.3192
34778 728738 4.973314272 8.022117346 11.06678728 0.009769352 0.284011054 1.328243817 1.146426453 1.898851249 1.629043946 1.768370118 0.004092776 0.00225 0.035558323 0.120043732 0.184587563 0.001344562 1.269447905 0.04301405 0.047059685 196.812 0.035204712 0.094007252 0.015399503 41385.6 1814.4 13651.2 34560 26265.6 0.66795 33.15816
34779 728739 5.071609023 8.031389121 11.1063267 0.010092601 0.271772254 1.341791182 1.13183406 1.923372194 1.647440833 1.843863274 0.004136168 0.00225 0.040442574 0.136188502 0.182357721 0.001324291 1.246749109 0.045753305 0.046350192 198.7398 0.034518225 0.092588955 0.014413351 41385.6 1814.4 13651.2 34560 26265.6 0.6884 110.27016
34780 728740 5.174074521 8.041109663 11.14614965 0.010427107 0.259441199 1.355070215 1.116672053 1.948146366 1.6662395 1.919435105 0.004178964 0.00225 0.04554783 0.1525 0.180108746 0.001305043 1.224587768 0.048688029 0.045676511 200.6676 0.033819718 0.091152435 0.013450406 41385.6 1209.6 13651.2 34560 26265.6 0.70909 214.12188
34781 728741 5.280163407 8.05123555 11.18642856 0.01077086 0.2471269 1.367997341 1.100999787 1.972920538 1.685505824 1.994402709 0.004221049 0.00225 0.050849877 0.168811498 0.177843738 0.001286858 1.202923831 0.051814711 0.045040018 202.608 0.033113749 0.08970296 0.012515389 41385.6 864 13651.2 34560 26265.6 0.72995 84.22635789
34782 728742 5.389328326 8.061723355 11.22733585 0.01112185 0.23493837 1.380488985 1.084876617 1.997441483 1.70530568 2.068083184 0.004262304 0.00225 0.0563245 0.184956268 0.175565796 0.001269774 1.181717247 0.055129844 0.044442085 204.5484 0.032404877 0.088245798 0.011613018 41385.6 864 11232 34560 26265.6 0.75089 212.3982
34783 728743 5.501021921 8.072529654 11.26904394 0.011478068 0.222984623 1.392461573 1.068361898 2.02145597 1.725704947 2.139793628 0.004302612 0.00225 0.061947484 0.200767584 0.173278021 0.001253831 1.160927965 0.058629918 0.043884089 206.5014 0.031697663 0.086786215 0.010748011 41385.6 864 11232 34560 26265.6 0.77187 234.6246
34784 728744 5.614696834 8.083611021 11.31172527 0.011837504 0.21137467 1.403831531 1.051514985 2.044710772 1.746769499 2.208851141 0.004341856 0.00225 0.067694614 0.216078717 0.170983512 0.001239069 1.140515935 0.062311424 0.043367403 208.4544 0.030996665 0.085329482 0.009925088 41385.6 864 11232 34560 26265.6 0.79278 131.95224
34785 728745 5.72980571 8.094924033 11.35555225 0.012198148 0.200217525 1.414515283 1.034395234 2.066952661 1.768565213 2.274572819 0.00437992 0.00225 0.073541676 0.230722941 0.168685369 0.001225526 1.120441106 0.066170854 0.042893402 210.4074 0.030306444 0.083880864 0.009148967 37152 864 11232 34560 26265.6 0.81358 41.64048
34786 728746 5.84580119 8.106425263 11.40069733 0.012557989 0.1896222 1.424429255 1.017062 2.087928409 1.791157965 2.336275763 0.004416685 0.00225 0.079464453 0.244533528 0.166386691 0.001213242 1.100663428 0.070204699 0.04246346 212.373 0.029631558 0.08244563 0.008424366 61084.8 1814.4 13651.2 34560 26265.6 0.83417 243.19764
34787 728747 5.962135919 8.118071288 11.44733291 0.012915019 0.179697708 1.433489872 0.999574637 2.107384786 1.814613633 2.393277071 0.004452034 0.00225 0.085438732 0.25734375 0.164090579 0.001202256 1.081142849 0.074409449 0.042078952 214.326 0.028976568 0.081029048 0.007756006 50457.6 1209.6 13651.2 34560 26265.6 0.85449 54.432
34788 728748 6.078262539 8.129818682 11.49563142 0.013267227 0.170553062 1.441613561 0.981992501 2.125068565 1.838998091 2.44489384 0.004485851 0.00225 0.091440297 0.26898688 0.161800131 0.001192607 1.061839319 0.078781597 0.041741253 216.2916 0.028346031 0.079636386 0.007148603 41385.6 1209.6 13651.2 34560 26265.6 0.87446 271.16208
34789 728749 6.193633694 8.14162402 11.5457653 0.013612603 0.162297275 1.448716745 0.964374946 2.140726517 1.864377217 2.490443169 0.004518018 0.00225 0.097444934 0.279296192 0.159518449 0.001184335 1.042712787 0.083317634 0.041451736 218.2572 0.027744509 0.078272911 0.006606878 25920 1209.6 13651.2 34560 26265.6 0.89402 266.78484
34790 728750 6.307702027 8.153443877 11.59790696 0.013949138 0.155039359 1.454715851 0.946781329 2.154105415 1.890816887 2.529242158 0.004548417 0.00225 0.103428427 0.288104956 0.157248631 0.001177479 1.023723204 0.08801405 0.041211776 220.2228 0.027176561 0.076943892 0.006135549 41385.6 1209.6 13651.2 34560 26265.6 0.91309 235.5958957
34791 728751 6.419920181 8.165234828 11.65222884 0.014274822 0.148888328 1.459527304 0.929271004 2.164952028 1.918382976 2.560607903 0.004576933 0.00225 0.109366562 0.295246447 0.154993778 0.001172079 1.004830517 0.092867336 0.041022748 222.1884 0.026646745 0.075654596 0.005739335 41385.6 1209.6 11232 34560 26265.6 0.93158 261.321984
34792 728752 6.529740799 8.176953449 11.70890335 0.014587644 0.143953193 1.46306753 0.911903327 2.173013131 1.947141363 2.583857504 0.004603446 0.00225 0.115235123 0.300553936 0.152756988 0.001168172 0.985994677 0.097873985 0.040886027 224.154 0.026159621 0.074410291 0.005422954 41385.6 1209.6 11232 34560 26265.6 0.94945 270.32292
34793 728753 6.636616524 8.188556315 11.76810293 0.014885596 0.140342969 1.465252953 0.894737651 2.178035493 1.977157922 2.598308059 0.004627841 0.00225 0.121009897 0.303860696 0.150541362 0.0011658 0.967175633 0.103030487 0.040802986 226.1196 0.02571975 0.073216245 0.005191125 50457.6 1209.6 11232 34560 26265.6 0.9666 254.37888
34794 728754 6.74 8.2 11.83 0.015166667 0.138166667 1.466 0.877833333 2.179765886 2.00849853 2.603276667 0.00465 0.00225 0.126666667 0.305 0.14835 0.001165 0.948333333 0.108333333 0.040775 228.0852 0.02533169 0.072077725 0.005048568 50457.6 1209.6 11232 34560 26265.6 0.98296 197.79228
34795 728755 6.843581844 8.212311355 11.89946081 0.015447495 0.136762274 1.465103582 0.859972284 2.179511123 2.045075006 2.603275215 0.00467103 0.002282217 0.13225839 0.30455564 0.146158341 0.00117653 0.92947334 0.116835628 0.041178555 230.0508 0.025 0.071 0.005 50457.6 1209.6 11232 34560 26265.6 0.99925 148.37256
34796 728756 6.951219808 8.226437245 11.98055733 0.015744784 0.13539566 1.462475094 0.840028239 2.178770809 2.090274872 2.603270872 0.004692082 0.002377507 0.137863993 0.303264381 0.143941571 0.001210035 0.910641677 0.131299334 0.042351237 232.0038 0.024697146 0.069935861 0.005 41385.6 1209.6 11232 34560 26265.6 1.0162 250.1604
34797 728757 7.062617231 8.242214271 12.07227055 0.016056619 0.13406766 1.458205682 0.818198286 2.177580912 2.143377557 2.603263652 0.004713098 0.002533829 0.14349822 0.301188958 0.141702406 0.001263888 0.891858991 0.151284231 0.044236074 233.9694 0.024393003 0.068837426 0.005 33264 1209.6 11232 34560 26265.6 1.0336 253.5624
34798 728758 7.177477455 8.259479032 12.17358145 0.016381086 0.132779112 1.452386492 0.794679517 2.175977399 2.203662493 2.603253571 0.004734025 0.002749141 0.149175814 0.298392103 0.139443564 0.00133646 0.873145925 0.176350097 0.046776093 235.9224 0.024088243 0.06770895 0.005 25920 1209.6 11232 34560 26265.6 1.0515 307.58616
34799 728759 7.295503822 8.278068129 12.28347103 0.016716271 0.131530852 1.445108672 0.769669022 2.173996236 2.27040911 2.603240646 0.004754807 0.003021403 0.154911518 0.294936549 0.137167762 0.001426124 0.854523126 0.206056713 0.049914323 237.8754 0.023783541 0.066554692 0.005 25920 1209.6 11232 34560 26265.6 1.0698 258.806016
34800 728760 7.416399673 8.297818161 12.40092029 0.017060261 0.130323715 1.436463368 0.74336389 2.17167339 2.342896839 2.603224893 0.004775389 0.003348572 0.160720075 0.29088503 0.134877716 0.001531251 0.836011238 0.239963858 0.053593791 239.8158 0.02347957 0.065378908 0.005 25920 1209.6 11232 34560 26265.6 1.0883 0
34801 728761 7.539868348 8.318565728 12.5249102 0.017411141 0.129158538 1.426541727 0.715961212 2.169044827 2.420405111 2.603206326 0.004795716 0.003728609 0.166616228 0.286300279 0.132576145 0.001650215 0.817630907 0.277631311 0.057757525 241.7688 0.023177004 0.064185855 0.005 25920 1209.6 11232 34560 26265.6 1.107 55.13184
34802 728762 7.66561319 8.340147429 12.65442176 0.017766998 0.128036158 1.415434896 0.687658078 2.166146515 2.502213357 2.603184963 0.004815733 0.004159472 0.172614719 0.281245028 0.130265765 0.001781387 0.799402778 0.318618851 0.062348551 243.7092 0.022876516 0.062979789 0.005 25920 1209.6 11232 34560 26265.6 1.1258 252.95004
34803 728763 7.79333754 8.362399866 12.78843596 0.018125918 0.126957411 1.403234021 0.658651577 2.163014419 2.587601006 2.603160818 0.004835384 0.004639119 0.178730293 0.275782012 0.127949293 0.00192314 0.781347496 0.362486259 0.067309898 245.637 0.022578779 0.061764968 0.005 25920 1209.6 11232 34560 26265.6 1.1446 92.78388
34804 728764 7.922744738 8.385159637 12.9259338 0.018485986 0.125923133 1.390030249 0.6291388 2.159684507 2.675847491 2.603133908 0.004854614 0.005165509 0.184977692 0.269973964 0.125629447 0.002073846 0.763485706 0.408793312 0.072584593 247.5648 0.022284468 0.060545648 0.005 25920 1209.6 11232 34560 26265.6 1.1634 225.34848
34805 728765 8.053538127 8.408263342 13.06589626 0.018845289 0.124934161 1.375914727 0.599316837 2.156192744 2.766232241 2.603104249 0.004873369 0.005736601 0.19137166 0.263883616 0.123308944 0.002231876 0.745838054 0.457099791 0.078115664 249.4926 0.021994257 0.059326085 0.005 25920 1209.6 11232 34560 26265.6 1.182 165.49596
34806 728766 8.185421047 8.431547582 13.20730432 0.019201912 0.12399133 1.360978602 0.569382777 2.152575099 2.858034687 2.603071856 0.004891592 0.006350354 0.197926938 0.257573701 0.1209905 0.002395604 0.728425184 0.506965475 0.083846139 251.4078 0.021708817 0.058110538 0.005 25920 1209.6 11232 34560 26265.6 1.2004 58.42368
34807 728767 8.318096839 8.454848956 13.349139 0.019553943 0.123095478 1.34531302 0.539533712 2.148867536 2.95053426 2.603036746 0.004909229 0.007004727 0.204658271 0.251106954 0.118676833 0.002563401 0.711267742 0.557950144 0.089719044 253.3104 0.021428825 0.056903262 0.005 25920 1209.6 11232 34560 26265.6 1.2184 53.13924
34808 728768 8.451268845 8.478004064 13.49038126 0.019899467 0.12224744 1.329009128 0.509966731 2.145106024 3.043010391 2.602998934 0.004926225 0.007697679 0.211580402 0.244546107 0.11637066 0.00273364 0.694386373 0.609613576 0.095677408 255.213 0.021154952 0.055708514 0.005 25920 864 11232 34560 26265.6 1.236 228.75048
34809 728769 8.584640407 8.500849506 13.63001211 0.020236569 0.121448054 1.312158073 0.480878924 2.141326529 3.13474251 2.602958436 0.004942524 0.008427167 0.218708073 0.237953893 0.114074698 0.002904693 0.677801722 0.661515551 0.101664258 257.103 0.020887872 0.054530552 0.005 25920 864 9158.4 34560 26265.6 1.2531 304.7058
34810 728770 8.717914865 8.523221881 13.76701253 0.020563337 0.120698154 1.294851001 0.452467381 2.137565017 3.225010049 2.602915268 0.004958071 0.009191152 0.226056027 0.231393046 0.111791665 0.003074932 0.661534435 0.713215848 0.107622623 258.993 0.020628259 0.053373631 0.005 25920 864 9158.4 34560 26265.6 1.2696 295.08948
34811 728771 8.85079556 8.544957791 13.90036352 0.020877856 0.119998578 1.27717906 0.424929192 2.133857454 3.313092437 2.602869446 0.004972811 0.009987591 0.233639008 0.224926299 0.109524277 0.003242729 0.645605157 0.764274247 0.113495528 260.8704 0.020376787 0.05224201 0.005 25920 864 9158.4 34560 26265.6 1.2854 123.76476
34812 728772 8.982985835 8.565893833 14.02904607 0.021178212 0.119350162 1.259233395 0.398461447 2.130239809 3.398269106 2.602820985 0.004986689 0.010814444 0.241471759 0.218616384 0.107275251 0.003406457 0.630034532 0.814250528 0.119226003 262.7352 0.02013413 0.051139944 0.005 25920 864 5529.6 34560 26265.6 1.3005 60.2154
34813 728773 9.114189029 8.585866609 14.15204116 0.021462491 0.118753742 1.241105154 0.373261237 2.126748046 3.479819485 2.602769902 0.00499965 0.011669669 0.249569023 0.212526036 0.105047305 0.003564488 0.614843206 0.862704469 0.124757074 264.5874 0.01990096 0.05007169 0.005 25920 864 5529.6 34560 26265.6 1.3147 126.6678
34814 728774 9.244108486 8.604712718 14.26832978 0.02172878 0.118210155 1.222885484 0.349525651 2.123418134 3.557023007 2.602716213 0.005011638 0.012551225 0.257945542 0.206717988 0.102843156 0.003715193 0.600051824 0.909195849 0.130031769 266.427 0.019677952 0.049041506 0.005 33264 3628.8 13651.2 34560 26265.6 1.3279 245.12544
34815 728775 9.372447545 8.62226876 14.37689294 0.021975164 0.117720237 1.204665531 0.32745178 2.120286038 3.629159102 2.602659933 0.005022599 0.013457072 0.26661606 0.201254972 0.100665521 0.003856946 0.585681032 0.953284449 0.134993116 268.254 0.019465778 0.048053647 0.005 41385.6 1123.2 11232 34560 26265.6 1.3402 282.04848
34816 728776 9.498909548 8.638371335 14.47671161 0.022199729 0.117284824 1.186536442 0.307236713 2.117387726 3.695507199 2.602601078 0.005032477 0.014385167 0.27559532 0.196199721 0.098517117 0.003988118 0.571751474 0.994530048 0.139584142 270.081 0.019265113 0.047112372 0.005 33264 1123.2 11232 34560 26265.6 1.3513 315.1386
34817 728777 9.623197836 8.652857042 14.56676679 0.022400562 0.116904753 1.168589364 0.28907754 2.114759163 3.755346731 2.602539664 0.005041216 0.015333469 0.284898066 0.19161497 0.096400662 0.004107082 0.558283796 1.032492425 0.143747875 271.8954 0.019076631 0.046221936 0.005 25920 777.6 9158.4 34560 26265.6 1.3612 273.92904
34818 728778 9.745015751 8.665562483 14.64603947 0.022575749 0.116580859 1.150915442 0.273171352 2.112436317 3.807957127 2.602475708 0.005048763 0.016299938 0.294539039 0.187563451 0.094318871 0.00421221 0.545298643 1.066731359 0.147427343 273.6846 0.018901004 0.045386596 0.005 25920 432 7257.6 34560 26265.6 1.3698 257.0847026
34819 728779 9.864066633 8.676324255 14.71351063 0.022723376 0.11631398 1.133605825 0.259715239 2.110455154 3.852617819 2.602409224 0.005055061 0.017282532 0.304532983 0.184107897 0.092274464 0.004301874 0.53281666 1.096806629 0.150565573 275.4738 0.018738907 0.04461061 0.005 25920 604.8 5529.6 34560 26265.6 1.3771 230.202
34820 728780 9.980053825 8.68497896 14.76816128 0.022841528 0.116104952 1.116751659 0.24890629 2.108851641 3.888608237 2.602340228 0.005060056 0.018279209 0.314894642 0.181311042 0.090270155 0.004374446 0.520858492 1.122278016 0.153105593 277.2378 0.018591013 0.043898233 0.005 33264 1123.2 7257.6 34560 26265.6 1.3829 346.82256
34821 728781 10.09268067 8.691363197 14.8089724 0.022928292 0.11595461 1.100444091 0.240941596 2.107661744 3.915207812 2.602268738 0.005063692 0.01928793 0.325638758 0.179235619 0.088308664 0.004428298 0.509444785 1.142705298 0.15499043 278.9892 0.018457995 0.043253724 0.005 33264 1123.2 7257.6 34560 26265.6 1.3871 321.1488
34822 728782 10.2016505 8.695313566 14.83492497 0.022981754 0.115863792 1.084774267 0.236018247 2.10692143 3.931695975 2.602194767 0.005065914 0.020306651 0.336780074 0.17794436 0.086392706 0.004461803 0.498596184 1.157648255 0.156163112 280.7406 0.018340528 0.042681338 0.005 25920 777.6 7257.6 34560 26265.6 1.3897 346.98132
34823 728783 10.30666667 8.696666667 14.845 0.023 0.115833333 1.069833333 0.234333333 2.106666667 3.937352155 2.602118333 0.005066667 0.021333333 0.348333333 0.1775 0.084525 0.004473333 0.488333333 1.166666667 0.156566667 282.4668 0.018239284 0.042185332 0.005 19526.4 777.6 5529.6 34560 26265.6 1.3906 307.17792
34824 728784 10.40854956 8.69575921 14.84676878 0.022969045 0.116175538 1.054945648 0.234488426 2.109514129 3.934230459 2.601238958 0.005065857 0.022524122 0.361773337 0.179522695 0.082653069 0.004471951 0.47832858 1.172371857 0.156518283 284.1678 0.018154938 0.041769964 0.005 19526.4 604.8 5529.6 34560 26265.6 1.3872 325.09512
34825 728785 10.50839169 8.693109438 14.84848208 0.022878655 0.117174774 1.039412404 0.234946037 2.11782872 3.92508327 2.59879027 0.005063453 0.024022449 0.37841715 0.185428964 0.080727133 0.004467914 0.46825556 1.1776835 0.156377003 285.8688 0.018088163 0.04143949 0.005 19526.4 604.8 5529.6 34560 26265.6 1.377 305.79444
34826 728786 10.60630463 8.688826243 14.85014005 0.022732546 0.118789979 1.023290004 0.235694665 2.131268743 3.910237436 2.594823444 0.005059487 0.0258072 0.398042907 0.194976084 0.078753956 0.00446139 0.458136856 1.1826239 0.156148633 287.5446 0.018039633 0.041198167 0.005 19526.4 604.8 5529.6 34560 26265.6 1.3607 240.45336
34827 728787 10.70239991 8.683018522 14.85174287 0.022534432 0.120980087 1.006634847 0.23672281 2.149492503 3.890019807 2.589389656 0.005053994 0.02785726 0.420428746 0.207921331 0.0767403 0.004452542 0.447995048 1.187215363 0.155838978 289.2078 0.01801002 0.041050251 0.005 19526.4 604.8 5529.6 34560 26265.6 1.3385 39.75902609
34828 728788 10.7967891 8.675795169 14.8532907 0.022288028 0.123704034 0.989503336 0.238018972 2.172158304 3.86475723 2.58254008 0.005047009 0.030151515 0.445352803 0.224021982 0.074692927 0.004441538 0.437852717 1.191480193 0.155453845 290.8458 0.018 0.041 0.005 19526.4 604.8 5529.6 34560 26265.6 1.3108 148.87152
34829 728789 10.88958372 8.667265079 14.8547837 0.021997049 0.126920754 0.971951873 0.23957165 2.198924452 3.834776555 2.574325891 0.005038566 0.03266885 0.472593215 0.243035314 0.072618601 0.004428544 0.427732445 1.195440693 0.15499904 292.4712 0.018046857 0.041272926 0.005 19526.4 604.8 5529.6 34560 26265.6 1.2782 63.52668
34830 728790 10.98089535 8.657537146 14.85622203 0.021665208 0.130589185 0.954036858 0.241369344 2.22944925 3.80040463 2.564798265 0.005028699 0.035388151 0.501928119 0.264718604 0.070524083 0.004413725 0.417656813 1.199119169 0.154480368 294.084 0.018183809 0.042064065 0.005 22636.8 777.6 7257.6 34560 26265.6 1.241 63.70812
34831 728791 11.07083551 8.646720266 14.85760588 0.021296221 0.134668261 0.935814694 0.243400552 2.263391003 3.761968304 2.554008376 0.005017444 0.038288303 0.533135651 0.288829127 0.068416136 0.004397247 0.407648401 1.202537926 0.153903637 295.6716 0.018405422 0.043331962 0.005 33264 1123.2 9158.4 34560 26265.6 1.1996 184.75128
34832 728792 11.15951577 8.634923333 14.85893539 0.020893802 0.139116918 0.917341781 0.245653775 2.300408016 3.719794426 2.5420074 0.005004834 0.041348191 0.565993949 0.31512416 0.066301523 0.004379276 0.397729792 1.205719266 0.153274651 297.234 0.018706265 0.045035157 0.005 33264 1123.2 11232 34560 26265.6 1.1545 147.3066
34833 728793 11.24704767 8.622255241 14.86021074 0.020461666 0.143894091 0.898674521 0.248117512 2.340158593 3.674209844 2.528846512 0.004990903 0.044546703 0.600281149 0.343360981 0.064187006 0.004359978 0.387923565 1.208685496 0.152599216 298.7838 0.019080906 0.047132195 0.005 33264 1123.2 11232 34560 26265.6 1.106 313.3242
34834 728794 11.33354276 8.608824886 14.86143209 0.020003528 0.148958715 0.879869316 0.250780262 2.382301038 3.625541406 2.514576887 0.004975687 0.047862722 0.635775387 0.373296865 0.062079347 0.004339518 0.378252302 1.211458919 0.15188314 300.321 0.019523914 0.049581619 0.005 25920 1123.2 11232 34560 26265.6 1.0545 72.50796
34835 728795 11.41911259 8.594741163 14.86259961 0.019523102 0.154269727 0.860982567 0.253630525 2.426493656 3.574115963 2.499249699 0.00495922 0.051275134 0.672254801 0.40468909 0.05998531 0.004318064 0.368738585 1.21406184 0.151132227 301.8204 0.020029856 0.05234197 0.005 25920 777.6 9158.4 34560 26265.6 1.0006 223.10316
34836 728796 11.50386871 8.580112966 14.86371346 0.019024103 0.159786061 0.842070675 0.256656801 2.472394752 3.520260361 2.482916124 0.004941535 0.054762825 0.709497527 0.437294932 0.057911657 0.00429578 0.359404995 1.216516564 0.150352285 303.3072 0.020593301 0.055371793 0.005 25920 777.6 7257.6 34560 26265.6 0.94455 78.54084
34837 728797 11.58792267 8.565049189 14.8647738 0.018510245 0.165466653 0.823190042 0.259847588 2.51966263 3.46430145 2.465627338 0.004922668 0.058304681 0.747281701 0.470871667 0.055865149 0.004272832 0.350274112 1.218845394 0.149549118 304.7688 0.021208818 0.05862963 0.005 25920 1123.2 9158.4 34560 26265.6 0.88681 103.14864
34838 728798 11.67138602 8.549658729 14.86578081 0.017985243 0.171270439 0.80439707 0.263191387 2.567955594 3.406566079 2.447434514 0.004902653 0.061879586 0.785385461 0.505176572 0.053852551 0.004249387 0.341368518 1.221070636 0.148728533 306.2178 0.021870973 0.062074023 0.005 25920 777.6 7257.6 34560 26265.6 0.8278 138.71088
34839 728799 11.7543703 8.534050478 14.86673465 0.017452812 0.177156354 0.785748159 0.266676696 2.616931949 3.347381096 2.428388828 0.004881524 0.065466427 0.823586944 0.539966924 0.051880624 0.00422561 0.332710793 1.223214593 0.147896336 307.6416 0.022574336 0.065663517 0.005 25920 777.6 7257.6 34560 26265.6 0.76793 248.32332
34840 728800 11.83698707 8.518333333 14.86763548 0.016916667 0.183083333 0.767299712 0.270292015 2.66625 3.28707335 2.408541456 0.004859316 0.069044089 0.861664285 0.575 0.04995613 0.004201667 0.32432352 1.225299571 0.147058333 309.0276 0.023313475 0.069356653 0.005 19526.4 777.6 7257.6 34560 26265.6 0.70761 347.52564
34841 728801 11.91934787 8.502616188 14.86848347 0.016380521 0.189010313 0.749108129 0.274025845 2.715568051 3.225969689 2.387943571 0.004836063 0.072591457 0.899395623 0.610033076 0.048085833 0.004177724 0.316229279 1.227347874 0.14622033 310.401 0.024082957 0.073111975 0.005 19526.4 777.6 7257.6 34560 26265.6 0.64726 354.6018
34842 728802 12.00156425 8.487007938 14.86927879 0.01584809 0.194896228 0.731229813 0.277866683 2.764544406 3.164396963 2.36664635 0.004811799 0.076087417 0.936559092 0.644823428 0.046276495 0.004153947 0.308450651 1.229381805 0.145388134 311.7492 0.024877351 0.076888025 0.005 19526.4 777.6 7257.6 34560 26265.6 0.58729 347.3442
34843 728803 12.08374777 8.471617477 14.87002159 0.015323088 0.200700014 0.713721164 0.28180303 2.81283737 3.10268202 2.344700968 0.00478656 0.079510854 0.972932831 0.679128333 0.044534878 0.004130501 0.301010217 1.231423671 0.144567549 313.0722 0.025691226 0.080643347 0.005 19526.4 777.6 7257.6 34560 26265.6 0.52811 329.994
34844 728804 12.16600997 8.456553701 14.87071205 0.014809231 0.206380606 0.696638584 0.285823385 2.860105248 3.041151708 2.322158598 0.004760379 0.082840655 1.008294976 0.712705068 0.042867745 0.004107554 0.293930559 1.233495775 0.143764382 314.37 0.026519149 0.084336483 0.005 19526.4 777.6 7257.6 34560 26265.6 0.47015 347.9112
34845 728805 12.24846239 8.441925504 14.87135034 0.014310231 0.21189694 0.680038475 0.289916248 2.906006344 2.980132876 2.299070417 0.004733291 0.086055704 1.042423663 0.74531091 0.041281858 0.00408527 0.287234258 1.235620421 0.142984439 315.6426 0.027355688 0.087925977 0.005 19526.4 777.6 7257.6 34560 26265.6 0.41381 320.06016
34846 728806 12.3312166 8.42784178 14.87193661 0.013829805 0.217207952 0.663977238 0.294070117 2.950198962 2.919952373 2.2754876 0.00470533 0.089134887 1.07509703 0.776703135 0.039783981 0.004063815 0.280943895 1.237819914 0.142233527 316.89 0.028195413 0.09137037 0.005 19526.4 777.6 7257.6 34560 26265.6 0.35951 280.59696
34847 728807 12.41438414 8.414411425 14.87247103 0.013371667 0.222272576 0.648511275 0.298273494 2.992341407 2.860937047 2.251461321 0.00467653 0.092057089 1.106093212 0.806639019 0.038380875 0.004043356 0.275082051 1.24011656 0.14151745 318.1122 0.02903289 0.094628207 0.005 19526.4 777.6 7257.6 34560 26265.6 0.30766 267.76008
34848 728808 12.49807655 8.401743334 14.87295377 0.012939531 0.227049749 0.633696986 0.302514876 3.032091984 2.803413748 2.227042756 0.004646927 0.094801197 1.135190348 0.83487584 0.037079303 0.004024058 0.269671306 1.242532661 0.140842016 319.2966 0.029862689 0.09765803 0.005 19526.4 777.6 5529.6 34560 26265.6 0.25868 135.92124
34849 728809 12.58240539 8.389946401 14.87338499 0.012537112 0.231498406 0.619590774 0.306782764 3.069108997 2.747709324 2.202283079 0.004616554 0.097346095 1.162166573 0.861170873 0.035886027 0.004006087 0.264734243 1.245090523 0.14021303 320.4684 0.030679377 0.100418381 0.005 19526.4 777.6 7257.6 34560 26265.6 0.21298 68.11099826
34850 728810 12.6674822 8.37912952 14.87376486 0.012168125 0.235577482 0.606249039 0.311065657 3.10305075 2.694150623 2.177233466 0.004585446 0.099670669 1.186800024 0.885281396 0.03480781 0.003989609 0.260293443 1.247812449 0.139636298 321.6024 0.031477522 0.102867805 0.005 22636.8 777.6 5529.6 34560 26265.6 0.17097 233.89884
34851 728811 12.75341854 8.369401588 14.87409354 0.011836285 0.239245912 0.593728184 0.315352054 3.133575548 2.643064494 2.151945092 0.004553638 0.101753804 1.208868838 0.906964686 0.033851415 0.003974789 0.256371485 1.250720746 0.139117627 322.7112 0.032251693 0.104964843 0.005 25920 777.6 5529.6 34560 26265.6 0.13308 188.10792
34852 728812 12.84032595 8.360871497 14.8743712 0.011545305 0.242462633 0.58208461 0.319630455 3.160341696 2.594777786 2.126469132 0.004521163 0.103574387 1.228151151 0.925978018 0.033023605 0.003961795 0.252990953 1.253837716 0.138662821 323.7822 0.032996459 0.106668038 0.005 25920 1123.2 5529.6 34560 26265.6 0.099707 280.37016
34853 728813 12.92831599 8.353648144 14.87459801 0.011298901 0.24518658 0.571374718 0.323889359 3.183007497 2.549617348 2.100856761 0.004488056 0.105111302 1.244425101 0.942078669 0.03233114 0.003950791 0.250174426 1.257185665 0.138277688 324.8406 0.033706386 0.107935935 0.005 22636.8 1123.2 5529.6 34560 26265.6 0.071273 104.30532
34854 728814 13.0175002 8.347840423 14.87477413 0.011100787 0.247376688 0.561654909 0.328117266 3.201231257 2.507910028 2.075159154 0.004454352 0.106343436 1.257468825 0.955023916 0.031780785 0.003941944 0.247944486 1.260786896 0.137968034 325.8612 0.034376044 0.108727074 0.005 25920 1123.2 5529.6 34560 26265.6 0.048191 187.01928
34855 728815 13.10799012 8.343557229 14.87489972 0.010954678 0.248991892 0.552981586 0.332302676 3.21467128 2.469982674 2.049427486 0.004420085 0.107249673 1.267060458 0.964571036 0.031379302 0.003935419 0.246323715 1.264663715 0.137739663 326.844 0.035 0.109 0.005 25920 1123.2 5529.6 34560 26265.6 0.030875 226.07424
34856 728816 13.19989732 8.340907456 14.87497496 0.010864289 0.249991129 0.545411149 0.336434087 3.222985871 2.436162136 2.023712932 0.00438529 0.107808899 1.272978137 0.970477305 0.031133453 0.003931382 0.245334692 1.268838426 0.137598384 327.8016 0.035617019 0.10895005 0.005 33264 1123.2 9158.4 34560 26265.6 0.01974 213.6456
34857 728817 13.29333333 8.34 14.875 0.010833333 0.250333333 0.539 0.3405 3.225833333 2.406775263 1.998066667 0.00435 0.108 1.275 0.9725 0.03105 0.00393 0.245 1.273333333 0.13755 328.7214 0.036266714 0.10880401 0.005 33264 1123.2 7257.6 34560 26265.6 0.0152 280.5516
34858 728818 13.38889559 8.340569337 14.86999917 0.010846306 0.249653012 0.533230668 0.344842244 3.222149896 2.379732723 1.969581318 0.004306446 0.107815866 1.271518051 0.96915965 0.031174396 0.003948053 0.245108102 1.278588112 0.138181846 329.616 0.036944925 0.108567594 0.005 25920 1123.2 7257.6 34560 26265.6 0.014113 115.30512
34859 728819 13.48693658 8.342217418 14.85541258 0.010883857 0.24768366 0.527554188 0.34976922 3.211487313 2.352768843 1.935671448 0.00424775 0.107282848 1.261425765 0.959490214 0.031539111 0.004000949 0.245421029 1.284955777 0.140033202 330.4854 0.037647491 0.108246517 0.005 25920 1123.2 7257.6 34560 26265.6 0.013061 115.23708
34860 728820 13.58720046 8.344854347 14.83186411 0.010943939 0.244532696 0.521979726 0.355219288 3.19442718 2.325945953 1.896871136 0.004175289 0.106430018 1.245253484 0.944019117 0.03213144 0.004086794 0.245921711 1.292328646 0.143037789 331.3044 0.038370253 0.107846494 0.005 25920 1555.2 9158.4 34560 26265.6 0.012046 116.4618
34861 728821 13.68943138 8.348390229 14.79997763 0.011024503 0.240307541 0.516516443 0.361130804 3.171551094 2.299326388 1.853714461 0.004090438 0.105286451 1.223531552 0.923273782 0.032938674 0.004203695 0.246593081 1.300599032 0.147129333 332.0982 0.03910905 0.107373238 0.005 41385.6 1555.2 11232 34560 26265.6 0.011067 243.6966
34862 728822 13.79337348 8.352735169 14.760377 0.011123502 0.235115612 0.511173504 0.367442126 3.143440648 2.272972477 1.806735501 0.003994572 0.103881221 1.19679031 0.897781634 0.033948107 0.004349759 0.24741807 1.309659253 0.152241557 332.8668 0.039859724 0.106832464 0.005 70156.8 2073.6 13651.2 34560 26265.6 0.010126 161.41356
34863 728823 13.89877092 8.357799272 14.71368609 0.011238886 0.22906433 0.505960073 0.374091612 3.110677439 2.246946554 1.756468336 0.003889068 0.1022434 1.1655601 0.868070096 0.035147032 0.004523091 0.248379609 1.319401624 0.158308184 333.585 0.040618113 0.106229887 0.005 41385.6 1555.2 11232 34560 26265.6 0.0092226 303.43572
34864 728824 14.00536785 8.363492641 14.66052877 0.011368609 0.222261114 0.500885313 0.38101762 3.073843062 2.22131095 1.703447044 0.003775301 0.100402063 1.130371265 0.834666591 0.036522742 0.004721798 0.249460628 1.32971846 0.165262938 334.278 0.041380059 0.105571222 0.005 33264 1123.2 11232 34560 26265.6 0.0083578 240.79356
34865 728825 14.11290842 8.369725383 14.6015289 0.011510621 0.214813382 0.495958388 0.388158507 3.033519112 2.196127997 1.648205704 0.003654646 0.098386284 1.091754148 0.798098543 0.038062529 0.004943987 0.25064406 1.340502077 0.173039544 334.9332 0.042141401 0.104862182 0.005 33264 1123.2 9158.4 34560 26265.6 0.007532 265.17456
34866 728826 14.22113678 8.376407601 14.53731037 0.011662874 0.206828554 0.491188461 0.395452632 2.990287186 2.171460028 1.591278395 0.00352848 0.096225137 1.050239091 0.758893377 0.039753687 0.005187764 0.251912836 1.351644791 0.181571724 335.5506 0.042897979 0.104108483 0.005 25920 1123.2 7257.6 34560 26265.6 0.0067459 247.18932
34867 728827 14.32979709 8.383449401 14.46849702 0.01182332 0.198414049 0.486584696 0.402838351 2.944728877 2.147369374 1.533199197 0.003398178 0.093947694 1.006356435 0.717578516 0.041583509 0.005451234 0.253249886 1.363038918 0.190793203 336.1428 0.043645634 0.103315838 0.005 25920 1123.2 9158.4 34560 26265.6 0.006 303.54912
34868 728828 14.43863348 8.390760886 14.39571275 0.01198991 0.189677287 0.482156256 0.410254023 2.897425783 2.123918368 1.474502187 0.003265115 0.09158303 0.960636524 0.674681384 0.043539288 0.005732506 0.254638143 1.374576773 0.200637704 336.6846 0.044380205 0.102489963 0.005 25920 1123.2 9158.4 34560 26265.6 0.0052948 339.88248
34869 728829 14.54739013 8.398252162 14.3195814 0.012160598 0.180725687 0.477912306 0.417638005 2.848959497 2.101169341 1.415721444 0.003130667 0.089160218 0.9136097 0.630729404 0.045608316 0.006029684 0.256060537 1.386150672 0.21103895 337.1886 0.045097532 0.101636571 0.005 25920 777.6 9158.4 34560 26265.6 0.004631 345.48444
34870 728830 14.65581117 8.405833333 14.24072685 0.012333333 0.171666667 0.473862009 0.424928655 2.799911616 2.079184625 1.357391049 0.002996209 0.086708333 0.865806305 0.58625 0.047777887 0.006340876 0.2575 1.397652931 0.221930666 337.6674 0.045793456 0.100761378 0.005 25920 777.6 7257.6 34560 26265.6 0.0040092 93.62304
34871 728831 14.76364075 8.413414505 14.15977297 0.012506069 0.162607647 0.470014528 0.432064331 2.750863735 2.058026553 1.300045079 0.002863119 0.084256448 0.817756682 0.541770596 0.050035294 0.006664188 0.258939463 1.408975865 0.233246576 338.0958 0.046463817 0.099870097 0.005 25920 1123.2 7257.6 34560 26265.6 0.0034298 89.29116
34872 728832 14.87062303 8.420905781 14.07734363 0.012676756 0.153656046 0.466379027 0.43898339 2.70239745 2.037757456 1.244217613 0.00273277 0.081833637 0.769991172 0.497818616 0.052367829 0.006997726 0.260361857 1.42001179 0.244920403 338.4864 0.047104455 0.098968444 0.005 33264 1555.2 9158.4 34560 26265.6 0.0028935 41.91264
34873 728833 14.97650216 8.428217266 13.99406269 0.012843347 0.144919284 0.46296467 0.445624191 2.655094355 2.018439666 1.19044273 0.002606538 0.079468973 0.723040119 0.454921484 0.054762786 0.007339596 0.261750114 1.430653022 0.25688587 338.8392 0.047711209 0.098062132 0.005 41385.6 2073.6 18662.4 34560 26265.6 0.0024009 144.26748
34874 728834 15.08102229 8.435259065 13.91055403 0.013003793 0.136504779 0.45978062 0.451925091 2.609536047 2.000135516 1.13925451 0.0024858 0.07719153 0.677433864 0.413606623 0.057207458 0.007687906 0.263087164 1.440791876 0.269076702 339.1542 0.048279921 0.097156877 0.005 33264 2592 13651.2 34560 26265.6 0.0019524 266.69412
34875 728835 15.18392757 8.441941284 13.82744151 0.013156046 0.128519951 0.456836041 0.457824447 2.56630412 1.982907338 1.09118703 0.002371931 0.075030382 0.633702751 0.374401457 0.059689137 0.008040761 0.26435594 1.450320669 0.281426622 339.4314 0.048806429 0.096258392 0.005 41385.6 2592 11232 34560 26265.6 0.0015487 171.61956
34876 728836 15.28496215 8.448174025 13.745349 0.013298058 0.12107222 0.454140097 0.463260618 2.52598017 1.966817462 1.04677437 0.002266307 0.073014603 0.59237712 0.337833409 0.062195117 0.008396267 0.265539372 1.459131715 0.293869353 339.6582 0.049286575 0.095372392 0.005 33264 1987.2 11232 34560 26265.6 0.0011904 322.98588
34877 728837 15.38387018 8.453867395 13.66490037 0.01342778 0.114269003 0.451701951 0.468171961 2.489145793 1.951928222 1.006550609 0.002170302 0.071173267 0.553987316 0.304429904 0.06471269 0.008752532 0.266620391 1.467117331 0.306338621 339.8598 0.049716197 0.094504593 0.005 33264 1987.2 11232 34560 26265.6 0.00087802 363.3336
34878 728838 15.48039582 8.458931497 13.58671948 0.013543165 0.108217721 0.449530767 0.472496834 2.456382584 1.93830195 0.971049826 0.002085294 0.069535446 0.519063679 0.274718366 0.06722915 0.009107661 0.26758193 1.474169832 0.318768147 340.011 0.050091137 0.093660707 0.005 33264 1382.4 9158.4 34560 26265.6 0.00061212 359.61408
34879 728839 15.57428321 8.463276438 13.51143022 0.013642164 0.103025793 0.447635708 0.476173594 2.428272139 1.926000977 0.940806099 0.002012656 0.068130215 0.488136553 0.249226218 0.069731789 0.009459762 0.268406919 1.480181535 0.331091657 340.1118 0.050407235 0.09284645 0.005 33264 1382.4 9158.4 34560 26265.6 0.00039328 372.2912139
34880 728840 15.66527651 8.46681232 13.43965643 0.013722728 0.098800637 0.446025938 0.4791406 2.405396052 1.915087636 0.916353507 0.001953766 0.066986648 0.46173628 0.228480883 0.0722079 0.009806939 0.269078289 1.485044753 0.343242873 340.1748 0.05066033 0.092067537 0.005 25920 1382.4 9158.4 34560 26265.6 0.00022208 310.42116
34881 728841 15.75311986 8.469449249 13.372022 0.01378281 0.095649674 0.444710621 0.481336209 2.388335919 1.905624258 0.89822613 0.001909998 0.066133819 0.440393201 0.213009786 0.074644778 0.010147301 0.269578971 1.488651805 0.35515552 340.2 0.050846262 0.091329681 0.005 25920 1987.2 9158.4 34560 26265.6 9.91E-05 290.9844
34882 728842 15.83755742 8.47109733 13.30915079 0.013820361 0.093680322 0.443698921 0.482698779 2.377673337 1.897673175 0.886958046 0.001882729 0.0656008 0.424637661 0.20334035 0.077029713 0.010478952 0.269891898 1.490895004 0.366763321 340.1748 0.050960872 0.090638597 0.005 25920 1987.2 9158.4 34560 26265.6 2.49E-05 257.8716
34883 728843 15.91833333 8.471666667 13.25166667 0.013833333 0.093 0.443 0.483166667 2.373989899 1.89129672 0.883083333 0.001873333 0.065416667 0.415 0.2 0.07935 0.0108 0.27 1.491666667 0.378 340.1118 0.051 0.09 0.005 41385.6 1987.2 9158.4 34560 26265.6 0 228.02472
34884 728844 15.99789557 8.471666667 13.19630769 0.013824686 0.093001947 0.442478912 0.482997345 2.374786309 1.885777806 0.885424833 0.001873848 0.065701821 0.408667759 0.20172808 0.081745693 0.011128883 0.269822208 1.491161045 0.389510908 340.011 0.050989958 0.089379779 0.005 33264 1987.2 9158.4 34560 26265.6 0 113.21856
34885 728845 16.07875678 8.471666667 13.13948803 0.013799302 0.093007802 0.441993433 0.482500306 2.377124159 1.880358879 0.892298268 0.001875376 0.066538886 0.402475335 0.206800831 0.08435634 0.011484172 0.269297329 1.489661893 0.401946022 339.8598 0.050960479 0.088741114 0.005 25920 1987.2 7257.6 34560 26265.6 0 330.83316
34886 728846 16.16075812 8.471666667 13.08134568 0.013758017 0.093017583 0.441541811 0.481691934 2.380926376 1.875041568 0.903477041 0.00187789 0.067900267 0.396423359 0.21505102 0.087168474 0.011864171 0.268438108 1.487195778 0.415246 339.6708 0.050912536 0.088085654 0.005 25920 1987.2 7257.6 34560 26265.6 0 314.50356
34887 728847 16.24374077 8.471666667 13.02201867 0.01370167 0.09303131 0.441122295 0.480588615 2.386115888 1.869827504 0.918734555 0.001881364 0.069758368 0.390512461 0.226311413 0.09016863 0.012267186 0.267257289 1.483789269 0.429351504 339.4314 0.050847101 0.087415047 0.005 25920 1987.2 7257.6 34560 26265.6 0 351.81216
34888 728848 16.3275459 8.471666667 12.96164501 0.013631096 0.093049002 0.440733134 0.479206736 2.392615624 1.864718314 0.937844215 0.001885772 0.072085594 0.384743273 0.240414777 0.093343341 0.01269152 0.265767617 1.479468932 0.444203192 339.1668 0.050765144 0.086730942 0.005 25920 1987.2 7257.6 34560 26265.6 0 312.23556
34889 728849 16.41201468 8.471666667 12.90036271 0.013547133 0.093070678 0.440372575 0.477562682 2.400348511 1.859715631 0.960579422 0.001891088 0.074854349 0.379116424 0.257193878 0.09667914 0.013135478 0.263981837 1.474261336 0.459741726 338.8518 0.050667638 0.086034989 0.005 19526.4 1382.4 7257.6 34560 26265.6 0 346.82256
34890 728850 16.49698829 8.471666667 12.83830979 0.013450617 0.093096358 0.440038868 0.47567284 2.409237478 1.854821082 0.98671358 0.001897286 0.078037037 0.373632544 0.276481481 0.100162562 0.013597365 0.261912693 1.468193049 0.475907764 338.499 0.050555556 0.085328836 0.005 19526.4 1382.4 7257.6 34560 26265.6 0 248.02848
34891 728851 16.58230788 8.471666667 12.77562426 0.013342386 0.09312606 0.439730261 0.473553594 2.419205452 1.850036298 1.016020093 0.00190434 0.081606063 0.368292266 0.298110355 0.103780138 0.014075485 0.25957293 1.461290638 0.492641967 338.1084 0.050429867 0.084614133 0.005 19526.4 1382.4 7257.6 34560 26265.6 0 335.00628
34892 728852 16.66781464 8.471666667 12.71244413 0.013223275 0.093159804 0.439445002 0.471221331 2.430175362 1.845362909 1.048272364 0.001912223 0.085533831 0.363096218 0.321913265 0.107518404 0.014568143 0.256975293 1.453580672 0.509884995 337.68 0.050291545 0.083892528 0.005 19526.4 1382.4 9158.4 34560 26265.6 0 316.74888
34893 728853 16.75334973 8.471666667 12.64890742 0.013094122 0.093197609 0.43918134 0.468692438 2.442070135 1.840802543 1.083243796 0.00192091 0.089792746 0.358045031 0.347722978 0.111363893 0.015073643 0.254132527 1.445089718 0.527577507 337.2138 0.050141561 0.08316567 0.005 19526.4 1987.2 9158.4 34560 26265.6 0 226.9134
34894 728854 16.83875433 8.471666667 12.58515214 0.012955764 0.093239495 0.438937524 0.465983299 2.4548127 1.836356832 1.120707792 0.001930373 0.094355213 0.353139337 0.37537226 0.115303138 0.01559029 0.251057376 1.435844345 0.545660165 336.7098 0.049980888 0.082435208 0.005 19526.4 1987.2 9158.4 34560 26265.6 0 358.84296
34895 728855 16.9238696 8.471666667 12.52131631 0.012809038 0.09328548 0.438711803 0.463110301 2.468325985 1.832027403 1.160437755 0.001940588 0.099193635 0.348379764 0.404693878 0.119322672 0.016116389 0.247762585 1.42587112 0.564073627 336.168 0.049810496 0.081702791 0.005 19526.4 1987.2 9158.4 34560 26265.6 0 104.14656
34896 728856 17.00853672 8.471666667 12.45753794 0.01265478 0.093335584 0.438502423 0.46008983 2.482532917 1.827815888 1.202207089 0.001951528 0.104280417 0.343766945 0.435520597 0.12340903 0.016650244 0.244260899 1.415196611 0.582758553 335.5884 0.049631357 0.080970068 0.005 25920 1987.2 9158.4 34560 26265.6 0 284.4072
34897 728857 17.09259686 8.471666667 12.39395505 0.012493827 0.093389826 0.438307636 0.456938272 2.497356425 1.823723916 1.245789198 0.001963167 0.109587963 0.339301509 0.467685185 0.127548745 0.01719016 0.240565062 1.403847385 0.601655604 334.971 0.049444444 0.080238688 0.005 19526.4 1987.2 9158.4 34560 26265.6 0 335.93616
34898 728858 17.17589119 8.471666667 12.33070564 0.012327017 0.093448225 0.438125687 0.453672012 2.512719437 1.819753116 1.290957483 0.001975479 0.115088678 0.334984086 0.501020408 0.131728351 0.017734441 0.236687819 1.391850012 0.62070544 334.3158 0.049250729 0.079510301 0.005 19526.4 1987.2 9158.4 34560 26265.6 0 334.73412
34899 728859 17.25826087 8.471666667 12.26792774 0.012155185 0.0935108 0.437954828 0.450307436 2.528544881 1.815905117 1.337485349 0.001988437 0.120754967 0.330815308 0.535359033 0.135934381 0.018281392 0.232641915 1.379231059 0.63984872 333.6354 0.049051182 0.078786553 0.005 19526.4 1987.2 9158.4 34560 26265.6 0 326.16108
34900 728860 17.33954709 8.471666667 12.20575935 0.011979169 0.093577571 0.437793305 0.446860931 2.544755684 1.812181551 1.385146199 0.002002016 0.126559234 0.326795805 0.570533825 0.140153368 0.018829317 0.228440095 1.366017093 0.659026104 332.9172 0.048846777 0.078069096 0.005 19526.4 1987.2 9158.4 34560 26265.6 0 312.71184
34901 728861 17.41959101 8.471666667 12.14433849 0.011799806 0.093648557 0.437639367 0.443348882 2.561274775 1.808584046 1.433713435 0.002016189 0.132473882 0.322926206 0.606377551 0.144371847 0.019376522 0.224095102 1.352234682 0.678178253 332.1612 0.048638484 0.077359577 0.005 19526.4 1987.2 9158.4 34560 26265.6 0 156.0384
34902 728862 17.4982338 8.471666667 12.08380318 0.011617932 0.093723778 0.437491263 0.439787676 2.578025083 1.805114233 1.482960462 0.00203093 0.138471318 0.319207144 0.642722978 0.148576351 0.019921309 0.219619683 1.337910395 0.697245826 331.3674 0.048427276 0.076659647 0.005 19526.4 1987.2 9158.4 34560 26265.6 0 215.61876
34903 728863 17.57531663 8.471666667 12.02429142 0.011434384 0.093803251 0.437347242 0.436193698 2.594929534 1.80177374 1.532660683 0.002046213 0.144523944 0.315639248 0.679402872 0.152753413 0.020461985 0.215026581 1.3230708 0.716169483 330.5484 0.048214124 0.075970952 0.005 19526.4 1987.2 7257.6 34560 26265.6 0 344.89476
34904 728864 17.65068068 8.471666667 11.96594124 0.01125 0.093886997 0.437205551 0.432583333 2.611911057 1.798564197 1.5825875 0.002062012 0.150604167 0.312223148 0.71625 0.156889566 0.020996854 0.210328542 1.307742463 0.734889885 329.6916 0.048 0.075295143 0.005 19526.4 1987.2 7257.6 34560 26265.6 0 329.63112
34905 728865 17.72416712 8.471666667 11.90889064 0.011065616 0.093975035 0.437064441 0.428972969 2.62889258 1.795487234 1.632514317 0.0020783 0.156684389 0.308959475 0.753097128 0.160971346 0.02152422 0.20553831 1.291951954 0.753347691 328.8096 0.047785876 0.074633869 0.005 19526.4 1382.4 7257.6 34560 26265.6 0 303.5718
34906 728866 17.79561711 8.471666667 11.85327765 0.010882068 0.094067384 0.436922158 0.425378991 2.645797031 1.792544482 1.682214538 0.002095053 0.162737015 0.305848861 0.789777022 0.164985285 0.022042387 0.200668629 1.275725839 0.77148356 327.8898 0.047572724 0.073988778 0.005 19526.4 1382.4 7257.6 34560 26265.6 0 115.12368
34907 728867 17.86487183 8.471666667 11.79924026 0.010700194 0.094164063 0.436776952 0.421817784 2.662547338 1.789737568 1.731461565 0.002112242 0.168734451 0.302891934 0.826122449 0.168917916 0.022549662 0.195732245 1.259090687 0.789238154 326.9322 0.047361516 0.07336152 0.005 13824 1382.4 7257.6 34560 26265.6 0 92.96532
34908 728868 17.93177244 8.471666667 11.74691651 0.010520831 0.094265091 0.436627071 0.418305736 2.67906643 1.787068124 1.780028801 0.002129843 0.1746491 0.300089326 0.861966175 0.172755773 0.023044347 0.190741903 1.242073067 0.806552132 325.962 0.047153223 0.072753743 0.005 13824 1382.4 7257.6 34560 26265.6 0 336.48048
34909 728869 17.99616013 8.471666667 11.6964444 0.010344815 0.094370489 0.436470763 0.41485923 2.695277233 1.784537779 1.827689651 0.00214783 0.180453366 0.297441666 0.897140967 0.176485391 0.023524747 0.185710346 1.224699544 0.823366154 324.9414 0.046948818 0.072167096 0.005 33264 1987.2 7257.6 34560 26265.6 0 302.778
34910 728870 18.05787606 8.471666667 11.64796194 0.010172983 0.094480274 0.436306278 0.411494655 2.711102677 1.782148162 1.874217517 0.002166175 0.186119655 0.294949587 0.931479592 0.180093302 0.023989168 0.180650319 1.206996689 0.839620879 323.9082 0.046749271 0.071603228 0.005 25920 1382.4 7257.6 34560 26265.6 0 261.1602
34911 728871 18.11676139 8.471666667 11.60160715 0.010006173 0.094594466 0.436131863 0.408228395 2.726465688 1.779900903 1.919385802 0.002184853 0.19162037 0.292613717 0.964814815 0.183566039 0.024435913 0.175574568 1.188991067 0.855256969 322.8372 0.046555556 0.071063789 0.005 25920 1382.4 7257.6 34560 26265.6 0 241.74612
34912 728872 18.17265731 8.471666667 11.55751805 0.00984522 0.094713084 0.435945768 0.405076837 2.741289196 1.777797632 1.962967911 0.002203838 0.196927917 0.290434688 0.996979403 0.186890138 0.024863288 0.170495837 1.170709248 0.870215082 321.7284 0.046368643 0.070550426 0.005 19526.4 1382.4 7257.6 34560 26265.6 0 288.35352
34913 728873 18.22540498 8.471666667 11.51583265 0.009690962 0.094836148 0.435746241 0.402056365 2.755496129 1.775839978 2.004737245 0.002223104 0.202014699 0.28841313 1.027806122 0.19005213 0.025269597 0.165426871 1.152177799 0.884435879 320.607 0.046189504 0.07006479 0.005 25920 1382.4 7257.6 34560 26265.6 0 279.57636
34914 728874 18.27484558 8.471666667 11.47668896 0.009544236 0.094963677 0.43553153 0.399183368 2.769009413 1.774029572 2.044467208 0.002242624 0.206853121 0.286549674 1.05712774 0.19303855 0.025653143 0.160380414 1.133423289 0.89786002 319.4478 0.046019112 0.069608529 0.005 22636.8 1382.4 7257.6 34560 26265.6 0 324.0972
34915 728875 18.32082027 8.471666667 11.44022499 0.009405878 0.09509569 0.435299883 0.396474229 2.781751978 1.772368042 2.081931204 0.002262373 0.211415587 0.284844949 1.084777022 0.195835932 0.026012233 0.155369212 1.114472284 0.910428165 318.2634 0.045858439 0.069183291 0.005 19526.4 1382.4 7257.6 34560 26265.6 0 313.4376
34916 728876 18.36317023 8.471666667 11.40657876 0.009276725 0.095232206 0.43504955 0.393945335 2.793646752 1.770857019 2.116902636 0.002282323 0.215674502 0.283299587 1.110586735 0.198430808 0.026345171 0.150406008 1.095351353 0.922080973 317.0538 0.045708455 0.068790727 0.005 19526.4 1382.4 7257.6 34560 26265.6 0 215.73216
34917 728877 18.40173662 8.471666667 11.37588829 0.009157614 0.095373244 0.43477878 0.391613073 2.804616662 1.769498132 2.149154907 0.00230245 0.21960227 0.281914218 1.134389645 0.200809712 0.02665026 0.145503548 1.076087064 0.932759104 315.819 0.045570133 0.068432484 0.005 19526.4 1382.4 7257.6 34560 26265.6 0 269.2116
34918 728878 18.43636062 8.471666667 11.34829159 0.009049383 0.095518825 0.434485819 0.389493827 2.814584636 1.76829301 2.17846142 0.002322727 0.223171296 0.280689472 1.156018519 0.202959179 0.026925806 0.140674576 1.056705984 0.942403219 314.5464 0.045444444 0.068110212 0.005 19526.4 1382.4 7257.6 34560 26265.6 0 158.14764
34919 728879 18.4668834 8.471666667 11.32392667 0.008952867 0.095668966 0.434168918 0.387603984 2.823473603 1.767243284 2.204595578 0.002343127 0.226353984 0.27962598 1.175306122 0.204865741 0.027170114 0.135931837 1.037234682 0.950953978 313.2612 0.045332362 0.067825559 0.005 19526.4 1382.4 9158.4 34560 26265.6 0 268.37244
34920 728880 18.49314613 8.471666667 11.30293154 0.008868904 0.095823687 0.433826324 0.385959931 2.83120649 1.766350584 2.227330785 0.002363626 0.229122739 0.278724372 1.192085223 0.206515932 0.027381487 0.131288076 1.017699726 0.95835204 311.9508 0.045234856 0.067580176 0.005 25920 1987.2 9158.4 34560 26265.6 0 326.22912
34921 728881 18.51498998 8.471666667 11.28544422 0.00879833 0.095983007 0.433456286 0.384578051 2.837706225 1.765616538 2.246440445 0.002384195 0.231449965 0.27798528 1.206188587 0.207896286 0.02755823 0.126756037 0.998127682 0.964538066 310.6026 0.045152899 0.06737571 0.005 25920 1987.2 9158.4 34560 26265.6 0 316.70352
34922 728882 18.53225612 8.471666667 11.27160273 0.008741983 0.096146946 0.433057053 0.383474733 2.842895738 1.765042776 2.261697959 0.00240481 0.233308066 0.277409332 1.21744898 0.208993336 0.027698649 0.122348465 0.97854512 0.969452714 309.2418 0.045087464 0.06721381 0.005 25920 1382.4 9158.4 34560 26265.6 0 323.37144
34923 728883 18.54478572 8.471666667 11.26154507 0.008700698 0.096315523 0.432626873 0.382666361 2.846697955 1.764630929 2.272876732 0.002425445 0.234669447 0.276997161 1.225699169 0.209793616 0.027801047 0.118078105 0.958978607 0.973036646 307.8558 0.045039521 0.067096126 0.005 25920 1382.4 9158.4 34560 26265.6 0 313.7778
34924 728884 18.55241996 8.471666667 11.25540927 0.008675314 0.096488757 0.432163995 0.382169321 2.849035804 1.764382626 2.279750167 0.002446072 0.235506513 0.276749395 1.23077192 0.21028366 0.027863729 0.113957702 0.939454711 0.975230522 306.4446 0.045010042 0.067024306 0.005 19526.4 1382.4 9158.4 34560 26265.6 0 164.45268
34925 728885 18.555 8.471666667 11.25333333 0.008666667 0.096666667 0.431666667 0.382 2.849832215 1.764299496 2.282091667 0.002466667 0.235791667 0.276666667 1.2325 0.21045 0.027885 0.11 0.92 0.975975 305.0208 0.045 0.067 0.005 19526.4 1382.4 9158.4 34560 26265.6 0 197.79228
34926 728886 18.54892692 8.471909469 11.25337414 0.008685053 0.097110074 0.431043036 0.382407897 2.848334937 1.765592181 2.281317787 0.002488685 0.235143006 0.27930014 1.23055248 0.210392008 0.027798326 0.10598864 0.89871313 0.972941401 303.5592 0.045253183 0.067248119 0.005 19526.4 1382.4 9158.4 34560 26265.6 4.68E-06 195.615
34927 728887 18.5312216 8.472614189 11.25349619 0.00873856 0.098053801 0.430207893 0.383603284 2.84398918 1.769344122 2.279040704 0.002513459 0.233256802 0.286943635 1.224866165 0.210223688 0.027546759 0.101719099 0.87389185 0.964136565 302.085 0.045983796 0.06796412 0.005 19526.4 1382.4 9158.4 34560 26265.6 1.83E-05 144.38088
34928 728888 18.50265491 8.473745293 11.25369891 0.008824706 0.099458866 0.429169453 0.385543701 2.837014056 1.775366145 2.275327249 0.002540775 0.23022272 0.299211765 1.215675426 0.209953528 0.027142984 0.097221874 0.845861366 0.950004432 300.5856 0.047148438 0.069105469 0.005 19526.4 1382.4 9158.4 34560 26265.6 4.01E-05 130.5234
34929 728889 18.46399771 8.47526725 11.25398174 0.008941013 0.101286287 0.427935932 0.388186693 2.827628681 1.783469076 2.270244253 0.00257042 0.226130427 0.315719145 1.203214632 0.209590015 0.026599684 0.092527463 0.814946882 0.930988946 299.061 0.048703704 0.07062963 0.005 19526.4 864 9158.4 34560 26265.6 6.94E-05 79.7202
34930 728890 18.41602088 8.477144527 11.25434412 0.009085001 0.103497084 0.426515545 0.391489799 2.816052167 1.793463742 2.263858549 0.00260218 0.221069588 0.336080388 1.187718152 0.209141634 0.025929544 0.087666364 0.781473603 0.907534045 297.5238 0.050606192 0.072494068 0.005 25920 2073.6 9158.4 34560 26265.6 0.00010562 198.74484
34931 728891 18.35949528 8.479341594 11.25478548 0.00925419 0.106052274 0.424916508 0.395410564 2.80250363 1.80516097 2.256236969 0.002635841 0.215129868 0.359910107 1.169420357 0.208616873 0.025145248 0.082669075 0.745766736 0.880083673 295.974 0.0528125 0.07465625 0.005 33264 1641.6 9158.4 34560 26265.6 0.00014799 180.1926
34932 728892 18.29519179 8.481822917 11.25530525 0.0094461 0.108912877 0.423147034 0.399906528 2.787202181 1.818371585 2.247446345 0.00267119 0.208400935 0.386822917 1.148555615 0.208024219 0.024259479 0.077566093 0.708151486 0.849081771 294.3864 0.055279225 0.07707364 0.005 50457.6 1641.6 9158.4 34560 26265.6 0.00019583 227.52576
34933 728893 18.22388127 8.484552964 11.25590286 0.009658252 0.112039911 0.421215341 0.404935234 2.770366936 1.832906415 2.237553508 0.002708012 0.200972455 0.416433431 1.125358297 0.207372157 0.023284922 0.072387917 0.668953058 0.814972279 292.7988 0.057962963 0.079703704 0.005 70156.8 1641.6 11232 34560 26265.6 0.00024847 223.87428
34934 728894 18.14633459 8.487496204 11.25657777 0.009888166 0.115394396 0.419129642 0.410454224 2.752217008 1.848576286 2.226625291 0.002746095 0.192934092 0.448356262 1.100062772 0.206669176 0.022234261 0.067165043 0.628496656 0.778199139 291.1734 0.060820313 0.082503906 0.005 41385.6 2073.6 11232 34560 26265.6 0.00030523 118.7298
34935 728895 18.06332261 8.490617104 11.25732939 0.010133363 0.118937349 0.416898153 0.41642104 2.732971511 1.865192025 2.214728525 0.002785225 0.184375513 0.482206025 1.072903409 0.205923761 0.02112018 0.06192797 0.587107488 0.739206293 289.548 0.06380787 0.085431713 0.005 25920 2073.6 11232 34560 26265.6 0.0003654 223.48872
34936 728896 17.97561622 8.493880132 11.25815716 0.010391362 0.12262979 0.41452909 0.422793224 2.712849558 1.882564457 2.201930042 0.002825188 0.175386384 0.517597334 1.044114578 0.205144399 0.019955362 0.056707195 0.545110757 0.698437681 287.8974 0.066882234 0.088444589 0.005 25920 2073.6 13651.2 34560 26265.6 0.00042832 180.57816
34937 728897 17.88398628 8.497249757 11.25906053 0.010659684 0.126432737 0.412030667 0.429528319 2.692070264 1.90050441 2.188296675 0.00286577 0.166056371 0.554144801 1.013930649 0.204339577 0.018752493 0.051533216 0.50283167 0.656337245 286.2342 0.07 0.0915 0.005 22636.8 2073.6 13651.2 34560 26265.6 0.00049329 16.76052
34938 728898 17.78920365 8.500690446 11.26003892 0.010935849 0.130307209 0.4094111 0.436583866 2.670852743 1.91882271 2.173895255 0.002906758 0.156475139 0.591463041 0.982585991 0.203517782 0.017524255 0.046436532 0.460595431 0.613348926 284.5458 0.073117766 0.094555411 0.005 25920 2592 26956.8 34560 26265.6 0.00055964 202.80456
34939 728899 17.69203922 8.504166667 11.26109176 0.011217378 0.134214224 0.406678605 0.443917408 2.649416107 1.937330183 2.158792614 0.002947938 0.146732356 0.629166667 0.950314975 0.2026875 0.016283333 0.041447639 0.418727247 0.569916667 282.8448 0.07619213 0.097568287 0.005 41385.6 3715.2 18662.4 34560 26265.6 0.00062667 271.88784
34940 728900 17.59326383 8.507642888 11.26221851 0.011501791 0.138114802 0.403841395 0.451486486 2.627979472 1.955837656 2.143055585 0.002989097 0.136917686 0.666870293 0.917351968 0.201857218 0.015042412 0.036597035 0.377552322 0.526484407 281.1312 0.079179688 0.100496094 0.005 50457.6 2592 18662.4 34560 26265.6 0.0006937 226.1196
34941 728901 17.49364837 8.511083576 11.26341857 0.011786608 0.141969961 0.400907687 0.459248643 2.60676195 1.974155956 2.126750998 0.00303002 0.127120796 0.704188533 0.883931342 0.201035423 0.013814174 0.031915218 0.337395861 0.483496088 279.405 0.082037037 0.103296296 0.005 33264 1641.6 18662.4 34560 26265.6 0.00076004 89.05548522
34942 728902 17.39396371 8.514453201 11.26469141 0.01206935 0.145740719 0.397885696 0.467161421 2.585982656 1.992095909 2.109945686 0.003070495 0.117431351 0.740736 0.850287465 0.200230601 0.012611304 0.027432687 0.298583071 0.441395653 277.6536 0.084720775 0.10592636 0.005 25920 1641.6 18662.4 34560 26265.6 0.00082501 224.48664
34943 728903 17.29498071 8.517716229 11.26603644 0.012347536 0.149388096 0.394783638 0.475182362 2.565860704 2.009468341 2.092706481 0.003110307 0.107939018 0.776127308 0.816654708 0.199451239 0.011446487 0.023179938 0.261439156 0.400627041 275.9022 0.0871875 0.10834375 0.005 25920 1641.6 13651.2 34560 26265.6 0.00088793 112.40208
34944 728904 17.19747024 8.520837129 11.2674531 0.012618688 0.152873111 0.391609726 0.483269008 2.546615207 2.02608408 2.075100215 0.003149244 0.098733463 0.809977071 0.783267439 0.198705824 0.010332406 0.019187469 0.226289322 0.361634194 274.1256 0.089393808 0.110505932 0.005 25920 1641.6 13651.2 34560 26265.6 0.00094811 260.5757538
34945 728905 17.10220317 8.523780369 11.26894083 0.012880324 0.156156781 0.388372177 0.491378901 2.528465279 2.041753951 2.057193719 0.003187091 0.089904351 0.841899903 0.750360029 0.198002843 0.009281744 0.015485779 0.193458774 0.324861054 272.3364 0.091296296 0.11237037 0.005 25920 1641.6 13651.2 34560 26265.6 0.0010049 284.78016
34946 728906 17.00995037 8.526510417 11.27049907 0.013129967 0.159200126 0.385079206 0.499469584 2.511630034 2.056288781 2.039053827 0.003223634 0.081541348 0.871510417 0.718166846 0.197350781 0.008307188 0.012105364 0.163272718 0.290751563 270.5346 0.092851563 0.113894531 0.005 41385.6 1641.6 13651.2 34560 26265.6 0.0010575 249.3666
34947 728907 16.92148271 8.52899174 11.27212724 0.013365136 0.161964164 0.381739028 0.507498598 2.496328585 2.069499396 2.020747368 0.00325866 0.073734121 0.898423226 0.686922262 0.196758127 0.007421419 0.009076724 0.136056358 0.25974966 268.7328 0.094016204 0.11503588 0.005 33264 1641.6 13651.2 34560 26265.6 0.0011053 125.0314621
34948 728908 16.83757106 8.531188806 11.27382479 0.013583351 0.164409914 0.378359858 0.515423485 2.482780047 2.081196624 2.002341177 0.003291956 0.066572335 0.922252946 0.656860644 0.196233366 0.006637123 0.006430354 0.1121349 0.232299288 266.9058 0.094746817 0.115751881 0.005 25920 1641.6 13651.2 34560 26265.6 0.0011477 38.94156
34949 728909 16.75898628 8.533066084 11.27559114 0.013782133 0.166498395 0.374949912 0.523201788 2.471203534 2.09119129 1.983902083 0.003323308 0.060145656 0.942614189 0.628216363 0.195784985 0.005966983 0.004196754 0.091833551 0.208844388 265.0788 0.095 0.116 0.005 25920 1641.6 13651.2 34560 26265.6 0.0011839 174.02364
34950 728910 16.68649925 8.534588041 11.27742574 0.013959002 0.168190625 0.371517404 0.530791049 2.461818158 2.099294221 1.96549692 0.003352502 0.054543751 0.959121568 0.601223789 0.195421472 0.005423683 0.002406421 0.075477514 0.189828901 263.2392 0.094895008 0.115995632 0.005010042 70156.8 5529.6 26956.8 34560 26265.6 0.0012133 235.7586
34951 728911 16.62088084 8.535719145 11.27932801 0.014111478 0.169447624 0.368070551 0.53814881 2.454843035 2.105316244 1.94719252 0.003379324 0.049856285 0.971389699 0.576117291 0.195151312 0.005019908 0.001089852 0.063391995 0.175696769 261.3744 0.09458668 0.115982511 0.005039521 70156.8 3715.2 11145.6 34560 26265.6 0.0012351 249.72948
34952 728912 16.56290191 8.536423864 11.2812974 0.014237082 0.170230409 0.364617566 0.545232613 2.450497278 2.109068185 1.929055714 0.003403562 0.046172923 0.979033194 0.553131238 0.194982992 0.004768341 0.000277546 0.0559022 0.166891932 259.5222 0.094084988 0.115960614 0.005087464 61084.8 2592 8899.2 34560 26265.6 0.0012487 220.42692
34953 728913 16.51333333 8.536666667 11.28333333 0.014333333 0.1705 0.361166667 0.552 2.449 2.11036087 1.911153333 0.003425 0.043583333 0.981666667 0.5325 0.194925 0.004681667 0 0.053333333 0.163858333 257.6448 0.093399906 0.115929915 0.005152899 50457.6 1641.6 6912 34560 26265.6 0.0012533 58.08348
34954 728914 16.46971353 8.536515573 11.28954721 0.014413678 0.170394074 0.357568581 0.558655775 2.449987012 2.109788216 1.891888027 0.003444337 0.041598839 0.980546937 0.512854478 0.194968981 0.004708325 0.000978604 0.054139424 0.16479137 255.7674 0.092541404 0.11589039 0.005234856 33264 1641.6 6912 34560 26265.6 0.0012492 41.14152
34955 728915 16.42892016 8.53606985 11.30367086 0.014493127 0.170085926 0.353679768 0.565427604 2.452858321 2.108109703 1.869781385 0.003462473 0.039670964 0.977284213 0.492723213 0.19509988 0.004786364 0.003862704 0.056504495 0.167522728 253.8774 0.091519455 0.115842016 0.005332362 25920 1641.6 3628.8 34560 26265.6 0.0012374 115.75872
34956 728916 16.39073297 8.535340836 11.32513438 0.014571554 0.16959 0.349517035 0.57230732 2.457479333 2.105384503 1.845078651 0.003479495 0.037799676 0.972023188 0.472187032 0.195316133 0.00491288 0.008574736 0.060348741 0.171950783 251.9748 0.090344032 0.115784766 0.005444444 41385.6 1641.6 3628.8 34560 26265.6 0.0012182 155.63016
34957 728917 16.35493171 8.534339867 11.35336786 0.014648828 0.168920741 0.345097192 0.579286755 2.463715457 2.101671791 1.818025072 0.003495495 0.035984941 0.964908558 0.451326765 0.195616174 0.005084969 0.015037134 0.065592357 0.177973906 250.0722 0.089025106 0.115718617 0.005570133 50457.6 1641.6 6912 34560 26265.6 0.0011924 187.4502
34958 728918 16.32129612 8.533078281 11.38780138 0.014724823 0.168092593 0.340437047 0.586357745 2.471432099 2.097030739 1.788865892 0.003510561 0.034226726 0.956085018 0.43022324 0.195998439 0.005299728 0.023172333 0.072155541 0.185490473 248.157 0.087572651 0.115643545 0.005708455 41385.6 2592 11145.6 34560 26265.6 0.0011605 192.64392
34959 728919 16.28960594 8.531567415 11.42786504 0.01479941 0.16712 0.335553408 0.593512121 2.480494667 2.091520522 1.757846356 0.003524782 0.032524995 0.945697262 0.408957285 0.196461362 0.005554253 0.032902766 0.079958486 0.194398856 246.2418 0.085996638 0.115559524 0.005858439 41385.6 2073.6 6912 34560 26265.6 0.001123 18.8244
34960 728920 16.25964092 8.529818608 11.47298892 0.01487246 0.166017407 0.330463083 0.600741717 2.490768568 2.085200312 1.725211711 0.003538249 0.030879717 0.933889986 0.38760973 0.197003378 0.005845641 0.044150869 0.088921389 0.20459743 244.314 0.08430704 0.115466531 0.006019112 33264 1641.6 5097.6 34560 26265.6 0.0010805 131.7727722
34961 728921 16.2311808 8.527843196 11.52260311 0.014943845 0.164799259 0.325182882 0.608038367 2.50211921 2.078129283 1.6912072 0.003551049 0.029290857 0.920807884 0.366261403 0.197622923 0.006170988 0.056839076 0.098964446 0.215984568 242.3862 0.082513829 0.115364542 0.006189504 33264 2592 8899.2 34560 26265.6 0.0010335 196.34076
34962 728922 16.20400532 8.525652516 11.57613771 0.015013437 0.16348 0.319729613 0.615393905 2.514412 2.070366609 1.656078069 0.003563273 0.027758382 0.906595651 0.344993132 0.198318431 0.00652739 0.070889821 0.110007853 0.228458644 240.4584 0.080626977 0.11525353 0.006368643 80179.2 3110.4 16070.4 34560 26265.6 0.00098261 122.0184
34963 728923 16.17789423 8.523257906 11.6330228 0.015081107 0.162074074 0.314120084 0.622800162 2.527512346 2.061971462 1.620069564 0.003575009 0.026282258 0.891397983 0.323885747 0.199088338 0.006911944 0.086225539 0.121971804 0.241918032 238.518 0.078656457 0.115133473 0.006555556 70156.8 2592 8899.2 34560 26265.6 0.0009284 112.7196
34964 728924 16.15262728 8.520670704 11.69268848 0.015146727 0.160595926 0.308371103 0.630248974 2.541285654 2.053003016 1.583426929 0.003586348 0.024862451 0.875359574 0.303020075 0.199931078 0.007321746 0.102768665 0.134776496 0.256261104 236.5776 0.076612241 0.115004346 0.006749271 61084.8 2073.6 6912 34560 26265.6 0.00087139 130.90896
34965 728925 16.1279842 8.517902246 11.75456483 0.015210169 0.15906 0.30249948 0.637732173 2.555597333 2.043520445 1.546395409 0.003597378 0.023498928 0.85862512 0.282476946 0.200845086 0.007753892 0.120441632 0.148342125 0.271386236 234.6372 0.0745043 0.114866124 0.006948818 41385.6 1641.6 6912 34560 26265.6 0.00081216 212.82912
34966 728926 16.10374475 8.514963871 11.81808195 0.015271305 0.157480741 0.296522022 0.645241592 2.57031279 2.033582922 1.509220251 0.00360819 0.022191654 0.841339314 0.262337188 0.201828797 0.00820548 0.139166876 0.162588886 0.2871918 232.6842 0.072342609 0.114718782 0.007153223 33264 1641.6 6912 34560 26265.6 0.00075126 181.41732
34967 728927 16.07968866 8.511866915 11.88266991 0.015330005 0.155872593 0.290455538 0.652769065 2.585297432 2.02324962 1.472146698 0.003618871 0.020940598 0.823646852 0.242681629 0.202880647 0.008673605 0.158866831 0.177436974 0.30357617 230.7312 0.070137137 0.114562297 0.007361516 25920 1209.6 6912 34560 26265.6 0.00068924 179.76168
34968 728928 16.05559568 8.508622717 11.94775882 0.015386142 0.15425 0.284316837 0.660306425 2.600416667 2.012579712 1.435419997 0.003629511 0.019745724 0.80569243 0.223591099 0.20399907 0.009155363 0.179463931 0.192806586 0.32043772 228.7782 0.067897859 0.114396644 0.007572724 25920 864 6912 34560 26265.6 0.00062667 15.26364
34969 728929 16.03124555 8.505242612 12.01277877 0.015439588 0.152627407 0.278122728 0.667845506 2.615535901 2.001632373 1.399285391 0.003640201 0.018606999 0.787620741 0.205146425 0.205182502 0.009647852 0.200880611 0.208617917 0.337674824 226.8252 0.065634746 0.114221798 0.007785876 22636.8 864 6912 34560 26265.6 0.00056409 190.69344
34970 728930 16.00641802 8.50173794 12.07715983 0.015490213 0.151019259 0.271890017 0.675378141 2.630520543 1.990466775 1.363988128 0.003651028 0.017524389 0.769576482 0.187428438 0.206429376 0.010148167 0.223039306 0.224791164 0.355185855 224.8722 0.063357771 0.114037736 0.008 19526.4 864 6912 34560 26265.6 0.00050208 113.967
34971 728931 15.98089283 8.498120036 12.14033211 0.015537891 0.14944 0.265635515 0.682896164 2.645236 1.979142091 1.329773451 0.003662083 0.016497862 0.751704346 0.170517964 0.207738129 0.010653405 0.245862449 0.241246521 0.372869187 222.9192 0.061076906 0.113844432 0.008214124 33264 1209.6 6912 34560 26265.6 0.00044117 111.04128
34972 728932 15.95444973 8.494400239 12.20172569 0.015582491 0.147904074 0.259376029 0.690391407 2.659547679 1.967717496 1.296886606 0.003673455 0.015527382 0.734149029 0.154495833 0.209107195 0.011160663 0.269272475 0.257904184 0.390623194 220.9662 0.058802123 0.113641862 0.008427276 25920 1209.6 5097.6 34560 26265.6 0.00038194 183.29976
34973 728933 15.92686845 8.490589886 12.26077066 0.015623887 0.146425926 0.253128368 0.697855705 2.673320988 1.956252163 1.265572837 0.003685233 0.014612918 0.717055226 0.139442873 0.210535009 0.011667036 0.29319182 0.274684349 0.408346249 219.0006 0.056543394 0.113430002 0.008638484 22636.8 1209.6 5097.6 34560 26265.6 0.00032494 177.8112
34974 728934 15.89792875 8.486700315 12.31689711 0.015661949 0.14502 0.246909341 0.70528089 2.686421333 1.944805264 1.236077392 0.003697506 0.013754434 0.700567631 0.125439914 0.212020007 0.012169621 0.317542916 0.291507212 0.425936726 217.0476 0.054310692 0.113208827 0.008846777 19526.4 1209.6 5097.6 34560 26265.6 0.00027072 141.99948
34975 728935 15.86741037 8.482742862 12.36953514 0.01569655 0.143700741 0.240735755 0.712658796 2.698714123 1.933435974 1.208645513 0.003710364 0.012951897 0.68483094 0.112567783 0.213560622 0.012665514 0.3422482 0.308292968 0.443292998 215.0946 0.052113989 0.112978312 0.009051182 19526.4 1209.6 6912 34560 26265.6 0.00021984 92.421
34976 728936 15.83509305 8.478728865 12.41811482 0.01572756 0.142482593 0.23462442 0.719981256 2.710064765 1.922203466 1.183522447 0.003723896 0.012205274 0.669989847 0.100907309 0.215155291 0.013151813 0.367230105 0.324961814 0.46031344 213.1416 0.049963258 0.112738434 0.009250729 19526.4 1209.6 6912 34560 26265.6 0.00017287 183.141
34977 728937 15.80075653 8.474669662 12.46206626 0.015754852 0.14138 0.228592144 0.727240104 2.720338667 1.911166913 1.160953439 0.003738192 0.011514531 0.656189048 0.090539321 0.216802448 0.013625612 0.392411066 0.341433944 0.476896425 211.2012 0.04786847 0.112489168 0.009444444 19526.4 1209.6 6912 34560 26265.6 0.00013035 164.47536
34978 728938 15.76418056 8.470576589 12.50081954 0.015778298 0.140407407 0.222655736 0.734427172 2.729401235 1.900385488 1.141183734 0.00375334 0.010879634 0.643573238 0.081544648 0.218500528 0.014084009 0.417713517 0.357629555 0.492940327 209.2482 0.045839598 0.11223049 0.009631357 19526.4 1209.6 6912 34560 26265.6 9.28E-05 164.90628
34979 728939 15.72514489 8.466460985 12.53380474 0.015797768 0.139579259 0.216832003 0.741534296 2.737117877 1.889918365 1.124458577 0.003769431 0.01030055 0.63228711 0.074004118 0.220247966 0.014524101 0.443059892 0.373468842 0.50834352 207.3078 0.043886614 0.111962374 0.009810496 19526.4 1209.6 5097.6 34560 26265.6 6.09E-05 135.67176
34980 728940 15.68342925 8.462334187 12.56045197 0.015813136 0.13891 0.211137754 0.748553307 2.743354 1.879824718 1.111023213 0.003786553 0.009777245 0.622475361 0.067998559 0.222043198 0.014942982 0.468372627 0.388872001 0.523004376 205.3674 0.04201949 0.111684797 0.009980888 16588.8 864 5097.6 34560 26265.6 3.51E-05 155.53944
34981 728941 15.63881339 8.458207532 12.58019131 0.015824271 0.138414074 0.205589799 0.755476039 2.747975012 1.870163719 1.101122888 0.003804795 0.009309685 0.614282685 0.063608801 0.223884657 0.015337751 0.493574156 0.403759228 0.53682127 203.4396 0.0402482 0.111397734 0.010141561 13824 864 5097.6 34560 26265.6 1.60E-05 155.2446
34982 728942 15.59107706 8.454092357 12.59245284 0.015831046 0.138105926 0.200204945 0.762294325 2.750846321 1.860994542 1.095002846 0.003824248 0.008897837 0.607853778 0.060915672 0.225770779 0.015705502 0.518586913 0.418050718 0.549692576 201.5118 0.038582714 0.111101161 0.010291545 13824 864 5097.6 34560 26265.6 4.08E-06 166.74336
34983 728943 15.54 8.45 12.59666667 0.015833333 0.138 0.195 0.769 2.751833333 1.852376361 1.092908333 0.003845 0.008541667 0.603333333 0.06 0.2277 0.016043333 0.543333333 0.431666667 0.561516667 199.584 0.037033006 0.110795052 0.010429867 13824 864 5097.6 34560 26265.6 0 121.95036
34984 728944 15.48060285 8.445661779 12.59520659 0.015832132 0.138024294 0.189781222 0.775787164 2.750880102 1.844060049 1.095381795 0.003869308 0.008218005 0.59993235 0.060027686 0.230485235 0.016370479 0.569851025 0.444979708 0.57296678 197.6688 0.035609047 0.110479385 0.010555556 13824 864 5097.6 34560 26265.6 8.21E-05 149.07564
34985 728945 15.40848042 8.440821699 12.59089714 0.015828622 0.138096622 0.184357826 0.782837073 2.748082604 1.835757165 1.102610066 0.003899123 0.007903629 0.5967567 0.060109888 0.234873425 0.016707347 0.600052102 0.458410961 0.58475715 195.7536 0.034320811 0.110154134 0.010667638 13824 864 5097.6 34560 26265.6 0.0003266 35.10864
34986 728946 15.32427373 8.435510132 12.58384447 0.015822943 0.138216154 0.178751061 0.790122295 2.743534136 1.827467909 1.114304975 0.003934073 0.007598426 0.59379339 0.060245321 0.240764046 0.01705279 0.633670752 0.471953354 0.596847646 193.851 0.033178268 0.109819275 0.010765144 13824 864 5097.6 34560 26265.6 0.00073081 110.92788
34987 728947 15.22862379 8.429757449 12.57415474 0.015815234 0.138382061 0.172982175 0.797615396 2.737327992 1.819192484 1.130178354 0.003973788 0.007302283 0.591029429 0.060432701 0.24805657 0.017405661 0.670441165 0.485599814 0.609198137 191.9484 0.032191393 0.109474783 0.010847101 13824 864 5097.6 34560 26265.6 0.001292 58.1742
34988 728948 15.12217162 8.42359402 12.56193412 0.015805637 0.138593513 0.167072418 0.805288944 2.729557468 1.810931089 1.149942031 0.004017897 0.007015088 0.588451821 0.060670744 0.256650473 0.017764814 0.710097529 0.499343267 0.621768492 190.0584 0.031370156 0.109120634 0.010912536 13824 864 5097.6 34560 26265.6 0.0020076 159.327
34989 728949 15.00555823 8.417050216 12.54728875 0.01579429 0.13884968 0.161043037 0.813115503 2.72031586 1.802683926 1.173307837 0.004066029 0.006736727 0.586047576 0.060958166 0.266445229 0.018129102 0.752374034 0.513176641 0.63451858 188.1684 0.03072453 0.108756803 0.010960479 13824 864 5097.6 34560 26265.6 0.0028748 121.0011779
34990 728950 14.87942464 8.410156408 12.53032481 0.015781333 0.139149733 0.154915281 0.821067642 2.709696462 1.794451195 1.1999876 0.004117813 0.006467087 0.583803699 0.061293681 0.277340311 0.018497379 0.797004868 0.527092862 0.64740827 186.3036 0.030264487 0.108383267 0.010989958 13824 864 5097.6 34560 26265.6 0.003891 157.67136
34991 728951 14.74441187 8.402942966 12.51114845 0.015766908 0.139492842 0.148710398 0.829117927 2.69779257 1.786233098 1.229693151 0.004172879 0.006206056 0.581707198 0.061676007 0.289235193 0.018868498 0.843724221 0.541084858 0.660397432 184.4388 0.03 0.108 0.011 13824 864 3628.8 34560 26265.6 0.0050534 44.793
34992 728952 14.60116091 8.395440261 12.48986583 0.015751153 0.139878176 0.142449637 0.837238924 2.68469748 1.778029835 1.26213632 0.004230855 0.005953522 0.579745079 0.062103858 0.30202935 0.019241312 0.892266281 0.555145555 0.673445934 182.574 0.029838631 0.107331781 0.010960479 13824 864 5097.6 34560 26265.6 0.0063594 71.53272
34993 728953 14.4503128 8.387678665 12.46658311 0.015734208 0.140304907 0.136154246 0.8454032 2.670504486 1.769841608 1.297028936 0.004291371 0.00570937 0.577904351 0.06257595 0.315622256 0.019614676 0.942365238 0.56926788 0.686513646 180.7344 0.029681542 0.106141347 0.010847101 13824 864 5097.6 34560 26265.6 0.0078063 145.74168
34994 728954 14.29250854 8.379688547 12.44140645 0.015716214 0.140772205 0.129845475 0.853583322 2.655306885 1.761668617 1.334082829 0.004354056 0.005473488 0.576172019 0.063090999 0.329913385 0.019987441 0.99375528 0.583444761 0.699560437 178.8948 0.029529099 0.104485615 0.010667638 13824 864 5097.6 34560 26265.6 0.0093914 139.2552
34995 728955 14.12838915 8.371500279 12.41444201 0.01569731 0.141279239 0.12354457 0.861751857 2.639197971 1.753511063 1.373009828 0.004418538 0.005245764 0.57453509 0.06364772 0.344802211 0.020358462 1.046170597 0.597669125 0.712546175 177.0804 0.029381672 0.1024215 0.010429867 13824 864 5097.6 34560 26265.6 0.011112 88.5654
34996 728956 13.95859564 8.363144231 12.38579595 0.015677637 0.14182518 0.117272782 0.869881371 2.622271039 1.745369147 1.413521764 0.004484448 0.005026084 0.572980573 0.06424483 0.360188208 0.020726592 1.099345377 0.611933897 0.72543073 175.266 0.02923963 0.100005916 0.010141561 13824 864 5097.6 34560 26265.6 0.012965 88.32829091
34997 728957 13.78376903 8.354650775 12.35557443 0.015657333 0.142409199 0.111051357 0.877944431 2.604619386 1.73724307 1.455330467 0.004551415 0.004814336 0.571495473 0.064881044 0.37597085 0.021090685 1.15301381 0.626232006 0.738173971 173.4642 0.02910334 0.097295781 0.009810496 13824 864 5097.6 34560 26265.6 0.014949 99.20521532
34998 728958 13.60455034 8.34605028 12.32388361 0.01563654 0.143030466 0.104901546 0.885913603 2.586336307 1.729133033 1.498147765 0.004619067 0.004610407 0.570066799 0.065555077 0.392049611 0.021449593 1.206910084 0.640556378 0.750735767 171.675 0.028973173 0.094348008 0.009444444 13824 864 5097.6 34560 26265.6 0.01706 77.42952
34999 728959 13.42158056 8.337373117 12.29082965 0.015615397 0.14368815 0.098844596 0.893761454 2.567515096 1.721039237 1.541685489 0.004687034 0.004414184 0.568681556 0.066265645 0.408323966 0.021802171 1.260768389 0.654899941 0.763075987 169.8984 0.028849495 0.091219515 0.009051182 13824 864 5097.6 34560 26265.6 0.019296 121.04316
35000 728960 13.23550073 8.328649658 12.25651871 0.015594045 0.144381422 0.092901755 0.901460551 2.548249049 1.712961883 1.585655468 0.004754945 0.004225554 0.567326752 0.067011465 0.424693388 0.022147271 1.314322913 0.669255621 0.775154501 168.1344 0.028732676 0.087967215 0.008638484 13824 864 5097.6 34560 26265.6 0.021653 26.55828
35001 728961 13.04695186 8.319910274 12.22105694 0.015572622 0.145109453 0.087094273 0.908983461 2.528631462 1.704901172 1.629769532 0.004822428 0.004044404 0.565989394 0.067791251 0.441057351 0.022483748 1.367307846 0.683616345 0.786931177 166.3956 0.028623085 0.084648025 0.008214124 16588.8 864 5097.6 34560 26265.6 0.024131 42.34356
35002 728962 12.85657495 8.311185334 12.18455052 0.015551269 0.145871413 0.081443397 0.91630275 2.50875563 1.696857305 1.673739511 0.004889114 0.003870622 0.564656489 0.068603719 0.457315331 0.022810454 1.419457376 0.69797504 0.798365884 164.6568 0.028521089 0.08131886 0.007785876 19526.4 864 5097.6 34560 26265.6 0.026724 66.02838261
35003 728963 12.66501103 8.302505209 12.14710559 0.015530126 0.146666471 0.075970377 0.923390984 2.488714849 1.688830482 1.717277235 0.004954632 0.003704094 0.563315043 0.069447585 0.4733668 0.023126243 1.470505692 0.712324634 0.809418492 162.9432 0.028427058 0.078036636 0.007361516 19526.4 864 5097.6 34560 26265.6 0.029432 43.93116
35004 728964 12.4729011 8.293900271 12.10882832 0.015509333 0.147493799 0.07069646 0.930220731 2.468602413 1.680820904 1.760094533 0.00501861 0.003544708 0.561952065 0.070321565 0.489111233 0.023429968 1.520186984 0.726658052 0.820048869 161.2422 0.02834136 0.074858267 0.006948818 19526.4 864 5097.6 34560 26265.6 0.032251 96.48072
35005 728965 12.28088619 8.28540089 12.06982486 0.01548903 0.148352566 0.065642896 0.936764558 2.448511618 1.672828773 1.801903236 0.005080678 0.003392351 0.560554561 0.071224375 0.504448104 0.023720482 1.568235441 0.740968223 0.830216886 159.5538 0.028264364 0.071840671 0.006555556 22636.8 864 5097.6 34560 26265.6 0.035179 127.09872
35006 728966 12.0896073 8.277037437 12.03020139 0.015469357 0.149241943 0.060830932 0.94299503 2.428535759 1.66485429 1.842415172 0.005140465 0.00324691 0.559109538 0.072154729 0.519276887 0.02399664 1.614385251 0.755248073 0.83988241 157.878 0.028196438 0.069040761 0.006189504 19526.4 864 5097.6 34560 26265.6 0.038213 132.29244
35007 728967 11.89970546 8.268840283 11.99006405 0.015450453 0.1501611 0.056281818 0.948884714 2.408768132 1.656897654 1.881342171 0.005197599 0.003108273 0.557604002 0.073111344 0.533497057 0.024257295 1.658370603 0.769490529 0.849005311 156.2274 0.028137951 0.066515454 0.005858439 19526.4 864 5097.6 34560 26265.6 0.04135 82.64398979
35008 728968 11.71182167 8.260839798 11.949519 0.015432459 0.151109207 0.052016801 0.954406178 2.389302032 1.648959068 1.918396064 0.005251712 0.002976325 0.556024962 0.074092935 0.547008086 0.024501299 1.699925687 0.783688519 0.857545458 154.5894 0.028089272 0.064321665 0.005570133 19526.4 864 5097.6 34560 26265.6 0.044587 139.0679694
35009 728969 11.52659695 8.253066353 11.90867241 0.015415514 0.152085434 0.04805713 0.959531987 2.370230755 1.641038732 1.95328868 0.00530243 0.002850956 0.554359424 0.075098219 0.55970945 0.024727506 1.738784691 0.797834968 0.865462721 152.9766 0.028050768 0.06251631 0.005332362 13824 864 5097.6 34560 26265.6 0.047922 20.70684
35010 728970 11.34467232 8.24555032 11.86763044 0.015399759 0.153088953 0.044424053 0.964234709 2.351647595 1.633136848 1.985731849 0.005349384 0.002732051 0.552594395 0.07612591 0.571500623 0.024934771 1.774681805 0.811922804 0.872716968 151.3764 0.028022809 0.061156304 0.005152899 13824 864 5097.6 34560 26265.6 0.051353 95.43744
35011 728971 11.16668878 8.238322067 11.82649925 0.015385333 0.154118932 0.04113882 0.96848691 2.333645848 1.625253615 2.0154374 0.005392203 0.002619498 0.550716882 0.077174725 0.582281078 0.025121945 1.807351217 0.825944955 0.879268068 149.7888 0.028005764 0.060298562 0.005039521 13824 864 5097.6 34560 26265.6 0.054876 16.443
35012 728972 10.99328736 8.231411968 11.78538498 0.015372377 0.155174543 0.038222678 0.972261157 2.31631881 1.617389235 2.042117163 0.005430516 0.002513184 0.548713892 0.078243378 0.591950289 0.025287883 1.836527117 0.839894346 0.88507589 148.2264 0.028 0.06 0.005 13824 864 5097.6 34560 26265.6 0.058489 11.52144
35013 728973 10.82510906 8.224850391 11.74439382 0.01536103 0.156254955 0.035696877 0.975530017 2.299759776 1.609543909 2.065482969 0.005463952 0.002412996 0.546572433 0.079330587 0.600407732 0.025431437 1.861943692 0.853763905 0.890100304 146.6892 0.028 0.060045898 0.005 16588.8 864 5097.6 34560 26265.6 0.062188 33.31692
35014 728974 10.66279491 8.218667709 11.70363191 0.015351432 0.15735934 0.033582664 0.978266055 2.284062041 1.601717838 2.085246646 0.005492141 0.002318821 0.544279511 0.080435066 0.607552879 0.025551462 1.883335134 0.86754656 0.894301179 145.1646 0.028 0.060179688 0.005 19526.4 864 5097.6 34560 26265.6 0.065973 21.546
35015 728975 10.50698591 8.212894291 11.66320541 0.015343724 0.158486866 0.031901288 0.980441839 2.269318901 1.593911223 2.101120025 0.00551471 0.002230547 0.541822132 0.081555531 0.613285206 0.025646811 1.90043563 0.881235236 0.897638383 143.6652 0.028 0.060395508 0.005 19526.4 864 3628.8 34560 26265.6 0.069839 14.15232
35016 728976 10.35832308 8.207560509 11.62322049 0.015338045 0.159636705 0.030673997 0.982029936 2.25562365 1.586124264 2.112814934 0.005531291 0.002148061 0.539187305 0.082690698 0.617504185 0.025716337 1.912979369 0.894822861 0.900071787 142.1784 0.028 0.0606875 0.005 19526.4 864 3628.8 34560 26265.6 0.073784 47.061
35017 728977 10.21744744 8.202696732 11.5837833 0.015334534 0.160808026 0.029922041 0.983002912 2.243069585 1.578357163 2.120043205 0.005541511 0.00207125 0.536362037 0.083839282 0.620109292 0.025758893 1.92070054 0.908302363 0.901561258 140.7294 0.028 0.061049805 0.005 19526.4 864 3628.8 34560 26265.6 0.077805 16.19352
35018 728978 10.085 8.198333333 11.545 0.015333333 0.162 0.029666667 0.983333333 2.23175 1.570610121 2.122516667 0.005545 0.002 0.533333333 0.085 0.621 0.025773333 1.923333333 0.921666667 0.902066667 139.2804 0.028 0.061476563 0.005 19526.4 864 3628.8 34560 26265.6 0.0819 21.11508
35019 728979 9.955739188 8.194255447 11.50478728 0.015334715 0.163619736 0.030262556 0.98330176 2.221021689 1.562740755 2.120720483 0.005544233 0.001931839 0.529809651 0.086244877 0.620801887 0.025755512 1.922832107 0.934765604 0.901442933 137.8692 0.028 0.061961914 0.005 19526.4 864 3628.8 34560 26265.6 0.087627 32.90868
35020 728980 9.824132382 8.190228085 11.46110867 0.015338784 0.166051667 0.032022052 0.983208747 2.210188101 1.554617891 2.115429025 0.005541971 0.001864385 0.525530826 0.087645095 0.620218258 0.025702933 1.92135552 0.947469338 0.899602645 136.4832 0.028 0.0625 0.005 50457.6 1641.6 11145.6 34560 26265.6 0.096457 24.869376
35021 728981 9.690384015 8.186251435 11.41414059 0.015345429 0.169260949 0.034902899 0.983056853 2.199262514 1.546258538 2.106787927 0.005538274 0.001797668 0.520530933 0.089198101 0.619265174 0.025616919 1.918944213 0.959801296 0.896592173 135.1098 0.028 0.063084961 0.005 70156.8 1209.6 6912 34560 26265.6 0.10826 110.97324
35022 728982 9.554698521 8.182325685 11.36405948 0.015354539 0.173212741 0.038862842 0.98284864 2.188258209 1.537679706 2.094942826 0.005533199 0.001731714 0.514844051 0.090901342 0.617958701 0.025498797 1.915638827 0.971784907 0.892457887 133.7742 0.028 0.063710938 0.005 61084.8 1209.6 6912 34560 26265.6 0.1229 107.52588
35023 728983 9.417280331 8.178451022 11.31104177 0.015366 0.177872197 0.043859625 0.982586667 2.177188463 1.528898405 2.08003936 0.005526805 0.00166655 0.508504255 0.092752265 0.6163149 0.02534989 1.91148 0.983443596 0.887246156 132.4512 0.028 0.06437207 0.005 41385.6 1209.6 5097.6 34560 26265.6 0.14024 123.78744
35024 728984 9.278333879 8.174627632 11.25526388 0.015379701 0.183204477 0.049850992 0.982273493 2.166066558 1.519931645 2.062223164 0.005519152 0.001602205 0.501545623 0.094748317 0.614349835 0.025171524 1.906508373 0.994800792 0.88100335 131.1534 0.028 0.0650625 0.005 25920 1209.6 5097.6 34560 26265.6 0.16016 93.2148
35025 728985 9.138063598 8.170855703 11.19690225 0.015395531 0.189174735 0.056794687 0.98191168 2.154905772 1.510796436 2.041639875 0.005510297 0.001538706 0.49400223 0.096886946 0.61207957 0.024965024 1.900764587 1.005879921 0.873775839 129.8934 0.028 0.065776367 0.005 25920 1209.6 5097.6 34560 26265.6 0.18251 95.3694
35026 728986 8.996673919 8.167135422 11.1361333 0.015413376 0.195748129 0.064648455 0.981503787 2.143719383 1.501509787 2.018435129 0.0055003 0.00147608 0.485908153 0.099165598 0.609520166 0.024731714 1.89428928 1.016704412 0.865609993 128.646 0.028 0.066507813 0.005 25920 1209.6 5097.6 34560 26265.6 0.20718 76.7718
35027 728987 8.854369277 8.163466976 11.07313346 0.015433125 0.202889817 0.073370039 0.981052373 2.132520672 1.492088709 1.992754563 0.005489219 0.001414356 0.47729747 0.10158172 0.606687689 0.02447292 1.887123093 1.027297692 0.856552182 127.4364 0.028 0.067250977 0.005 25920 1209.6 5097.6 34560 26265.6 0.23401 34.45092
35028 728988 8.711354104 8.159850552 11.00807917 0.015454667 0.210564954 0.082917185 0.98056 2.121322918 1.482550212 1.964743813 0.005477114 0.001353561 0.468204255 0.104132761 0.6035982 0.024189965 1.879306667 1.037683188 0.846648776 126.2394 0.028 0.068 0.005 25920 1209.6 5097.6 34560 26265.6 0.26289 28.0098
35029 728989 8.567832832 8.156286337 10.94114686 0.015477888 0.218738698 0.093247635 0.980029227 2.1101394 1.472911305 1.934548516 0.005464042 0.001293721 0.458662587 0.106816166 0.600267763 0.023884176 1.87088064 1.047884327 0.835946144 125.0802 0.028 0.068749023 0.005 25920 1209.6 5097.6 34560 26265.6 0.29368 39.16836
35030 728990 8.424009894 8.152774519 10.87251294 0.015502677 0.227376205 0.104319135 0.979462613 2.098983397 1.463188998 1.902314309 0.005450063 0.001234866 0.448706542 0.109629383 0.596712442 0.023556876 1.861885653 1.057924537 0.824490656 123.9462 0.028 0.069492188 0.005 25920 1209.6 5097.6 34560 26265.6 0.32624 26.649
35031 728991 8.280089724 8.149315285 10.80235387 0.015528923 0.236442633 0.116089429 0.97886272 2.087868189 1.453400302 1.868186827 0.005435235 0.001177022 0.438370196 0.112569859 0.592948298 0.023209391 1.852362347 1.067827245 0.812328683 122.84118 0.028 0.070223633 0.005 25920 1209.6 5097.6 34560 26265.6 0.36045 15.12756
35032 728992 8.136276753 8.145908821 10.73084605 0.015556512 0.245903138 0.12851626 0.978232107 2.076807054 1.443562226 1.832311708 0.005419617 0.001120218 0.427687626 0.115635042 0.588991397 0.022843046 1.84235136 1.077615879 0.799506593 121.76388 0.028 0.0709375 0.005 25920 1209.6 5097.6 34560 26265.6 0.39617 22.08045913
35033 728993 7.992775416 8.142555315 10.65816593 0.015585333 0.255722877 0.141557374 0.977573333 2.065813272 1.433691779 1.794834587 0.005403268 0.00106448 0.416692908 0.118822378 0.5848578 0.022459164 1.831893333 1.087313866 0.786070757 120.71682 0.028 0.07162793 0.005 25920 1209.6 5097.6 34560 26265.6 0.43326 58.26492
35034 728994 7.849790144 8.139254953 10.58448992 0.015615275 0.265867007 0.155170514 0.97688896 2.054900123 1.423805973 1.755901101 0.005386246 0.001009836 0.405420119 0.122129314 0.580563571 0.022059073 1.821028907 1.096944634 0.772067545 119.7 0.028 0.072289063 0.005 25920 1209.6 5097.6 34560 26265.6 0.4716 10.90908
35035 728995 7.70752537 8.136007924 10.50999448 0.015646224 0.276300685 0.169313424 0.976181547 2.044080885 1.413921817 1.715656887 0.005368611 0.000956314 0.393903336 0.125553299 0.576124774 0.021644095 1.80979872 1.106531609 0.757543326 118.70586 0.028 0.072915039 0.005 25920 1209.6 5097.6 34560 26265.6 0.51105 23.79132
35036 728996 7.566185527 8.132814414 10.43485601 0.015678069 0.286989067 0.183943849 0.975453653 2.033368838 1.40405632 1.674247581 0.00535042 0.000903942 0.382176635 0.129091778 0.57155747 0.021215556 1.798243413 1.11609822 0.74254447 117.72558 0.028 0.0735 0.005 25920 1209.6 5097.6 34560 26265.6 0.55148 21.52332
35037 728997 7.425975049 8.129674611 10.35925095 0.015710699 0.297897311 0.199019533 0.97470784 2.022777261 1.394226493 1.63181882 0.005331733 0.000852746 0.370274094 0.132742199 0.566877725 0.020774781 1.786403627 1.125667893 0.727117347 116.75916 0.028 0.074038086 0.005 25920 1209.6 5097.6 34560 26265.6 0.59276 12.29256
35038 728998 7.287098366 8.126588701 10.28335574 0.015744 0.308990573 0.21449822 0.973946667 2.012319433 1.384449345 1.58851624 0.005312609 0.000802756 0.358229787 0.136502009 0.5621016 0.020323095 1.77432 1.135264056 0.711308328 115.8066 0.028 0.074523438 0.005 25920 1209.6 5097.6 34560 26265.6 0.63475 7.4844
35039 728999 7.149759914 8.123556871 10.20734679 0.015777861 0.320234011 0.230337655 0.973172693 2.002008634 1.374741887 1.544485478 0.005293105 0.000753997 0.346077793 0.140368655 0.557245159 0.019861822 1.762033173 1.144910136 0.695163781 114.8679 0.028 0.074950195 0.005 25920 1209.6 6912 34560 26265.6 0.67732 11.63484
35040 729000 7.014164124 8.120579309 10.13140055 0.015812171 0.33159278 0.246495581 0.97238848 1.991858143 1.365121128 1.499872169 0.005273281 0.000706498 0.333852187 0.144339584 0.552324466 0.019392288 1.749583787 1.154629562 0.678730077 113.94306 0.028 0.0753125 0.005 25920 1209.6 6912 34560 26265.6 0.72034 15.01416
35041 729001 6.880515428 8.117656202 10.05569344 0.015846816 0.343032039 0.262929743 0.971596587 1.981881239 1.355604078 1.454821951 0.005253196 0.000660287 0.321587047 0.148412244 0.547355582 0.018915817 1.73701248 1.164445759 0.662053585 113.02956 0.028 0.075604492 0.005 25920 1209.6 5097.6 34560 26265.6 0.76368 17.1234
35042 729002 6.749018261 8.114787737 9.980401882 0.015881685 0.354516943 0.279597886 0.970799573 1.972091201 1.346207748 1.409480461 0.005232908 0.00061539 0.309316448 0.152584082 0.542354573 0.018433734 1.724359893 1.174382156 0.645180676 112.1274 0.028 0.075820313 0.005 25920 1209.6 5097.6 34560 26265.6 0.8072 22.18104
35043 729003 6.619877054 8.111974101 9.905702318 0.015916667 0.36601265 0.296457752 0.97 1.962501309 1.336949146 1.363993333 0.005212476 0.000571836 0.297074468 0.156852544 0.5373375 0.017947363 1.711666667 1.18446218 0.628157719 111.23784 0.028 0.075954102 0.005 25920 1209.6 5097.6 34560 26265.6 0.85077 21.40992
35044 729004 6.493296241 8.109215481 9.831771173 0.015951648 0.377484317 0.313467087 0.969200427 1.953124842 1.327845283 1.318506206 0.005191959 0.000529653 0.284895183 0.161215078 0.532320427 0.017458031 1.69897344 1.194709259 0.611031083 110.35962 0.028 0.076 0.005 25920 1209.6 5097.6 34560 26265.6 0.89426 10.56888
35045 729005 6.369480254 8.106512064 9.758784877 0.015986517 0.3888971 0.330583635 0.968403413 1.943975079 1.31891317 1.273164715 0.005171416 0.000488867 0.27281267 0.165669132 0.527319418 0.016967061 1.686320853 1.205146819 0.59384714 109.49274 0.028076674 0.075839682 0.005 33264 1209.6 5097.6 34560 26265.6 0.93753 6.32772
35046 729006 6.248633526 8.103864038 9.68691986 0.016021163 0.400216156 0.34776514 0.96761152 1.9350653 1.310169815 1.228114497 0.005150904 0.000449506 0.260861004 0.170212151 0.522350534 0.016475779 1.673749547 1.215798288 0.576652258 108.63594 0.028299479 0.075373816 0.005 33264 1209.6 5097.6 34560 26265.6 0.98045 8.30088
35047 729007 6.130960489 8.10127159 9.616352551 0.016055472 0.411406642 0.364969346 0.966827307 1.926408783 1.301632228 1.183501189 0.005130484 0.000411598 0.249074264 0.174841584 0.517429841 0.015985509 1.66130016 1.226687094 0.559492808 107.78796 0.028657592 0.074625036 0.005 33264 1209.6 5097.6 34560 26265.6 1.0229 24.67584
35048 729008 6.016665578 8.098734906 9.54725938 0.016089333 0.422433716 0.382153997 0.966053333 1.918018808 1.29331742 1.139470427 0.005110213 0.00037517 0.237486525 0.179554876 0.5125734 0.015497576 1.649013333 1.237836664 0.542415159 106.95006 0.029140186 0.073615974 0.005 33264 1209.6 5097.6 34560 26265.6 1.0647 14.19768
35049 729009 5.905953223 8.096254174 9.479816777 0.016122635 0.433262533 0.399276838 0.96529216 1.909908655 1.285242401 1.096167847 0.00509015 0.000340251 0.226131864 0.184349477 0.507797275 0.015013305 1.636929707 1.249270425 0.525465681 106.12224 0.029736439 0.072369265 0.005 33264 1209.6 5097.6 34560 26265.6 1.1058 18.91512
35050 729010 5.799027859 8.093829582 9.414201171 0.016155264 0.44385825 0.416295613 0.964546347 1.902091602 1.27742418 1.053739085 0.005070355 0.000306867 0.215044357 0.189222832 0.50311753 0.014534021 1.62508992 1.261011804 0.508690744 105.30198 0.030435524 0.07090754 0.005 41385.6 1209.6 6912 34560 26265.6 1.146 20.979
35051 729011 5.696093918 8.091461315 9.350588992 0.016187109 0.454186025 0.433168066 0.963818453 1.894580929 1.269879767 1.01232978 0.005050885 0.000275047 0.204258082 0.194172389 0.498550226 0.014061049 1.613534613 1.27308423 0.492136718 104.49054 0.031226619 0.069253434 0.005 41385.6 1209.6 6912 34560 26265.6 1.1852 18.3708
35052 729012 5.597355832 8.089149561 9.28915667 0.016218059 0.464211015 0.449851941 0.96311104 1.887389914 1.262626172 0.972085566 0.0050318 0.000244817 0.193807115 0.199195595 0.494111429 0.013595713 1.602304427 1.28551113 0.475849972 103.68666 0.032098897 0.067429579 0.005 33264 1209.6 6912 34560 26265.6 1.2232 7.80192
35053 729013 5.503018035 8.086894508 9.230080635 0.016248 0.473898376 0.466304983 0.962426667 1.880531838 1.255680405 0.93315208 0.005013159 0.000216206 0.183725532 0.204289897 0.4898172 0.013139339 1.59144 1.29831593 0.459876877 102.89034 0.033041535 0.065458608 0.005 33264 1209.6 6912 34560 26265.6 1.26 5.85144
35054 729014 5.41328496 8.084696342 9.173537316 0.016276821 0.483213265 0.482484936 0.961767893 1.87401998 1.249059476 0.895674959 0.004995019 0.00018924 0.17404741 0.209452742 0.485683603 0.012693252 1.580981973 1.311522058 0.444263802 102.10158 0.034043708 0.063363156 0.005 33264 1209.6 6912 34560 26265.6 1.2954 3.65148
35055 729015 5.328361038 8.082555251 9.119703142 0.016304411 0.492120839 0.498349543 0.96113728 1.867867618 1.242780395 0.85979984 0.00497744 0.000163948 0.164806826 0.214681577 0.481726702 0.012258775 1.570970987 1.325152943 0.429057118 101.31912 0.035094592 0.061165853 0.005 41385.6 1209.6 6912 34560 26265.6 1.3292 11.5668
35056 729016 5.248450703 8.080471422 9.068754544 0.016330656 0.500586254 0.51385655 0.960537387 1.862088033 1.236860172 0.825672358 0.004960481 0.000140358 0.156037855 0.21997385 0.477962558 0.011837234 1.56144768 1.33923201 0.414303193 100.5417 0.036183361 0.058889335 0.005 61084.8 1641.6 11145.6 34560 26265.6 1.3613 4.69476
35057 729017 5.173758388 8.078445041 9.020867951 0.016355445 0.508574669 0.5289637 0.959970773 1.856694503 1.231315817 0.79343815 0.0049442 0.000118496 0.147774576 0.225327007 0.474407237 0.011429954 1.552452693 1.353782688 0.400048399 99.77184 0.037299192 0.056556234 0.005 70156.8 2073.6 21513.6 34560 26265.6 1.3917 8.1648
35058 729018 5.104488526 8.076476297 8.976219793 0.016378667 0.516051239 0.543628738 0.95944 1.851700307 1.226164339 0.763242853 0.004928656 9.84E-05 0.140051064 0.230738496 0.4710768 0.01103826 1.544026667 1.368828403 0.386339104 99.00576 0.03843126 0.054189184 0.005 61084.8 3110.4 16070.4 34560 26265.6 1.4201 9.59364
35059 729019 5.040845549 8.074565376 8.9349865 0.016400208 0.522981121 0.557809408 0.958947627 1.847118725 1.221422748 0.735232104 0.004913907 8.01E-05 0.132901396 0.236205764 4.68E-01 0.010663477 1.53621024 1.384392584 0.373221678 98.24472 0.03956874 0.051810816 0.005 61084.8 3715.2 24364.8 34560 26265.6 1.4464 19.6182
35060 729020 4.983033889 8.072712464 8.897344501 0.016419957 0.529329472 0.571463454 0.958496213 1.842963037 1.217108055 0.709551538 0.004900013 6.36E-05 0.126359648 0.241726258 4.65E-01 0.010306928 1.529044053 1.400498657 0.360742492 97.48872 0.040700808 0.049443766 0.005 70156.8 2592 16070.4 34560 26265.6 1.4705 16.6698
35061 729021 4.931257981 8.070917751 8.863470226 0.016437803 0.53506145 0.58454862 0.95808832 1.839246521 1.213237268 0.686346792 0.004887032 4.89E-05 0.120459898 0.247297425 4.63E-01 0.00996994 1.522568747 1.417170051 0.348947915 96.7365 0.041816639 0.047110665 0.005 70156.8 2073.6 11145.6 34560 26265.6 1.4923 19.09656
35062 729022 4.885722256 8.069181422 8.833540105 0.016453632 0.54014221 0.597022651 0.957726507 1.835982456 1.209827399 0.665763503 0.004875023 3.61E-05 0.115236221 0.252916712 4.60E-01 0.009653838 1.51682496 1.434430192 0.337884317 95.98806 0.042905408 0.044834147 0.005 50457.6 2073.6 6912 34560 26265.6 1.5116 6.10092
35063 729023 4.846631148 8.067503664 8.807730567 0.016467333 0.544536911 0.60884329 0.957413333 1.833184122 1.206895458 0.647947307 0.004864045 2.52E-05 0.110722695 0.258581567 4.58E-01 0.009359945 1.511853333 1.452302507 0.327598068 95.24214 0.043956292 0.042636844 0.005 50457.6 1641.6 6912 34560 26265.6 1.5282 25.62101581
35064 729024 4.814189089 8.065884665 8.786218042 0.016478795 0.548210708 0.619968282 0.95715136 1.830864799 1.204458453 0.63304384 0.004854156 1.62E-05 0.106953396 0.264289436 4.57E-01 0.009089587 1.507694507 1.470810425 0.318135538 94.5 0.044958465 0.040541392 0.005 50457.6 1641.6 6912 34560 26265.6 1.5422 19.6182
35065 729025 4.788600512 8.064324612 8.76917896 0.016487904 0.551128758 0.630355372 0.956943147 1.829037765 1.202533394 0.62119874 0.004845414 9.14E-06 0.1039624 0.270037767 4.55E-01 0.008844088 1.50438912 1.489977373 0.309543096 94.5 0.045901103 0.038570421 0.005 71193.6 777.6 10713.6 34560 6307.2 1.5533 29.62008
35066 729026 4.770069849 8.062823692 8.75678975 0.016494549 0.553256219 0.639962303 0.956791253 1.8277163 1.201137293 0.612557642 0.00483788 4.08E-06 0.101783784 0.275824006 4.54E-01 0.008624775 1.501977813 1.509826777 0.301867113 95.27616 0.046773381 0.036746566 0.005 71193.6 777.6 8726.4 34560 6307.2 1.5614 29.80152
35067 729027 4.758801534 8.061382092 8.749226842 0.016498619 0.554558248 0.64874682 0.95669824 1.826913683 1.200287158 0.607266183 0.004831611 1.03E-06 0.100451626 0.281645602 4.54E-01 0.00843297 1.500501227 1.530382066 0.295153957 96.0561 0.047564476 0.03509246 0.005 71193.6 777.6 8726.4 34560 6307.2 1.5663 23.29236
35068 729028 4.755 8.06 8.746666667 0.0165 0.555 0.656666667 0.956666667 1.826643192 1.2 0.60547 0.004826667 0 0.1 0.2875 4.54E-01 0.00827 1.5 1.551666667 0.28945 96.8373 0.048263561 0.033630735 0.005 61862.4 777.6 10713.6 34560 6307.2 1.568 19.82232
35069 729029 4.755014161 8.058649874 8.746901693 0.016497552 0.554847367 0.664078373 0.956820019 1.826905948 1.201000751 0.607047431 0.004822483 1.70E-07 0.100018719 0.293677535 0.453725671 0.008122277 1.502622833 1.57792829 0.284279687 97.62354 0.048859814 0.032384026 0.005 61862.4 777.6 12960 34560 6307.2 1.5674 16.71516
35070 729030 4.755057098 8.057304242 8.747600912 0.016490288 0.554394413 0.671368231 0.95727511 1.827685705 1.203970593 0.611728634 0.004818454 6.82E-07 0.10007427 0.300459134 4.54E-01 0.007975346 1.510406381 1.613245669 0.279137122 98.4123 0.049342408 0.031374964 0.005 61862.4 1123.2 15206.4 34560 6307.2 1.5658 24.74388
35071 729031 4.755129492 8.055963396 8.748755537 0.016478326 0.553648553 0.67853863 0.958024489 1.828969698 1.208860904 0.619436972 0.004814576 1.54E-06 0.100165744 0.307828135 4.54E-01 0.007829233 1.523223219 1.657388762 0.274023163 99.20484 0.049700521 0.030626184 0.005 61862.4 1641.6 15206.4 34560 6307.2 1.5631 31.13964
35072 729032 4.755232025 8.054627627 8.750356777 0.016461785 0.552617201 0.685591959 0.959060705 1.830745162 1.215623067 0.630095809 0.004810846 2.76E-06 0.10029223 0.315767877 4.54E-01 0.007683962 1.540945923 1.710127527 0.268938666 100.00242 0.049923326 0.030160318 0.005 71193.6 1641.6 15206.4 34560 6307.2 1.5594 18.73368
35073 729033 4.755365376 8.053297226 8.752395846 0.016440785 0.551307774 0.692530605 0.960376309 1.83299933 1.224208461 0.643628508 0.004807258 4.33E-06 0.10045282 0.3242617 4.55E-01 0.007539557 1.563447067 1.771231922 0.263884489 100.8063 0.05 0.03 0.005 61862.4 1641.6 15206.4 34560 6307.2 1.5546 51.00732
35074 729034 4.755530227 8.051972486 8.754863954 0.016415444 0.549727687 0.699356959 0.961963849 1.835719438 1.234568467 0.659958434 0.00480381 6.27E-06 0.100646604 0.33329294 4.55E-01 0.007396043 1.590599227 1.840471906 0.258861488 101.61396 0.049933849 0.030142479 0.005 61862.4 2246.4 15206.4 34560 6307.2 1.5489 30.32316
35075 729035 4.755727259 8.050653696 8.757752314 0.016385881 0.547884355 0.706073408 0.963815876 1.83889272 1.246654465 0.67900895 0.004800496 8.57E-06 0.100872673 0.342844938 4.56E-01 0.007253443 1.622274976 1.917617438 0.253870521 102.42918 0.049740688 0.030558518 0.005 71193.6 2937.6 17712 34560 6307.2 1.5422 14.56056
35076 729036 4.755957152 8.049341149 8.761052136 0.016352215 0.545785193 0.712682342 0.965924939 1.84250641 1.260417836 0.700703419 0.004797313 1.13E-05 0.101130118 0.352901031 4.57E-01 0.007111784 1.65834689 2.002438475 0.248912444 103.2507 0.049428455 0.03123102 0.005 71193.6 2937.6 17712 34560 6307.2 1.5346 34.94988
35077 729037 4.756220589 8.048035135 8.764754632 0.016314566 0.543437618 0.719186148 0.968283589 1.846547744 1.275809961 0.724965205 0.004794256 1.43E-05 0.101418028 0.363444559 4.58E-01 0.006971089 1.698687544 2.094704977 0.243988114 104.07852 0.049005089 0.032142886 0.005 71193.6 2937.6 15206.4 34560 6307.2 1.5261 59.89836255
35078 729038 4.756518249 8.046735946 8.768851015 0.016273051 0.540849043 0.725587216 0.970884374 1.851003955 1.292782219 0.751717672 0.004791322 1.78E-05 0.101735495 0.374458859 4.58E-01 0.006831383 1.743169514 2.194186901 0.239098389 104.91516 0.048478526 0.03327702 0.005 71193.6 2937.6 15206.4 34560 6307.2 1.5168 89.94888
35079 729039 4.756850814 8.045443874 8.773332494 0.01622779 0.538026885 0.731887935 0.973719844 1.855862278 1.311285992 0.780884184 0.004788507 2.16E-05 0.102081608 0.385927271 4.59E-01 0.006692689 1.791665372 2.300654206 0.234244125 105.75936 0.047856707 0.034616324 0.005 71193.6 2937.6 17712 34560 6307.2 1.5066 67.22352
35080 729040 4.757218964 8.044159209 8.778190283 0.016178901 0.534978558 0.738090693 0.976782549 1.861109948 1.331272659 0.812388104 0.004785806 2.58E-05 0.10245546 0.397833133 4.60E-01 0.006555034 1.844047696 2.413876851 0.22942618 106.61112 0.047147568 0.0361437 0.005 61862.4 2246.4 15206.4 34560 6307.2 1.4955 82.16964
35081 729041 4.757623381 8.042882243 8.783415592 0.016126505 0.531711479 0.744197879 0.980065039 1.866734199 1.352693602 0.846152796 0.004783216 3.05E-05 0.102856139 0.410159784 4.61E-01 0.00641844 1.900189059 2.533624794 0.22464541 107.47296 0.046359047 0.037842052 0.005 61862.4 1641.6 15206.4 34560 6307.2 1.4837 14.56056
35082 729042 4.758064745 8.041613267 8.788999633 0.016070719 0.528233063 0.750211881 0.983559863 1.872722266 1.375500201 0.882101623 0.004780732 3.55E-05 0.103282738 0.422890562 4.63E-01 0.006282933 1.959962037 2.659667993 0.219902672 108.34362 0.045499084 0.03969428 0.005 61862.4 1641.6 15206.4 34560 6307.2 1.4711 28.89432
35083 729043 4.758543738 8.040352573 8.794933618 0.016011663 0.524550724 0.756135089 0.987259571 1.879061383 1.399643836 0.92015795 0.00477835 4.10E-05 0.103734345 0.436008806 4.64E-01 0.006148538 2.023239204 2.791776407 0.215198824 109.22436 0.044575616 0.041683289 0.005 53308.8 1641.6 12960 34560 6307.2 1.4578 15.876
35084 729044 4.75906104 8.039100451 8.801208758 0.015949455 0.520671879 0.76196989 0.991156713 1.885738785 1.425075888 0.96024514 0.004776066 4.68E-05 0.104210053 0.449497854 4.65E-01 0.006015278 2.089893136 2.929719994 0.210534722 110.11518 0.043596581 0.04379198 0.005 53308.8 1641.6 12960 34560 6307.2 1.4437 9.70704
35085 729045 4.759617332 8.037857194 8.807816265 0.015884214 0.516603942 0.767718675 0.995243838 1.892741706 1.451747737 1.002286556 0.004773877 5.31E-05 0.10470895 0.463341046 4.66E-01 0.005883178 2.159796407 3.073268713 0.205911223 111.01734 0.042569917 0.046003257 0.005 53308.8 1123.2 12960 34560 6307.2 1.429 5.03496
35086 729046 4.760213296 8.036623092 8.81474735 0.01581606 0.512354329 0.77338383 0.999513496 1.900057381 1.479610764 1.046205562 0.004771777 5.98E-05 0.105230129 0.477521719 4.68E-01 0.005752262 2.232821593 3.222192521 0.201329185 111.93084 0.041503562 0.04830002 0.005 53308.8 1123.2 12960 34560 6307.2 1.4136 9.158775652
35087 729047 4.760849612 8.035398437 8.821993225 0.015745111 0.507930456 0.778967746 1.003958237 1.907673045 1.50861635 1.091925522 0.004769764 6.70E-05 0.10577268 0.492023213 4.69E-01 0.005622556 2.308841267 3.376261379 0.196789464 112.85568 0.040405455 0.050665174 0.005 53308.8 777.6 12960 34560 6307.2 1.3976 8.89056
35088 729048 4.761526961 8.03418352 8.829545101 0.015671486 0.503339737 0.784472811 1.00857061 1.915575931 1.538715874 1.1393698 0.004767832 7.46E-05 0.106335693 0.506828865 4.71E-01 0.005494083 2.387728006 3.535245243 0.192292918 113.79312 0.039283533 0.05308162 0.005 53308.8 777.6 12960 34560 6307.2 1.381 10.90908
35089 729049 4.762246024 8.032978632 8.83739419 0.015595305 0.498589588 0.789901413 1.013343165 1.923753275 1.569860717 1.188461758 0.004765978 8.26E-05 0.106918258 0.521922015 4.72E-01 0.005366869 2.469354384 3.698914072 0.187840402 114.7419 0.038145736 0.055532261 0.005 53308.8 777.6 10713.6 34560 6307.2 1.3638 19.25532
35090 729050 4.763007482 8.031784065 8.845531704 0.015516685 0.493687425 0.795255941 1.018268452 1.932192312 1.602002261 1.239124762 0.004764198 9.11E-05 0.107519467 0.537286002 4.74E-01 0.005240936 2.553592975 3.867037825 0.183432775 115.7058 0.037 0.058 0.005 61862.4 777.6 10713.6 34560 6307.2 1.346 24.08616
35091 729051 4.763812017 8.03060011 8.853948855 0.015435746 0.488640662 0.800538785 1.02333902 1.940880274 1.635091884 1.291282174 0.004762488 0.00010001 0.108138409 0.552904163 4.76E-01 0.005116311 2.640316356 4.039386461 0.179070894 116.6823 0.035854264 0.060467739 0.005 61862.4 777.6 8726.4 34560 6307.2 1.3278 103.48884
35092 729052 4.764660308 8.029427058 8.862636852 0.015352608 0.483456716 0.805752332 1.028547419 1.949804398 1.669080969 1.344857359 0.004760843 0.000109403 0.108774176 0.568759837 0.477426021 0.004993018 2.729397101 4.215729937 0.174755614 117.67392 0.034716467 0.06291838 0.005 61862.4 777.6 8726.4 34560 6307.2 1.309 115.7814
35093 729053 4.765553037 8.028265201 8.87158691 0.015267388 0.478143 0.810898971 1.033886199 1.958951917 1.703920895 1.399773679 0.004759259 0.000119261 0.109425858 0.584836364 0.479190074 0.00487108 2.820707784 4.395838212 0.170487794 118.6794 0.033594545 0.065334826 0.005 61862.4 777.6 8726.4 34560 6307.2 1.2898 82.26331826
35094 729054 4.766490885 8.02711483 8.880790238 0.015180206 0.472706932 0.815981091 1.03934791 1.968310067 1.739563042 1.455954499 0.004757734 0.000129588 0.110092546 0.601117081 0.480994746 0.004750523 2.914120981 4.579481244 0.16626829 119.7 0.032496438 0.06769998 0.005 61862.4 777.6 8726.4 34560 6307.2 1.2701 77.20272
35095 729055 4.767474533 8.025976235 8.890238048 0.01509118 0.467155925 0.821001082 1.0449251 1.977866081 1.775958792 1.513323182 0.004756261 0.000140391 0.11077333 0.617585328 0.482837575 0.00463137 3.009509267 4.766428993 0.16209796 120.74328 0.031430083 0.069996743 0.005 53308.8 777.6 8726.4 34560 6307.2 1.25 32.9994
35096 729056 4.768504662 8.02484971 8.899921552 0.01500043 0.461497396 0.82596133 1.050610321 1.987607195 1.813059525 1.571803092 0.004754838 0.000151673 0.1114673 0.634224442 0.4847161 0.004513647 3.106745216 4.956451415 0.157977659 121.8168 0.030403419 0.07220802 0.005 42422.4 1123.2 10713.6 38262.85714 6307.2 1.2295 32.25096
35097 729057 4.769581952 8.023735544 8.909831962 0.014908074 0.45573876 0.830864226 1.05639612 1.997520642 1.850816621 1.631317592 0.00475346 0.000163442 0.112173548 0.651017763 0.486627859 0.004397378 3.205701403 5.149318471 0.153908246 122.9193 0.029424384 0.074316711 0.005 42422.4 1123.2 10713.6 38262.85714 6307.2 1.2087 31.06098383
35098 729058 4.770707085 8.022634029 8.919960489 0.014814232 0.449887432 0.835712158 1.062275049 2.007593658 1.889181461 1.691790047 0.004752123 0.000175701 0.112891164 0.667948629 0.488570389 0.004282588 3.306250404 5.344800117 0.149890577 124.05078 0.028500916 0.07630572 0.005 53308.8 1641.6 10713.6 38262.85714 6307.2 1.1875 104.9958536
35099 729059 4.771880742 8.021545457 8.930298345 0.014719023 0.443950827 0.840507514 1.068239656 2.017813476 1.928105425 1.753143819 0.004750824 0.000188457 0.113619238 0.685000378 0.49054123 0.0041693 3.408264794 5.542666314 0.14592551 125.20998 0.027640953 0.078157948 0.005 53308.8 1641.6 12960 38262.85714 6307.2 1.166 111.56292
35100 729060 4.773103603 8.020470119 8.94083674 0.014622564 0.437936362 0.845252684 1.074282492 2.028167332 1.967539894 1.815302273 0.004749557 0.000201714 0.114356861 0.70215635 0.492537919 0.00405754 3.511617146 5.742687018 0.142013901 126.3906 0.026852432 0.0798563 0.005 53308.8 1641.6 12960 38262.85714 6307.2 1.1442 77.18004
35101 729061 4.77437635 8.019408305 8.951566888 0.014524976 0.43185145 0.849950056 1.080396106 2.03864246 2.007436248 1.878188772 0.004748319 0.000215478 0.115103124 0.719399883 0.494557995 0.003947332 3.616180037 5.944632189 0.138156606 127.6128 0.026143293 0.081383676 0.005 53308.8 1641.6 15206.4 38262.85714 6307.2 1.1222 125.874
35102 729062 4.775699663 8.018360308 8.962479999 0.014426377 0.425703508 0.854602018 1.086573048 2.049226094 2.047745868 1.94172668 0.004747106 0.000229753 0.115857117 0.736714315 0.496598996 0.0038387 3.721826041 6.148271784 0.134354485 128.8476 0.025521474 0.08272298 0.005 53308.8 1123.2 12960 38262.85714 6307.2 1.0999 119.81844
35103 729063 4.777074223 8.017326419 8.973567285 0.014326886 0.419499951 0.85921096 1.092805867 2.059905469 2.088420134 2.005839361 0.004745914 0.000244547 0.116617931 0.754082986 0.49865846 0.003731668 3.828427733 6.353375763 0.130608392 130.1202 0.024994911 0.083857114 0.005 53308.8 1123.2 12960 38262.85714 6307.2 1.0775 108.36504
35104 729064 4.778500712 8.016306929 8.984819957 0.014226622 0.413248194 0.86377927 1.099087113 2.07066782 2.129410427 2.070450177 0.004744739 0.000259863 0.117384655 0.771489233 0.500733925 0.003626262 3.935857688 6.559714084 0.126919185 131.418 0.024571545 0.08476898 0.005 53308.8 1123.2 12960 38262.85714 6307.2 1.0548 51.89184
35105 729065 4.77997981 8.015302129 8.996229227 0.014125704 0.406955652 0.868309337 1.105409337 2.081500381 2.170668128 2.135482494 0.004743576 0.000275706 0.118156382 0.788916395 0.50282293 0.003522506 4.043988481 6.767056704 0.123287722 132.7284 0.024259312 0.085441482 0.005 53308.8 1123.2 12960 38262.85714 6307.2 1.0321 38.8962
35106 729066 4.781512199 8.01431231 9.007786307 0.014024251 0.400629742 0.872803549 1.111765086 2.092390386 2.212144616 2.200859674 0.004742422 0.000292083 0.118932201 0.806347812 0.504923013 0.003420425 4.152692687 6.975173584 0.119714859 134.0766 0.024066151 0.085857521 0.005 53308.8 1123.2 12960 38262.85714 6307.2 1.0092 74.77596
35107 729067 4.783098558 8.013337765 9.019482408 0.013922381 0.394277878 0.877264296 1.118146912 2.103325071 2.253791272 2.266505081 0.004741272 0.000308999 0.119711204 0.823766821 0.507031712 0.003320042 4.26184288 7.18383468 0.116201453 135.4374 0.024 0.086 0.005 53308.8 1123.2 12960 38262.85714 6307.2 0.98616 117.50508
35108 729068 4.78473957 8.012378783 9.031308742 0.013820214 0.387907475 0.881693966 1.124547363 2.114291669 2.295559477 2.332342079 0.004740123 0.000326458 0.120492479 0.841156761 0.509146565 0.003221382 4.371311636 7.392809952 0.112748361 136.836 0.024027231 0.085973852 0.005022413 57542.4 1123.2 12960 38262.85714 6307.2 0.96309 83.62116
35109 729069 4.786435915 8.011435658 9.04325652 0.013717869 0.38152595 0.886094947 1.130958991 2.125277415 2.337400611 2.398294031 0.004738971 0.000344467 0.121275119 0.858500971 0.511265112 0.00312447 4.48097153 7.601869358 0.10935644 138.2472 0.02410659 0.085897959 0.005087464 53308.8 1641.6 15206.4 38262.85714 6307.2 0.93999 106.7094
35110 729070 4.788188274 8.010508679 9.055316954 0.013615464 0.375140717 0.890469629 1.137374343 2.136269544 2.379266055 2.464284302 0.00473781 0.000363029 0.122058214 0.87578279 0.513384888 0.00302933 4.590695136 7.810782856 0.106026548 139.6836 0.024234577 0.085776148 0.005191873 53308.8 1641.6 15206.4 38262.85714 6307.2 0.91688 72.188928
35111 729071 4.789997328 8.009598138 9.067481255 0.013513119 0.368759191 0.8948204 1.14378597 2.14725529 2.42110719 2.530236255 0.004736638 0.000382152 0.122840854 0.892985555 0.515503435 0.002935987 4.70035503 8.019320404 0.102759541 141.1452 0.024407692 0.085612245 0.005332362 53308.8 1641.6 12960 38262.85714 6307.2 0.89377 8.91324
35112 729072 4.791863758 8.008704326 9.079740636 0.013410952 0.362388789 0.899149649 1.150186421 2.158221889 2.462875395 2.596073253 0.00473545 0.000401839 0.12362213 0.910092607 0.517618288 0.002844465 4.809823786 8.227251962 0.099556275 142.632 0.024622434 0.085410077 0.005505649 53308.8 1641.6 15206.4 38262.85714 6307.2 0.87071 87.63552
35113 729073 4.793788244 8.007827536 9.092086307 0.013309083 0.356036925 0.903459764 1.156568247 2.169156573 2.504522051 2.66171866 0.004734242 0.000422097 0.124401132 0.927087282 0.519726987 0.002754789 4.91897398 8.434347487 0.096417609 144.1314 0.024875304 0.085173469 0.005708455 53308.8 1641.6 15206.4 38262.85714 6307.2 0.84772 60.51024
35114 729074 4.795771469 8.006968057 9.104509479 0.013207629 0.349711014 0.907753134 1.162923997 2.180046578 2.545998539 2.72709584 0.004733009 0.00044293 0.125176951 0.94395292 0.52182707 0.002666983 5.027678186 8.640376939 0.093344399 145.656 0.0251628 0.08490625 0.0059375 71193.6 4838.4 17712 38262.85714 6307.2 0.82482 70.33068
35115 729075 4.797814112 8.006126182 9.117001366 0.013106711 0.343418473 0.912032149 1.16924622 2.190879139 2.587256239 2.792128156 0.004731749 0.000464344 0.125948678 0.96067286 0.523916075 0.002581071 5.135808978 8.845110274 0.090337502 147.2058 0.025481422 0.084612245 0.006189504 91584 3888 17712 38262.85714 6307.2 0.80203 120.97512
35116 729076 4.799916855 8.005302201 9.129553178 0.013006447 0.337166716 0.916299196 1.175527466 2.20164149 2.628246532 2.856738973 0.004730457 0.000486344 0.126715403 0.97723044 0.52599154 0.002497079 5.243238933 9.048317453 0.087397776 148.7682 0.025827671 0.084295281 0.006461188 81129.6 1641.6 15206.4 38262.85714 6307.2 0.7794 160.30224
35117 729077 4.802080379 8.004496407 9.142156127 0.012906956 0.330963159 0.920556664 1.181760285 2.212320865 2.668920799 2.920851653 0.004729129 0.000508935 0.127476216 0.993608999 0.528051004 0.002415031 5.349840625 9.249768433 0.084526076 150.3558 0.026198046 0.083959184 0.006749271 71193.6 1641.6 15206.4 38262.85714 6307.2 0.75694 170.1
35118 729078 4.804305364 8.00370909 9.154801424 0.012808357 0.324815217 0.924806942 1.187937227 2.222904499 2.709230419 2.984389561 0.00472776 0.000532123 0.128230209 1.009791874 0.530092005 0.00233495 5.455486629 9.449233172 0.08172326 151.956 0.026589047 0.083607781 0.007050474 61862.4 1641.6 15206.4 38262.85714 6307.2 0.73469 95.77764
35119 729079 4.806592492 8.002940541 9.16748028 0.012710769 0.318730305 0.929052419 1.194050841 2.233379627 2.749126773 3.04727606 0.004726347 0.000555913 0.128976472 1.025762406 0.532112081 0.002256862 5.56004952 9.64648163 0.078990186 153.5814 0.026997172 0.083244898 0.007361516 61862.4 1641.6 12960 38262.85714 6307.2 0.71266 178.08336
35120 729080 4.808942444 8.002191052 9.180183909 0.012614311 0.312715839 0.933295484 1.200093677 2.243733483 2.788561242 3.109434514 0.004724885 0.00058031 0.129714095 1.041503933 0.53410877 0.002180792 5.663401873 9.841283764 0.07632771 155.2194 0.027418923 0.082874362 0.007679118 53308.8 1641.6 12960 38262.85714 6307.2 0.69089 101.10744
35121 729081 4.8113559 8.001460915 9.19290352 0.012519101 0.306779235 0.937538525 1.206058285 2.253953301 2.827485206 3.170788287 0.004723371 0.00060532 0.130442169 1.056999792 0.536079611 0.002106763 5.765416262 10.03340953 0.073736688 156.8826 0.027850799 0.0825 0.008 53308.8 1641.6 12960 38262.85714 6307.2 0.66939 174.43188
35122 729082 4.813833541 8.00075042 9.205630326 0.012425259 0.300927907 0.941783931 1.211937213 2.264026317 2.865850046 3.231260741 0.0047218 0.000630948 0.131159785 1.072233323 0.538022141 0.002034799 5.865965263 10.2226289 0.071217979 158.5584 0.028289299 0.082125638 0.008320882 53308.8 1641.6 12960 38262.85714 6307.2 0.64821 172.57212
35123 729083 4.816376049 8.000059859 9.218355539 0.012332903 0.29516927 0.94603409 1.217723013 2.273939764 2.903607142 3.290775242 0.004720169 0.000657198 0.131866033 1.087187865 0.5399339 0.001964927 5.964921451 10.40871181 0.068772439 160.2468 0.028730924 0.081755102 0.008638484 53308.8 1641.6 12960 38262.85714 6307.2 0.62736 147.32928
35124 729084 4.818984104 7.999389523 9.231070368 0.012242153 0.289510741 0.950291392 1.223408233 2.283680878 2.940707874 3.349255152 0.004718473 0.000684077 0.132560003 1.101846755 0.541812425 0.001897169 6.0621574 10.59142824 0.066400924 161.9604 0.029172172 0.081392219 0.008949526 53308.8 1641.6 12960 34560 6307.2 0.60688 190.3961872
35125 729085 4.821658387 7.998739703 9.243766028 0.012153128 0.283959735 0.954558224 1.228985423 2.293236892 2.977103624 3.406623835 0.004716708 0.00071159 0.133240787 1.116193334 0.543655254 0.001831551 6.157545686 10.77054813 0.064104293 163.674 0.029609544 0.081040816 0.009250729 53308.8 1641.6 12960 34560 6307.2 0.58678 213.23736
35126 729086 4.82439958 7.998110692 9.256433728 0.012065946 0.278523666 0.958836977 1.234447134 2.302595042 3.012745772 3.462804654 0.00471487 0.000739742 0.133907475 1.130210938 0.545459926 0.001768097 6.250958883 10.94584145 0.061883402 165.4128 0.030039539 0.080704719 0.009538812 53308.8 1641.6 12960 34560 6307.2 0.5671 187.26876
35127 729087 4.827208363 7.997502779 9.26906468 0.011980726 0.273209951 0.963130038 1.239785914 2.311742561 3.047585698 3.517720975 0.004712956 0.000768538 0.134559157 1.143882907 0.547223979 0.001706832 6.342269566 11.11707815 0.059739108 167.1642 0.030458658 0.080387755 0.009810496 53308.8 1641.6 12960 34560 6307.2 0.54787 73.44845617
35128 729088 4.830085417 7.996916257 9.281650097 0.011897587 0.268026004 0.967439795 1.244994313 2.320666685 3.081574782 3.571296159 0.00471096 0.000797983 0.135194924 1.15719258 0.548944952 0.001647779 6.431350311 11.2840282 0.057672268 168.9408 0.030863399 0.08009375 0.0100625 53308.8 1641.6 12960 34560 6307.2 0.5291 136.80576
35129 729089 4.833031423 7.996351416 9.294181189 0.011816648 0.262979242 0.971768639 1.250064881 2.329354648 3.114664406 3.623453571 0.004708879 0.000828084 0.135813867 1.170123294 0.550620382 0.001590964 6.518073691 11.44646156 0.055683739 170.7174 0.031250263 0.079826531 0.010291545 47001.6 1641.6 12960 34560 6307.2 0.51083 182.48328
35130 729090 4.836047062 7.995808549 9.306649168 0.011738029 0.258077078 0.976118958 1.254990168 2.337793684 3.146805949 3.674116575 0.00470671 0.000858844 0.136415075 1.18265839 0.552247808 0.001536411 6.602312283 11.60414817 0.053774378 172.5066 0.031615748 0.079589923 0.010494351 42422.4 1641.6 12960 34560 6307.2 0.49308 215.73216
35131 729091 4.839133015 7.995287946 9.319045246 0.011661847 0.253326929 0.980493139 1.259762723 2.345971028 3.177950793 3.723208534 0.004704446 0.00089027 0.136997641 1.194781204 0.553824767 0.001484144 6.683938661 11.756858 0.051945041 174.321 0.031956356 0.079387755 0.010667638 47001.6 1641.6 12960 34560 6307.2 0.47589 131.81616
35132 729092 4.842289962 7.994789898 9.331360634 0.011588222 0.248736211 0.984893573 1.264375097 2.353873914 3.208050317 3.770652811 0.004702086 0.000922367 0.137560653 1.206475076 0.5553488 0.001434188 6.762825399 11.90436101 0.050196587 176.1354 0.032268585 0.079223852 0.010808127 47001.6 1641.6 12960 34560 6307.2 0.45927 34.72308
35133 729093 4.845518586 7.994314697 9.343586544 0.011517273 0.244312337 0.989322647 1.268819837 2.361489578 3.237055903 3.816372772 0.004699624 0.000955139 0.138103204 1.217723345 0.556817442 0.001386568 6.838845074 12.04642716 0.048529872 177.9624 0.032548936 0.079102041 0.010912536 53308.8 1641.6 12960 34560 6307.2 0.44325 45.31464
35134 729094 4.848819567 7.993862635 9.355714187 0.011449119 0.240062724 0.993782751 1.273089495 2.368805253 3.26491893 3.860291778 0.004697057 0.000988593 0.138624383 1.228509349 0.558228233 0.001341307 6.911870259 12.1828264 0.046945753 179.8146 0.032793908 0.079026148 0.010977587 53308.8 1641.6 12960 34560 6307.2 0.42787 121.6782
35135 729095 4.852193585 7.993434002 9.367734775 0.011383879 0.235994788 0.998276272 1.277176621 2.375808174 3.291590779 3.902333194 0.00469438 0.001022733 0.139123281 1.238816427 0.559578712 0.001298431 6.98177353 12.31332869 0.045445086 181.6668 0.033 0.079 0.011 53308.8 1641.6 12960 34560 6307.2 0.41314 119.4102
35136 729096 4.855641322 7.99302909 9.37963952 0.011321671 0.232115942 1.002805601 1.281073762 2.382485576 3.317022831 3.942420383 0.00469159 0.001057566 0.139598988 1.248627917 0.560866415 0.001257964 7.048427462 12.437704 0.04402873 183.519 0.033181273 0.079037195 0.010981672 61862.4 1641.6 12960 34560 6307.2 0.3991 46.31256
35137 729097 4.859163459 7.99264819 9.391419633 0.011262614 0.228433604 1.007373125 1.28477347 2.388824693 3.341166466 3.98047671 0.004688682 0.001093095 0.140050596 1.257927158 0.562088882 0.00121993 7.11170463 12.55572227 0.042697541 185.3964 0.033354438 0.079146179 0.0109283 61862.4 1641.6 12960 34560 6307.2 0.38577 91.10556
35138 729098 4.862760676 7.992291593 9.403066325 0.011206828 0.224955187 1.011981233 1.288268295 2.39481276 3.363973065 4.016425537 0.004685652 0.001129327 0.140477194 1.266697488 0.563243651 0.001184354 7.171477607 12.66715348 0.041452375 187.2738 0.033519975 0.079323052 0.010842301 53308.8 1641.6 12960 34560 6307.2 0.37318 41.64048
35139 729099 4.866433655 7.991959592 9.414570809 0.011154432 0.221688108 1.016632314 1.291550784 2.400437011 3.385394007 4.050190229 0.004682496 0.001166266 0.140877874 1.274922247 0.564328259 0.00115126 7.227618971 12.77176757 0.040294091 189.1638 0.033678361 0.079563912 0.010726092 53308.8 1641.6 12960 34560 6307.2 0.36135 102.03732
35140 729100 4.870183076 7.991652476 9.425924295 0.011105544 0.218639782 1.021328757 1.29461349 2.405684681 3.405380675 4.081694149 0.004679211 0.001203919 0.141251725 1.282584772 0.565340246 0.001120673 7.280001294 12.8693345 0.039223544 191.0664 0.033830075 0.079864858 0.010582089 53308.8 1641.6 12960 34560 6307.2 0.35031 227.7072
35141 729101 4.874009621 7.991370538 9.437117996 0.011060283 0.215817624 1.02607295 1.29744896 2.410543004 3.423884448 4.110860661 0.004675791 0.00124229 0.141597839 1.289668403 0.566277149 0.001092617 7.328497153 12.95962424 0.038241592 192.969 0.033975595 0.08022199 0.010412709 53308.8 1641.6 15206.4 34560 6307.2 0.3401 218.38572
35142 729102 4.87791397 7.991114068 9.448143122 0.011018768 0.213229049 1.030867283 1.300049745 2.414999215 3.440856706 4.137613128 0.004672234 0.001281384 0.141915305 1.296156478 0.567136507 0.001067117 7.372979122 13.04240674 0.037349093 194.8842 0.034115399 0.080631405 0.010220369 53308.8 2246.4 15206.4 34560 6307.2 0.33072 150.45912
35143 729103 4.881896804 7.990883359 9.458990886 0.010981118 0.210881473 1.035714143 1.302408394 2.419040549 3.45624883 4.161874915 0.004668534 0.001321207 0.142203216 1.302032335 0.567915858 0.001044197 7.413319776 13.11745196 0.036546902 196.812 0.034249967 0.081089204 0.010007485 53308.8 2937.6 20217.6 34560 6307.2 0.32223 68.2668
35144 729104 4.885958805 7.990678701 9.469652499 0.010947452 0.208782312 1.040615919 1.304517457 2.422654239 3.470012202 4.183569384 0.004664689 0.001361765 0.14246066 1.307279313 0.56861274 0.001023882 7.449391691 13.18452986 0.035835877 198.7398 0.034379777 0.081591485 0.009776476 53308.8 2937.6 20217.6 34560 6307.2 0.31463 193.75524
35145 729105 4.890100653 7.990500385 9.480119173 0.010917889 0.20693898 1.045575001 1.306369484 2.425827521 3.4820982 4.202619899 0.004660693 0.001403062 0.142686729 1.311880752 0.569224692 0.001006196 7.48106744 13.24341039 0.035216874 200.6676 0.034505306 0.082134348 0.009529757 57542.4 3888 17712 34560 6307.2 0.30795 44.1126
35146 729106 4.894323029 7.990348703 9.490382118 0.010892548 0.205358892 1.050593776 1.307957025 2.428547629 3.492458206 4.218949825 0.004656542 0.001445103 0.142880513 1.315819988 0.569749251 0.000991164 7.508219599 13.29386353 0.034690752 202.608 0.034627034 0.08271389 0.009269746 61862.4 3888 20217.6 34560 6307.2 0.30223 56.99484
35147 729107 4.898626615 7.990223947 9.500432548 0.010871548 0.204049465 1.055674634 1.309272628 2.430801797 3.5010436 4.232482524 0.004652234 0.001487895 0.143041103 1.319080362 0.570183956 0.00097881 7.530720743 13.33565921 0.034258367 204.5484 0.034745438 0.083326212 0.008998859 61862.4 3888 20217.6 34560 6307.2 0.29749 66.42972
35148 729108 4.90301209 7.990126407 9.510261672 0.010855007 0.203018114 1.060819964 1.310308845 2.432577261 3.507805762 4.243141361 0.004647762 0.001531441 0.14316759 1.321645212 0.570526345 0.000969159 7.548443447 13.36856741 0.033920575 206.5014 0.034860998 0.083967411 0.008719513 61862.4 3888 20217.6 34560 6307.2 0.29376 279.59904
35149 729109 4.907480137 7.990056375 9.519860704 0.010843046 0.202272253 1.066032153 1.311058223 2.433861254 3.512696074 4.250849699 0.004643125 0.001575749 0.143259063 1.323497875 0.570773957 0.000962235 7.561260286 13.39235808 0.033678234 208.4544 0.034974191 0.084633588 0.008434124 61862.4 3888 20217.6 34560 6307.2 0.29106 213.91776
35150 729110 4.912031435 7.990014142 9.529220854 0.010835781 0.201819299 1.071313591 1.311513314 2.434641011 3.515665915 4.255530902 0.004638316 0.001620822 0.143314614 1.324621692 0.570924329 0.000958063 7.569043834 13.40680118 0.033532201 210.4074 0.035085497 0.085320841 0.008145111 61862.4 3888 20217.6 34560 6307.2 0.28942 96.97968
35151 729111 4.916666667 7.99 9.538333333 0.010833333 0.201666667 1.076666667 1.311666667 2.434903767 3.516666667 4.257108333 0.004633333 0.001666667 0.143333333 1.325 0.570975 0.000956667 7.571666667 13.41166667 0.033483333 212.373 0.035195392 0.086025269 0.007854889 61862.4 3888 20217.6 34560 6307.2 0.28887 238.5936
35152 729112 4.926678347 7.990936332 9.547680237 0.010846507 0.201798402 1.082060987 1.309328113 2.43399927 3.509970126 4.245741145 0.004626999 0.001758001 0.142674657 1.318660242 0.568119085 0.0009676 7.538982893 13.37291464 0.033865989 214.326 0.035304357 0.086742971 0.007565876 61862.4 2937.6 20217.6 34560 6307.2 0.2929 69.27063652
35153 729113 4.9469516 7.99365708 9.55767409 0.0108843 0.202176331 1.087465978 1.302566255 2.431404401 3.490758737 4.212944164 0.004618215 0.001933481 0.140785012 1.300472411 0.559908951 0.000999548 7.444902189 13.26125702 0.034984171 216.2916 0.035412869 0.087470046 0.007280487 61862.4 2246.4 17712 34560 6307.2 0.30446 23.79132
35154 729114 4.976876019 7.99802987 9.568201751 0.010944121 0.202774538 1.092883752 1.291761798 2.427297095 3.460349854 4.160674267 0.004607091 0.002184017 0.137793975 1.271683673 0.546881016 0.001051234 7.29538048 13.08359154 0.036793202 218.2572 0.035521406 0.088202593 0.007001141 61862.4 2246.4 15206.4 34560 6307.2 0.32277 79.53876
35155 729115 5.015841194 8.003922329 9.57915008 0.011023378 0.203567109 1.098316424 1.277295445 2.421855286 3.420060829 4.09088833 0.004593738 0.002500521 0.13383112 1.233541194 0.529571697 0.001121383 7.096373692 12.84681592 0.039248404 220.2228 0.035630448 0.088936711 0.006730254 61862.4 1641.6 15206.4 34560 6307.2 0.34702 41.958
35156 729116 5.063236719 8.011202082 9.590405934 0.01111948 0.204528129 1.103766109 1.259547901 2.415256906 3.371209013 4.00554323 0.004578267 0.002873903 0.129026023 1.187292139 0.508517411 0.001208717 6.853837752 12.55782787 0.042305099 222.1884 0.035740472 0.089668498 0.006470243 61862.4 1123.2 12960 34560 20736 0.37642 62.66484
35157 729117 5.118452187 8.019736756 9.601856174 0.011229835 0.205631681 1.109234921 1.238899871 2.407679891 3.315111759 3.906595843 0.00456079 0.003295073 0.12350826 1.134183673 0.484254576 0.00131196 6.573728584 12.2235251 0.04591861 224.154 0.035851957 0.090394055 0.006223524 81129.6 1641.6 15206.4 34560 20736 0.41019 235.28232
35158 729118 5.180877188 8.029393977 9.613387657 0.011351852 0.206851852 1.114724974 1.215732058 2.399302173 3.25308642 3.796003047 0.004541418 0.003754943 0.117407407 1.075462963 0.45731961 0.001429836 6.262002114 11.85080535 0.050044259 226.1196 0.035965381 0.09110948 0.005992515 103680 2937.6 17712 34560 20736 0.44752 273.829248
35159 729119 5.249901316 8.040041373 9.624887243 0.011482939 0.208162725 1.120238382 1.190425168 2.390301687 3.186450347 3.675721716 0.004520261 0.004244424 0.11085304 1.012377173 0.428248929 0.001561068 5.924614269 11.44656631 0.054637368 228.0852 0.036081223 0.091810872 0.005779631 91584 4838.4 17712 34560 20736 0.48763 228.3876
35160 729120 5.324914163 8.051546568 9.636241791 0.011620505 0.209538387 1.125777259 1.163359904 2.380856366 3.116520894 3.547708729 0.00449743 0.004754427 0.103974733 0.946173469 0.397578951 0.001704379 5.567520974 11.01770573 0.05965326 230.0508 0.036199961 0.092494329 0.005587291 91584 4838.4 17712 34560 20736 0.52973 193.14288
35161 729121 5.405305321 8.063777191 9.647338159 0.011761959 0.210952921 1.13134372 1.13491697 2.371144144 3.044615412 3.413920961 0.004473037 0.005275861 0.096902062 0.878099017 0.365846094 0.001858493 5.196678155 10.5711213 0.065047257 232.0038 0.036322074 0.093155951 0.005417911 81129.6 7430.4 17712 34560 20736 0.57301 179.87508
35162 729122 5.490464383 8.076600866 9.658063206 0.011904708 0.212380412 1.13693988 1.105477073 2.361342956 2.972051254 3.276315289 0.004447193 0.005799639 0.089764604 0.809400983 0.333586775 0.002022134 4.818041738 10.11371076 0.070774681 233.9694 0.036448039 0.093791838 0.005273908 71193.6 10108.8 17712 34560 20736 0.61669 144.99324
35163 729123 5.57978094 8.08988522 9.668303792 0.012046161 0.213794947 1.142567851 1.075420914 2.351630734 2.900145773 3.136848589 0.004420007 0.00631667 0.082691934 0.741326531 0.301337411 0.002194024 4.437567648 9.652371808 0.076790855 235.9224 0.036578336 0.094398086 0.005157699 71193.6 8640 17712 34560 20736 0.65997 233.05968
35164 729124 5.672644586 8.103497881 9.677946775 0.012183727 0.215170608 1.148229749 1.0451292 2.342185413 2.830216319 2.997477738 0.004391593 0.006817867 0.075813627 0.675122827 0.26963442 0.002372889 4.061211812 9.194002177 0.083051101 237.8754 0.036713443 0.094970797 0.0050717 71193.6 7257.6 17712 34560 20736 0.70206 34.85916
35165 729125 5.768444912 8.117306473 9.686879014 0.012314815 0.216481481 1.153927688 1.014982635 2.333184927 2.763580247 2.860159612 0.00436206 0.007294138 0.069259259 0.612037037 0.239014219 0.00255745 3.694930155 8.745499579 0.08951074 239.8158 0.036853838 0.095506069 0.005018328 61862.4 3974.4 17712 34560 20736 0.74217 248.0058
35166 729126 5.86657151 8.131178624 9.694987368 0.012436832 0.217701652 1.159663782 0.985361922 2.324807209 2.701554908 2.726851088 0.004331519 0.007736397 0.063158406 0.553316327 0.210013226 0.002746431 3.344678602 8.313761734 0.096125097 241.7688 0.037 0.096 0.005 61862.4 3974.4 17712 34560 20736 0.77951 313.551
35167 729127 5.966413974 8.14498196 9.702158695 0.012547187 0.218805205 1.165440145 0.956647766 2.317230194 2.645457654 2.599509042 0.004300082 0.008135552 0.057640644 0.500207861 0.183167858 0.002938557 3.01641308 7.905686358 0.102849492 243.7092 0.037155222 0.096479087 0.005009693 61862.4 3974.4 17712 34560 20736 0.81327 269.6652
35168 729128 6.067361895 8.158584106 9.708279855 0.012643289 0.219766224 1.171258892 0.929220872 2.310631814 2.596605838 2.480090352 0.004267859 0.008482516 0.052835547 0.453958806 0.159014532 0.00313255 2.716089515 7.528171171 0.109639249 245.637 0.037321926 0.096971509 0.005038099 71193.6 3110.4 12009.6 34560 20736 0.84268 302.30172
35169 729129 6.168804866 8.171852691 9.713237707 0.012722546 0.220558795 1.177122137 0.903461944 2.305190005 2.556316812 2.370551892 0.004234962 0.008768198 0.048872692 0.415816327 0.138089666 0.003327134 2.449663832 7.18811389 0.116449689 247.5648 0.037499287 0.097475891 0.005084206 61862.4 3110.4 12009.6 34560 20736 0.86693 294.29568
35170 729130 6.270132479 8.184655339 9.716919109 0.012782367 0.221157002 1.183031993 0.879751687 2.301082699 2.525907929 2.272850541 0.004201501 0.00898351 0.045881654 0.387027589 0.120929677 0.003521032 2.223091956 6.892412234 0.123236135 249.4926 0.037686474 0.097990858 0.005147002 61862.4 3110.4 9244.8 34560 20736 0.88523 296.33688
35171 729131 6.370734326 8.196859678 9.71921092 0.01282016 0.221534931 1.188990576 0.858470804 2.29848783 2.506696541 2.188943173 0.004167588 0.009119363 0.04399201 0.368839758 0.108070982 0.003712969 2.042329815 6.64796392 0.129953909 251.4078 0.037882663 0.098515036 0.005225476 61862.4 3110.4 9244.8 34560 20736 0.8968 288.69372
35172 729132 6.47 8.208333333 9.72 0.012833333 0.221666667 1.195 0.84 2.297583333 2.5 2.120786667 0.004133333 0.009166667 0.043333333 0.3625 0.10005 0.003901667 1.913333333 6.461666667 0.136558333 253.3104 0.038087024 0.099047049 0.005318616 61862.4 2419.2 9244.8 34560 20736 0.90083 306.31608
35173 729133 6.57158241 8.219866477 9.719844357 0.012823995 0.22116861 1.201296964 0.823178861 2.298498138 2.501282495 2.061055337 0.004095871 0.009136161 0.043431479 0.362686771 0.094697849 0.004105924 1.813030168 6.310013474 0.143707354 255.213 0.038298731 0.099585522 0.005425412 57542.4 2419.2 9244.8 34560 20736 0.89767 294.86268
35174 729134 6.679366049 8.232272501 9.719392614 0.01279689 0.219723032 1.20808074 0.806594806 2.301153304 2.505004859 2.001232802 0.004052542 0.009047619 0.043722713 0.363228863 0.089490542 0.004343349 1.714473037 6.164717086 0.152017206 257.103 0.038516955 0.100129081 0.005544851 53308.8 1814.4 9244.8 34560 20736 0.8885 227.29896
35175 729135 6.79308788 8.245453866 9.718667547 0.012753386 0.217402818 1.215297299 0.79025029 2.305414957 2.51097941 1.941489893 0.004003768 0.008905506 0.044202233 0.364098943 0.084431836 0.004610876 1.617805453 6.025504839 0.161380648 258.993 0.038740871 0.10067635 0.005675922 53308.8 1209.6 9244.8 34560 20736 0.87379 115.87212
35176 729136 6.912484868 8.25931303 9.717691934 0.012694849 0.214280855 1.222892613 0.774147767 2.311149223 2.519018465 1.881997441 0.003949972 0.008714286 0.044865235 0.365269679 0.079525489 0.004905441 1.523170933 5.892104067 0.171690438 260.8704 0.038969649 0.101225955 0.005817613 53308.8 1209.6 9244.8 34560 20736 0.854 42.38596174
35177 729137 7.037293977 8.273752453 9.716488551 0.012622646 0.210430029 1.230812655 0.758289692 2.318222227 2.528934342 1.822926278 0.003891576 0.008478423 0.045706916 0.366713739 0.074775259 0.005223981 1.43071299 5.764242106 0.182839332 262.7352 0.039202462 0.10177652 0.005968914 53308.8 1209.6 9244.8 34560 20736 0.82958 76.22748
35178 729138 7.167252171 8.288674594 9.715080175 0.012538144 0.205923226 1.239003395 0.742678518 2.326500097 2.540539359 1.764447235 0.003829002 0.008202381 0.046722472 0.36840379 0.070184902 0.005563431 1.34057514 5.641646292 0.19472009 264.5874 0.039438483 0.102326671 0.006128812 53308.8 1209.6 9244.8 34560 20736 0.80101 44.20332
35179 729139 7.302096414 8.303981912 9.713489583 0.012442708 0.200833333 1.247410806 0.727316701 2.335848958 2.553645833 1.706731142 0.003762672 0.007890625 0.047907101 0.3703125 0.065758175 0.005920728 1.252900898 5.524043959 0.207225469 266.427 0.039676885 0.102875033 0.006296296 53308.8 1209.6 9244.8 34560 20736 0.76873 196.81704
35180 729140 7.441563671 8.319576865 9.711739553 0.012337707 0.195233236 1.25598086 0.712206694 2.346134937 2.568066084 1.649948831 0.00369301 0.007547619 0.049255999 0.372412536 0.061498837 0.006292806 1.167833778 5.411162443 0.220248227 268.254 0.03991684 0.10342023 0.006470355 61862.4 1209.6 12009.6 34560 20736 0.73323 188.96976
35181 729141 7.585390906 8.335361915 9.709852861 0.012224505 0.189195821 1.264659527 0.697350953 2.357224159 2.583612427 1.594271133 0.003620436 0.007177827 0.050764362 0.374676567 0.057410645 0.006676603 1.085517296 5.302729079 0.233681121 270.081 0.04015752 0.103960888 0.006649977 81129.6 1814.4 12009.6 34560 20736 0.69495 77.99652
35182 729142 7.733315083 8.351239518 9.707852284 0.01210447 0.182793975 1.27339278 0.682751931 2.36898275 2.600097182 1.539868879 0.003545373 0.006785714 0.052427388 0.377077259 0.053497356 0.007069055 1.006094966 5.198471203 0.24741691 271.8954 0.040398099 0.104495632 0.006834151 76032 1814.4 12009.6 34560 20736 0.65435 120.451968
35183 729143 7.885073167 8.367112136 9.705760599 0.011978969 0.176100583 1.282126591 0.668412084 2.381276837 2.617332665 1.486912899 0.003468243 0.006375744 0.054240273 0.379587281 0.049762727 0.007467096 0.929710303 5.098116149 0.261348351 273.6846 0.040637747 0.105023086 0.007021865 71193.6 1814.4 12009.6 34560 20736 0.61191 202.21488
35184 729144 8.040402122 8.382882226 9.703600583 0.011849368 0.169188533 1.290806931 0.654333865 2.393972546 2.635131195 1.435574026 0.00338947 0.005952381 0.056198213 0.3821793 0.046210517 0.007867663 0.856506822 5.001391253 0.275368202 275.4738 0.040875639 0.105541876 0.007212107 61862.4 1814.4 9244.8 34560 20736 0.56809 61.71228
35185 729145 8.199038912 8.398452249 9.701395013 0.011717034 0.162130709 1.299379773 0.640519729 2.406936003 2.65330509 1.38602309 0.003309474 0.005520089 0.058296406 0.384825984 0.042844481 0.008267692 0.786628038 4.908023851 0.289369222 277.2378 0.041110946 0.106050628 0.007403867 61862.4 1814.4 12009.6 34560 20736 0.52334 256.42008
35186 729146 8.360720501 8.413724662 9.699166667 0.011583333 0.155 1.307791087 0.62697213 2.420033333 2.671666667 1.338430923 0.003228678 0.005083333 0.060530048 0.3875 0.039668378 0.008664119 0.720217465 4.817741277 0.303244167 278.9892 0.041342841 0.106547965 0.007596133 61862.4 1814.4 12009.6 34560 20736 0.47813 176.15556
35187 729147 8.525183854 8.428601926 9.69693832 0.011449633 0.147869291 1.315986846 0.613693524 2.433130664 2.690028243 1.292968355 0.003147504 0.004646577 0.062894335 0.390174016 0.036685965 0.00905388 0.657418619 4.730270867 0.316885796 280.7406 0.041570497 0.107032513 0.007787893 61862.4 1814.4 12009.6 34560 20736 0.43291 145.31076
35188 729148 8.692165934 8.4429865 9.69473275 0.011317298 0.140811467 1.323913022 0.600686363 2.446094121 2.708202138 1.249806217 0.003066376 0.004214286 0.065384465 0.3928207 0.033901 0.00943391 0.598375014 4.645339956 0.330186866 282.4668 0.041793086 0.107502897 0.007978135 81129.6 2419.2 12009.6 34560 20736 0.38816 283.31856
35189 729149 8.861403707 8.456780842 9.692572734 0.011187697 0.133899417 1.331515585 0.587953104 2.458789829 2.726000668 1.209115341 0.002985713 0.003790923 0.067995635 0.395412719 0.031317239 0.009801147 0.543230166 4.56267588 0.343040136 284.1678 0.04200978 0.107957742 0.008165849 81129.6 7257.6 18230.4 34560 20736 0.34434 260.00352
35190 729150 9.032634136 8.469887412 9.69048105 0.011062196 0.127206025 1.338740509 0.575496199 2.471083916 2.743236152 1.171066558 0.00290594 0.003380952 0.07072304 0.397922741 0.02893844 0.010152525 0.492127589 4.482005973 0.355338363 285.8688 0.042219752 0.108395673 0.008350023 71193.6 3110.4 12009.6 34560 20736 0.3019 121.6307782
35191 729151 9.205594186 8.482208669 9.688480473 0.010942162 0.120804179 1.345533764 0.563318104 2.482842508 2.759720906 1.135830698 0.002827479 0.002988839 0.073561877 0.400323433 0.026768361 0.01048498 0.445210798 4.403057571 0.366974305 287.5446 0.042422175 0.108815316 0.008529645 61862.4 1814.4 12009.6 34560 20736 0.26131 132.74604
35192 729152 9.38002082 8.493647073 9.68659378 0.01082896 0.114766764 1.351841323 0.551421274 2.49393173 2.77526725 1.103578594 0.00275075 0.002619048 0.076507344 0.402587464 0.024810759 0.010795449 0.402623307 4.325558009 0.377840719 289.2078 0.04261622 0.109215294 0.008703704 53308.8 1814.4 12009.6 34560 20736 0.22303 177.65244
35193 729153 9.555651004 8.504105082 9.68484375 0.010723958 0.109166667 1.357609158 0.539808161 2.504217708 2.7896875 1.074481075 0.002676178 0.002276042 0.079554637 0.4046875 0.023069392 0.011080868 0.364508633 4.249234623 0.387830365 290.8458 0.042801062 0.109594234 0.008871188 42422.4 1814.4 12009.6 34560 20736 0.18752 47.42388
35194 729154 9.732221702 8.513485155 9.683253158 0.010628523 0.104076774 1.362783239 0.528481222 2.513566569 2.802793975 1.048708974 0.002604183 0.001964286 0.082698952 0.40659621 0.021548016 0.011338171 0.331010289 4.173814748 0.396835999 292.4712 0.042975871 0.10995076 0.009031086 42422.4 1814.4 14515.2 34560 20736 0.15525 287.40096
35195 729155 9.909469877 8.521689752 9.681844783 0.01054402 0.099569971 1.367309539 0.51744291 2.521844439 2.814398992 1.026433121 0.002535189 0.001688244 0.085935487 0.408286261 0.020250389 0.011564297 0.30227179 4.099025719 0.404750379 294.084 0.043139821 0.110283497 0.009182387 42422.4 1814.4 14515.2 34560 20736 0.12667 83.75724
35196 729156 10.08713249 8.528621333 9.680641399 0.010471817 0.095719145 1.37113403 0.50669568 2.528917444 2.824314869 1.007824347 0.002469617 0.001452381 0.089259437 0.409730321 0.019180269 0.011756179 0.278436652 4.024594871 0.411466263 295.6716 0.043292084 0.110591071 0.009324078 53308.8 1814.4 14515.2 34560 20736 0.10226 268.34976
35197 729157 10.26494652 8.534182355 9.679665786 0.01041328 0.092597182 1.374202683 0.496241986 2.53465171 2.832353924 0.993053483 0.00240789 0.001261161 0.092666001 0.410901057 0.018341412 0.011910755 0.259648389 3.95024954 0.41687641 297.234 0.043431832 0.110872106 0.009455149 61862.4 2419.2 14515.2 34560 20736 0.082462 186.3162
35198 729158 10.44264891 8.538275279 9.678940719 0.010369776 0.090276968 1.37646147 0.486084283 2.538913362 2.838328474 0.982291362 0.00235043 0.001119048 0.096150373 0.411771137 0.017737577 0.012024959 0.246050516 3.875717061 0.420873576 298.7838 0.043558239 0.111125227 0.009574588 61862.4 3974.4 18230.4 34560 20736 0.06775 318.5406
35199 729159 10.61997664 8.540802563 9.678488976 0.010342672 0.08883139 1.377856363 0.476225025 2.541568528 2.842050838 0.975708812 0.002297659 0.001030506 0.099707752 0.412313229 0.01737252 0.012095729 0.237786548 3.800724769 0.42335052 300.321 0.043670476 0.11134906 0.009681384 53308.8 3110.4 14515.2 34560 20736 0.058585 264.9024
35200 729160 10.79666667 8.541666667 9.678333333 0.010333333 0.088333333 1.378333333 0.466666667 2.542483333 2.843333333 0.973476667 0.00225 0.001 0.103333333 0.4125 0.01725 0.01212 0.235 3.725 0.4242 301.8204 0.043767716 0.111542229 0.009774524 53308.8 1814.4 14515.2 34560 20736 0.055427 286.35768
35201 729161 10.98262594 8.539893795 9.679871128 0.010333333 0.088549537 1.378200004 0.457147708 2.541173858 2.842847999 0.973929285 0.00220461 0.001501953 0.107443978 0.411981111 0.017292563 0.012106827 0.235393804 3.649472051 0.423738939 303.3072 0.043849131 0.11170336 0.009852998 42422.4 1814.4 12009.6 34560 20736 0.055995 102.7404
35202 729162 11.18656141 8.534761796 9.684358779 0.010333333 0.089175391 1.377807149 0.447435831 2.537383273 2.841420734 0.975266627 0.0021585 0.002954976 0.11243741 0.410479062 0.017419159 0.012068387 0.236536665 3.575230378 0.422393561 304.7688 0.043913895 0.111831078 0.009915794 34041.6 1209.6 12009.6 34560 20736 0.057642 257.00976
35203 729163 11.40641005 8.526550599 9.69160769 0.010333333 0.090176756 1.377165464 0.437577263 2.531318336 2.839094646 0.977457925 0.002111876 0.005279813 0.118280125 0.408075785 0.017628145 0.012006302 0.238370756 3.502242553 0.420220569 306.2178 0.04396118 0.111924007 0.009961901 34041.6 1209.6 12009.6 34560 20736 0.060276 243.85536
35204 729164 11.64010883 8.51554013 9.701429263 0.010333333 0.091519496 1.376285647 0.427618231 2.523185806 2.835912842 0.980472407 0.002064941 0.008397208 0.124938615 0.404853209 0.017917882 0.011922191 0.240838251 3.430476147 0.417276668 307.6416 0.043990157 0.111980773 0.009990307 34041.6 1209.6 12009.6 34560 20736 0.063808 265.5828
35205 729165 11.88559473 8.502010317 9.713634901 0.010333333 0.093169474 1.375178395 0.417604963 2.513192444 2.83191843 0.984279306 0.0020179 0.012227905 0.132379374 0.400893264 0.018286727 0.011817673 0.243881323 3.359898733 0.413618565 309.0276 0.044 0.112 0.01 34041.6 1209.6 12009.6 34560 20736 0.068149 177.8013924
35206 729166 12.14080471 8.486241086 9.728036008 0.010333333 0.09509255 1.373854406 0.407583687 2.501545008 2.827154517 0.988847852 0.001970955 0.016692649 0.140568897 0.396277879 0.01873304 0.01169437 0.247442146 3.290477882 0.409302962 310.401 0.043918528 0.111690422 0.009967066 34041.6 1209.6 12009.6 34560 20736 0.073208 326.75076
35207 729167 12.40367576 8.468512365 9.744443985 0.010333333 0.09725459 1.372324376 0.39760063 2.488450258 2.821664212 0.994147275 0.001924312 0.021712183 0.149473676 0.391088985 0.019255179 0.011553902 0.251462892 3.222181168 0.404386566 311.7492 0.043684057 0.110802289 0.009872584 34041.6 1209.6 12009.6 34560 20736 0.078896 105.96096
35208 729168 12.67214483 8.449104081 9.762670236 0.010333333 0.099621453 1.370599002 0.387702019 2.474114952 2.81549062 1.000146808 0.001878174 0.027207252 0.159060207 0.385408512 0.019851503 0.011397888 0.255885737 3.15497616 0.398926081 313.0722 0.043311504 0.109396501 0.009723032 34041.6 1209.6 12009.6 34560 20736 0.085122 52.164
35209 729169 12.94414891 8.428296161 9.782526163 0.010333333 0.102159005 1.368688982 0.377934082 2.45874585 2.808676851 1.006815679 0.001832745 0.0330986 0.169294981 0.379318389 0.02052037 0.011227949 0.260652852 3.088830432 0.392978211 314.37 0.042815789 0.10753396 0.009524889 34041.6 1209.6 12009.6 34560 20736 0.091797 306.0699779
35210 729170 13.21762496 8.406368533 9.803823169 0.010333333 0.104833106 1.366605013 0.368343047 2.442549712 2.80126601 1.01412312 0.00178823 0.039306972 0.180144494 0.372900546 0.021260141 0.011045705 0.265706412 3.023711555 0.386599663 315.6426 0.042211828 0.105275564 0.009284634 34041.6 1814.4 12009.6 34560 20736 0.098832 382.47552
35211 729171 13.49050996 8.383601123 9.826372657 0.010333333 0.107609619 1.364357792 0.35897514 2.425733295 2.793301207 1.022038362 0.001744832 0.04575311 0.191575239 0.366236914 0.022069173 0.010852775 0.270988589 2.959587102 0.37984714 316.89 0.041514539 0.102682216 0.009008746 34041.6 1814.4 12009.6 34560 20736 0.10614 374.787
35212 729172 13.76074089 8.360273858 9.849986029 0.010333333 0.110454408 1.361958017 0.34987659 2.408503361 2.784825548 1.030530636 0.001702755 0.052357761 0.203553709 0.359409422 0.022945825 0.010650781 0.276441558 2.896424643 0.372777347 318.1122 0.04073884 0.099814815 0.008703704 38102.4 1209.6 12009.6 34560 20736 0.11362 363.9006
35213 729173 14.0262547 8.336666667 9.874474689 0.010333333 0.113333333 1.359416384 0.341093623 2.391066667 2.775882141 1.039569172 0.001662204 0.059041667 0.216046399 0.3525 0.023888456 0.010441343 0.282007492 2.834191752 0.36544699 319.2966 0.039899649 0.096734262 0.008375985 61862.4 2419.2 18230.4 34560 20736 0.12119 358.0915617
35214 729174 14.28498839 8.313059475 9.899650039 0.010333333 0.116212259 1.35674359 0.332672467 2.373629973 2.766514093 1.049123201 0.001623382 0.065725573 0.229019802 0.345590578 0.024895425 0.010226079 0.287628563 2.772856 0.357912773 320.4684 0.039011884 0.093501458 0.00803207 53308.8 1814.4 14515.2 34560 20736 0.12877 357.07392
35215 729175 14.5348789 8.289732211 9.925323481 0.010333333 0.119057047 1.353950334 0.32465935 2.356400038 2.756764511 1.059161954 0.001586493 0.072330223 0.242440412 0.338763086 0.02596509 0.010006611 0.293246947 2.712384958 0.350231401 321.6024 0.038090462 0.090177303 0.007678436 42422.4 1209.6 12009.6 34560 20736 0.13625 371.88396
35216 729176 14.77386323 8.2669648 9.951306419 0.010333333 0.121833561 1.351047311 0.317100499 2.339583622 2.746676504 1.069654661 0.001551741 0.078776362 0.256274723 0.332099454 0.027095811 0.009784559 0.298804815 2.6527462 0.342459579 322.7112 0.037150302 0.086822697 0.007321564 34041.6 1209.6 12009.6 34560 20736 0.14355 302.05224
35217 729177 14.99987835 8.245037172 9.977410256 0.010333333 0.124507662 1.34804522 0.310042142 2.323387483 2.736293179 1.080570554 0.001519331 0.084984733 0.270489229 0.325681611 0.028285946 0.009561543 0.304244342 2.593907296 0.334654011 323.7822 0.036206321 0.083498542 0.00696793 34041.6 1209.6 12009.6 34560 20736 0.15059 281.98044
35218 729178 15.21086121 8.224229252 10.00344639 0.010333333 0.127045213 1.344954756 0.303530505 2.308018381 2.725657643 1.091878862 0.001489467 0.090876081 0.285050422 0.319591488 0.029533854 0.009339183 0.309507701 2.535835819 0.326871403 324.8406 0.035273438 0.080265738 0.006624015 34041.6 1209.6 12009.6 34560 20736 0.15726 320.28696
35219 729179 15.40474881 8.204820968 10.02922624 0.010333333 0.129412077 1.341786619 0.297611817 2.293683075 2.714813004 1.103548818 0.001462352 0.09637115 0.299924798 0.313911015 0.030837894 0.009119099 0.314537065 2.478499341 0.31916846 325.8612 0.034366569 0.077185185 0.006296296 34041.6 1209.6 12009.6 34560 20736 0.16349 366.78096
35220 729180 15.5794781 8.187092247 10.05456118 0.010333333 0.131574116 1.338551504 0.292332305 2.280588325 2.703802369 1.115549651 0.00143819 0.101390684 0.315078849 0.308722121 0.032196424 0.008902911 0.319274608 2.421865434 0.311601886 326.844 0.033500632 0.074317784 0.005991254 34041.6 1209.6 12009.6 34560 20736 0.16918 358.579486
35221 729181 15.73298607 8.171323016 10.07926264 0.010333333 0.133497193 1.335260109 0.287738197 2.268940889 2.692668845 1.127850592 0.001417186 0.105855428 0.33047907 0.304106736 0.033607804 0.00869224 0.323662503 2.365901669 0.304228385 327.8016 0.032690547 0.071724436 0.005715366 34041.6 1209.6 12009.6 34560 20736 0.17424 361.33776
35222 729182 15.86320967 8.157793203 10.10314201 0.010333333 0.13514717 1.331923131 0.283875719 2.258947527 2.681455541 1.140420873 0.001399543 0.109686125 0.346091955 0.300146791 0.035070392 0.008488705 0.327642924 2.310575618 0.297104664 328.7214 0.031951229 0.06946604 0.005475111 34041.6 1209.6 9244.8 34560 20736 0.17858 308.74284
35223 729183 15.9680859 8.146782734 10.1260107 0.010333333 0.13648991 1.328551267 0.2807911 2.250814998 2.670205564 1.153229723 0.001385466 0.11280352 0.361883996 0.296924215 0.036582546 0.008293926 0.331158044 2.255854854 0.290287427 329.616 0.031297598 0.067603499 0.005276968 34041.6 1209.6 9244.8 34560 20736 0.18211 318.17772
35224 729184 16.04555172 8.138571537 10.1476801 0.010333333 0.137491276 1.325155215 0.278530566 2.244750061 2.658962021 1.166246374 0.001375158 0.115128357 0.377821688 0.294520938 0.038142627 0.008109525 0.334150037 2.201706949 0.283833378 330.4854 0.030744571 0.066197711 0.005127416 34041.6 1209.6 7603.2 34560 20736 0.18474 286.01748
35225 729185 16.09354409 8.133439539 10.16796162 0.010333333 0.138117129 1.321745671 0.277140346 2.240959475 2.647768019 1.179440056 0.001368823 0.11658138 0.393871525 0.293018889 0.039748992 0.007937121 0.336561075 2.148099473 0.277799223 331.3044 0.030307066 0.065309578 0.005032934 34041.6 1209.6 5875.2 34560 20736 0.18639 231.31332
35226 729186 16.11 8.131666667 10.18666667 0.010333333 0.138333333 1.318333333 0.276666667 2.23965 2.636666667 1.19278 0.001366667 0.117083333 0.41 0.2925 0.0414 0.007778333 0.338333333 2.095 0.272241667 332.0982 0.03 0.065 0.005 34041.6 1209.6 5875.2 34560 20736 0.18696 363.42432
35227 729187 16.10758361 8.132433406 10.20425861 0.010318812 0.138141649 1.314695198 0.277439439 2.240537001 2.624503926 1.208755105 0.001377238 0.116732492 0.427710322 0.292824728 0.043957388 0.0076232 0.339756891 2.041937461 0.266812015 332.8668 0.02976524 0.065177744 0.005 34041.6 1209.6 5875.2 34560 20736 0.18631 328.15692
35228 729188 16.10056187 8.134661459 10.22135671 0.010276614 0.137584635 1.310617202 0.279695858 2.24313615 2.610220545 1.229610936 0.001407959 0.115712989 0.448355588 0.293769083 0.048198016 0.007461273 0.341158999 1.98852831 0.261144543 333.585 0.029534894 0.065694247 0.005 34041.6 1209.6 5875.2 34560 20736 0.18441 335.50524
35229 729189 16.0892759 8.138242582 10.23800622 0.010208789 0.136689354 1.306123453 0.283343073 2.247354665 2.594001809 1.254951724 0.001457335 0.114074354 0.471677127 0.295288324 0.053992925 0.00729344 0.342537582 1.934871397 0.255270405 334.278 0.029309238 0.066524417 0.005 34041.6 1209.6 7603.2 34560 20736 0.18137 352.46988
35230 729190 16.07406686 8.143068528 10.25425238 0.010117389 0.135482868 1.301238058 0.288288236 2.253099766 2.576033003 1.284381698 0.001523874 0.111866118 0.497416268 0.29733771 0.06121316 0.007120593 0.34389057 1.881065576 0.249220756 334.9332 0.029088552 0.067643159 0.005 34041.6 1209.6 5875.2 34560 20736 0.17727 358.911
35231 729191 16.05527588 8.149031052 10.27014044 0.010004462 0.133992237 1.295985126 0.294438498 2.260278672 2.556499413 1.317505088 0.001606085 0.109137811 0.525314337 0.299872498 0.069729762 0.006943621 0.345215888 1.827209697 0.24302675 335.5506 0.028873113 0.06902538 0.005 34041.6 1209.6 5875.2 34560 20736 0.1722 303.82128
35232 729192 16.03324409 8.156021909 10.28571566 0.00987206 0.132244523 1.290388764 0.301701009 2.268798602 2.535586324 1.353926126 0.001702474 0.105938965 0.555112664 0.302847947 0.079413775 0.006763416 0.346511464 1.773402613 0.236719544 336.1428 0.028663199 0.070645988 0.005 34041.6 1209.6 7603.2 34560 20736 0.16626 179.172
35233 729193 16.00831263 8.163932852 10.30102327 0.009722231 0.130266787 1.28447308 0.309982921 2.278566775 2.513479022 1.393249041 0.001811549 0.102319109 0.586552576 0.306219316 0.090136242 0.006580865 0.347775226 1.719743176 0.230330291 336.6846 0.028459089 0.072479888 0.005 34041.6 1209.6 7603.2 34560 20736 0.15954 64.70604
35234 729194 15.98082264 8.172655637 10.31610852 0.009557027 0.128086091 1.27826218 0.319191383 2.28949041 2.490362792 1.435078062 0.001931818 0.098327774 0.619375402 0.309941862 0.101768205 0.006396861 0.349005099 1.666330239 0.223890147 337.1886 0.028261061 0.074501989 0.005 34041.6 1209.6 5875.2 34560 20736 0.15213 85.29948
35235 729195 15.95111526 8.182082018 10.33101666 0.009378497 0.125729496 1.271780174 0.329233548 2.301476726 2.466422919 1.479017422 0.002061787 0.094014491 0.653322469 0.313970845 0.114180707 0.006212293 0.350199012 1.613262652 0.217430267 337.6674 0.028069393 0.076687195 0.005 34041.6 1209.6 7603.2 34560 20736 0.14412 116.28036
35236 729196 15.91953162 8.192103749 10.34579294 0.009188692 0.123224063 1.265051168 0.340016566 2.314432942 2.441844689 1.524671349 0.002199966 0.08942879 0.688135107 0.318261522 0.127244792 0.006028052 0.351354891 1.560639268 0.210981805 338.0958 0.027884363 0.079010415 0.005 42422.4 1209.6 12009.6 34560 20736 0.1356 248.07384
35237 729197 15.88641286 8.202612585 10.3604826 0.008989661 0.120596854 1.258099271 0.351447588 2.328266276 2.416813387 1.571644074 0.00234486 0.084620201 0.723554643 0.322769153 0.140831501 0.005845026 0.352470664 1.508558938 0.204575918 338.4864 0.02770625 0.081446554 0.005 53308.8 1209.6 16588.8 34560 20736 0.12667 52.77636
35238 729198 15.85210013 8.21350028 10.37513089 0.008783454 0.11787493 1.250948589 0.363433765 2.342883949 2.391514298 1.619539827 0.002494979 0.079638256 0.759322405 0.327448994 0.154811879 0.005664107 0.353544258 1.457120516 0.198243758 338.8392 0.027535331 0.083970519 0.005 71193.6 3110.4 18230.4 34560 20736 0.11742 45.45072
35239 729199 15.81693455 8.224658589 10.38978306 0.008572123 0.115085353 1.243623231 0.375882247 2.358193179 2.366132708 1.667962838 0.002648828 0.074532484 0.795179722 0.332256305 0.169056967 0.005486185 0.3545736 1.406422853 0.192016482 339.1542 0.027371884 0.086557218 0.005 103680 2419.2 14515.2 34560 20736 0.10793 268.57656
35240 729200 15.78125726 8.235979267 10.40448435 0.008357716 0.112255183 1.236147304 0.388700186 2.374101184 2.340853903 1.716517338 0.002804916 0.069352416 0.830867922 0.337146345 0.183437808 0.00531215 0.355556617 1.3565648 0.185925245 339.4314 0.027216189 0.089181557 0.005 81129.6 1814.4 12009.6 34560 20736 0.098313 267.03432
35241 729201 15.74540941 8.247354067 10.41928002 0.008142284 0.109411483 1.228544916 0.401794733 2.390515185 2.315863167 1.764807557 0.002961751 0.064147584 0.866128332 0.342074371 0.197825446 0.005142891 0.356491236 1.307645211 0.180001201 339.6582 0.027068522 0.091818443 0.005 71193.6 1814.4 9244.8 34560 20736 0.088647 293.16168
35242 729202 15.70973212 8.258674744 10.4342153 0.007927877 0.106581314 1.220840174 0.415073037 2.4073424 2.291345786 1.812437725 0.003117839 0.058967516 0.900702282 0.346995641 0.212090924 0.0049793 0.357375384 1.259762936 0.174275505 339.8598 0.026929163 0.094442782 0.005 71193.6 1814.4 9244.8 34560 20736 0.079026 211.98996
35243 729203 15.67456654 8.269833053 10.44933545 0.007716546 0.103791737 1.213057186 0.428442251 2.424490048 2.267487046 1.859012071 0.003271688 0.053861744 0.934331098 0.351865415 0.226105283 0.004822266 0.358206989 1.213016828 0.168779313 340.011 0.026798388 0.097029481 0.005 53308.8 1814.4 7603.2 34560 20736 0.069544 46.88251826
35244 729204 15.6402538 8.280720748 10.46468571 0.007510339 0.101069813 1.20522006 0.441809526 2.441865349 2.244472231 1.904134827 0.003421806 0.048879799 0.966756111 0.35663895 0.239739567 0.004672679 0.358983977 1.167505738 0.163543779 340.1118 0.026676478 0.099553446 0.005 53308.8 1814.4 7603.2 34560 20736 0.060291 58.7412
35245 729205 15.60713505 8.291229584 10.48031134 0.007311308 0.098442604 1.197352903 0.455082011 2.45937552 2.222486628 1.947410223 0.003566701 0.04407121 0.997718646 0.361271506 0.252864819 0.00453143 0.359704277 1.12332852 0.158600058 340.1748 0.026563708 0.101989585 0.005 61862.4 1814.4 7603.2 34560 20736 0.051361 81.03389538
35246 729206 15.57555141 8.301251315 10.49625756 0.007121503 0.095937171 1.189479824 0.468166858 2.476927782 2.201715522 1.988442488 0.003704879 0.039485509 1.026960034 0.36571834 0.265352082 0.004399409 0.360365814 1.080584024 0.153979306 340.2 0.026460359 0.104312805 0.005 71193.6 4924.8 18230.4 34560 20736 0.042844 107.3465018
35247 729207 15.54584403 8.310677696 10.51256965 0.006942973 0.093580576 1.181624929 0.480971218 2.494429352 2.182344197 2.026835854 0.003834849 0.035172226 1.054221601 0.36993471 0.277072399 0.004277505 0.360966516 1.039371103 0.149712676 340.1748 0.026366707 0.106498011 0.005 71193.6 2419.2 12009.6 34560 20736 0.034833 296.90388
35248 729208 15.51835404 8.319400481 10.52929283 0.006777769 0.09139988 1.173812326 0.493402242 2.511787451 2.16455794 2.062194549 0.003955118 0.031180891 1.079244677 0.373875876 0.287896812 0.004166609 0.361504311 0.999788609 0.145831325 340.1118 0.026283032 0.108520112 0.005 91584 3974.4 18230.4 34560 20736 0.02742 224.03304
35249 729209 15.49342258 8.327311425 10.54647236 0.00662794 0.089422144 1.166066123 0.50536708 2.528909298 2.148542036 2.094122805 0.004064193 0.027561035 1.101770589 0.377497094 0.297696364 0.004067612 0.361977124 0.961935394 0.142366407 340.011 0.026209611 0.110354012 0.005 128736 3110.4 14515.2 34560 20736 0.020698 183.95748
35250 729210 15.47139079 8.334302281 10.56415348 0.006495538 0.08767443 1.158410428 0.516772884 2.54570211 2.134481769 2.122224852 0.004160582 0.024362189 1.121540665 0.380753625 0.306342098 0.003981402 0.362382885 0.925910309 0.139349076 339.8598 0.026146722 0.11197462 0.005 78969.6 2419.2 12009.6 34560 20736 0.014757 126.05544
35251 729211 15.45259981 8.340264805 10.58238145 0.006382611 0.086183799 1.150869348 0.527526804 2.562073108 2.122562427 2.146104919 0.004242793 0.021633882 1.138296234 0.383600726 0.313705057 0.003908871 0.362719519 0.891812207 0.136810489 339.6708 0.026094644 0.113356841 0.005 57888 2419.2 12009.6 34560 20736 0.0096895 323.14464
35252 729212 15.43739076 8.345090751 10.6012015 0.006291211 0.084977312 1.143466991 0.537535992 2.57792951 2.112969293 2.165367237 0.004309332 0.019425646 1.151778624 0.385993656 0.319656284 0.003850909 0.362984953 0.85973994 0.134781799 339.4314 0.026053654 0.114475583 0.005 48556.8 1814.4 12009.6 34560 20736 0.0055883 199.65204
35253 729213 15.4261048 8.348671874 10.62065889 0.006223386 0.084082032 1.136227464 0.546707597 2.593178536 2.105887654 2.179616037 0.004358708 0.017787011 1.161729163 0.387887672 0.324066821 0.003808405 0.363177116 0.82979236 0.133294162 339.1668 0.026024032 0.115305753 0.005 67996.8 1814.4 9244.8 34560 20736 0.002545 247.6656
35254 729214 15.41908306 8.350899928 10.64079887 0.006181188 0.083525018 1.129174876 0.554948772 2.607727404 2.101502794 2.188455548 0.004389428 0.016767508 1.167889179 0.389238034 0.326807712 0.00378225 0.363293933 0.802068318 0.132378733 338.8518 0.026006054 0.115822256 0.005 57888 1814.4 9244.8 34560 20736 0.00065159 283.99896
35255 729215 15.41666667 8.351666667 10.66166667 0.006166667 0.083333333 1.122333333 0.562166667 2.621483333 2.1 2.19149 0.0044 0.016416667 1.17 0.39 0.32775 0.003773333 0.363333333 0.776666667 0.132066667 338.499 0.026 0.116 0.005 48556.8 3110.4 18230.4 34560 20736 0 346.75452
35256 729216 15.42121956 8.351363989 10.68412321 0.006168956 0.08334576 1.115613794 0.568749062 2.635120704 2.1012158 2.189603771 0.004397477 0.016550328 1.169417535 0.390447764 0.327297204 0.003777884 0.363200972 0.752488897 0.132225945 338.1084 0.026036035 0.11597359 0.005 40176 2419.2 18230.4 34560 20736 0 315.66024
35257 729217 15.43459805 8.350474581 10.70890992 0.006175682 0.08338282 1.108910432 0.575150476 2.649347425 2.10478838 2.18406116 0.004390063 0.016943088 1.167705985 0.390885347 0.325966679 0.003791298 0.362809956 0.728385697 0.132695443 337.68 0.026141341 0.115895834 0.005 40176 2419.2 16588.8 34560 20736 0 339.49692
35258 729218 15.45638187 8.349026382 10.73589287 0.006186635 0.083444185 1.102222178 0.581378163 2.664121007 2.110605513 2.175036279 0.00437799 0.017582607 1.164919116 0.391312742 0.323800223 0.003813219 0.362169383 0.704379714 0.133462649 337.2138 0.02631172 0.115768943 0.005 40176 1814.4 16588.8 34560 20736 0 187.83576
35259 729219 15.48615076 8.347047333 10.76493808 0.006201603 0.083529527 1.095547966 0.587439377 2.67939896 2.118554971 2.162703243 0.004361489 0.018456549 1.161110694 0.391729944 0.320839632 0.003843287 0.361288353 0.680493597 0.134515057 336.7098 0.026542974 0.115595131 0.005 40176 1814.4 16588.8 34560 20736 0 282.7062
35260 729220 15.52348446 8.344565372 10.7959116 0.006220374 0.083638517 1.088886727 0.593341374 2.695138796 2.128524527 2.147236165 0.004340793 0.019552574 1.156334484 0.392136949 0.317126702 0.003881147 0.360175966 0.656749992 0.135840156 336.168 0.026830904 0.115376607 0.005 40176 1209.6 16588.8 34560 20736 0 351.33588
35261 729221 15.56796268 8.34160844 10.82867948 0.006242737 0.083770827 1.082237394 0.599091408 2.711298025 2.140401953 2.128809159 0.004316134 0.020858346 1.150644252 0.392533751 0.312703231 0.003926441 0.35884132 0.633171547 0.137425438 335.5884 0.027171312 0.115115583 0.005 40176 1209.6 16588.8 34560 20736 0 328.4064
35262 729222 15.61916518 8.338204475 10.86310776 0.006268482 0.083926128 1.075598897 0.604696735 2.727834159 2.154075022 2.107596337 0.004287742 0.022361525 1.144093766 0.392920344 0.307611014 0.003978811 0.357293516 0.60978091 0.139258395 334.971 0.02756 0.114814273 0.005 48556.8 1209.6 18230.4 34560 20736 0 324.0972
35263 729223 15.67667168 8.334381417 10.89906249 0.006297395 0.084104092 1.06897017 0.61016461 2.744704707 2.169431505 2.083771813 0.004255852 0.024049775 1.136736789 0.393296725 0.301891848 0.004037901 0.355541653 0.586600729 0.141326518 334.3158 0.02799277 0.114474885 0.005 29980.8 1209.6 16588.8 34560 20736 0 347.43492
35264 729224 15.74006191 8.330167207 10.93640972 0.006329268 0.08430439 1.062350145 0.615502286 2.761867182 2.186359175 2.057509701 0.004220693 0.025910756 1.12862709 0.393662886 0.295587531 0.004103351 0.353594829 0.563653651 0.143617297 333.6354 0.028465423 0.114099634 0.005 29980.8 1209.6 16588.8 34560 20736 0 338.54436
35265 729225 15.8089156 8.325589782 10.97501548 0.006363887 0.084526695 1.055737753 0.620717019 2.779279095 2.204745805 2.028984115 0.004182498 0.027932131 1.119818432 0.394018823 0.288739857 0.004174806 0.351462145 0.540962324 0.146118224 332.9172 0.028973761 0.11369073 0.005 29980.8 1209.6 16588.8 34560 20736 0 348.27408
35266 729226 15.8828125 8.320677083 11.01474582 0.006401042 0.084770677 1.049131926 0.625816065 2.796897955 2.224479167 1.998369167 0.0041415 0.030101563 1.110364583 0.394364532 0.281390625 0.004251908 0.349152699 0.518549395 0.148816791 332.1612 0.029513586 0.113250384 0.005 29980.8 1209.6 16588.8 34560 20736 0 215.82288
35267 729227 15.96133233 8.31545705 11.05546678 0.006440521 0.085036008 1.042531598 0.630806677 2.814681273 2.245447032 1.965838971 0.004097929 0.032406712 1.100319309 0.394700005 0.27358163 0.0043343 0.346675592 0.496437513 0.151700487 331.3674 0.0300807 0.112780809 0.005 22464 1209.6 16588.8 34560 20736 0 212.55696
35268 729228 16.04405483 8.309957621 11.09704442 0.006482113 0.085322359 1.035935699 0.635696111 2.832586562 2.267537174 1.93156764 0.004052018 0.034835241 1.089736375 0.395025239 0.26535467 0.004421623 0.344039922 0.474649325 0.154756806 330.5484 0.030670904 0.112284217 0.005 22464 1209.6 16588.8 34560 20736 0 319.17564
35269 729229 16.13055973 8.304206737 11.13934477 0.006525607 0.085629402 1.029343162 0.640491621 2.850571331 2.290637365 1.895729289 0.004003999 0.037374812 1.078669547 0.395340229 0.25675154 0.004513521 0.341254788 0.453207478 0.157973237 329.6916 0.03128 0.111762818 0.005 22464 1209.6 16588.8 34560 20736 0 317.81484
35270 729230 16.22042676 8.298232336 11.18223389 0.006570792 0.08595681 1.022752918 0.645200462 2.868593092 2.314635378 1.85849803 0.003954104 0.040013087 1.067172591 0.395644968 0.247814038 0.004609636 0.338329292 0.432134621 0.161337272 328.8096 0.03190379 0.111218824 0.005 22464 1209.6 16588.8 34560 20736 0 251.58924
35271 729231 16.31323566 8.292062359 11.2255778 0.006617456 0.086304252 1.016163901 0.64982989 2.886609356 2.339418983 1.820047976 0.003902564 0.042737729 1.055299274 0.395939451 0.238583959 0.004709612 0.33527253 0.4114534 0.164836403 327.8898 0.032538076 0.110654447 0.005 29980.8 1209.6 16588.8 34560 20736 0 290.32668
35272 729232 16.40856616 8.285724745 11.26924257 0.006665387 0.086671401 1.009575042 0.654387159 2.904577632 2.364875955 1.780553243 0.003849611 0.045536398 1.043103361 0.396223674 0.229103102 0.004813089 0.332093604 0.391186464 0.168458119 326.9322 0.033178659 0.110071899 0.005 29980.8 1209.6 16588.8 34560 20736 0 158.76
35273 729233 16.505998 8.279247433 11.31309424 0.006714375 0.087057928 1.002985272 0.658879524 2.922455434 2.390894065 1.740187941 0.003795478 0.048396757 1.030638618 0.396497631 0.219413261 0.004919712 0.328801612 0.371356461 0.172189914 325.962 0.033821341 0.109473391 0.005 22464 1209.6 16588.8 34560 20736 0 315.75096
35274 729234 16.6051109 8.272658363 11.35699884 0.006764208 0.087463505 0.996393525 0.66331424 2.94020027 2.417361085 1.699126186 0.003740396 0.051306468 1.017958811 0.396761317 0.209556234 0.005029122 0.325405654 0.351986037 0.176019277 324.9414 0.034461924 0.108861136 0.005 22464 1209.6 16588.8 34560 20736 0 332.262
35275 729235 16.7054846 8.265985475 11.40082242 0.006814676 0.087887803 0.989798732 0.667698561 2.957769652 2.444164788 1.657542091 0.003684597 0.054253193 1.005117706 0.397014726 0.199573817 0.005140963 0.321914829 0.333097841 0.1799337 323.9082 0.03509621 0.108237343 0.005 22464 1209.6 16588.8 34560 20736 0 318.56328
35276 729236 16.80669883 8.259256707 11.44443104 0.006865566 0.088330494 0.983199825 0.672039744 2.975121091 2.471192947 1.615609769 0.003628314 0.057224594 0.992169069 0.397257854 0.189507807 0.005254876 0.318338236 0.31471452 0.183920675 322.8372 0.03572 0.107604226 0.005 22464 1209.6 16588.8 34560 20736 0 160.07544
35277 729237 16.90833333 8.2525 11.48769073 0.006916667 0.088791249 0.976595737 0.676345041 2.992212099 2.498333333 1.573503333 0.003571777 0.060208333 0.979166667 0.397490695 0.1794 0.005370505 0.314684975 0.296858722 0.187967692 321.7284 0.036329096 0.106963996 0.005 22464 1209.6 16588.8 34560 20736 0 145.12932
35278 729238 17.00996783 8.245743293 11.53046753 0.006967768 0.08926974 0.969985399 0.680621709 3.009000184 2.52547372 1.531396898 0.003515219 0.063192072 0.966164264 0.397713244 0.169292193 0.005487493 0.310964146 0.279553094 0.192062242 320.607 0.0369193 0.106318864 0.005 22464 1209.6 14515.2 34560 20736 0 254.2428
35279 729239 17.11118207 8.239014525 11.5726275 0.007018658 0.089765639 0.963367744 0.684877002 3.02544286 2.552501878 1.489464576 0.003458872 0.066163474 0.953215627 0.397925495 0.159226183 0.005605481 0.307184847 0.262820285 0.196191818 319.4478 0.037486414 0.105671043 0.005 22464 1209.6 14515.2 34560 20736 0 255.62628
35280 729240 17.21155577 8.232341637 11.61403668 0.007069125 0.090278616 0.956741703 0.689118176 3.041497636 2.579305582 1.44788048 0.003402968 0.069110199 0.940374523 0.398127444 0.149243766 0.005724112 0.303356178 0.246682942 0.200343909 318.2634 0.038026239 0.105022743 0.005 22464 1814.4 16588.8 34560 20736 0 205.5942
35281 729241 17.31066867 8.225752567 11.65456111 0.007118958 0.090808344 0.950106208 0.693352484 3.057122024 2.605772602 1.406818725 0.003347738 0.07201991 0.927694716 0.398319085 0.139386739 0.005843029 0.299487238 0.231163712 0.204506008 317.0538 0.038534577 0.104376176 0.005 67996.8 1209.6 14515.2 34560 20736 0 96.4951966
35282 729242 17.4081005 8.219275255 11.69406683 0.007167946 0.091354494 0.943460193 0.697587182 3.072273534 2.631790712 1.366453424 0.003293415 0.074880269 0.915229973 0.398500412 0.129696898 0.005961874 0.295587127 0.216285243 0.208665605 315.819 0.03900723 0.103733555 0.005 48556.8 1209.6 14515.2 34560 20736 0 273.70224
35283 729243 17.503431 8.212937641 11.7324199 0.007215878 0.091916738 0.936802588 0.701829525 3.086909678 2.657247683 1.32695869 0.00324023 0.077678938 0.90303406 0.398671422 0.120216041 0.006080291 0.291664945 0.202070184 0.212810192 314.5464 0.03944 0.10309709 0.005 40176 1209.6 14515.2 34560 20736 0 272.88576
35284 729244 17.5962399 8.206767664 11.76948636 0.007262541 0.092494747 0.930132325 0.706086767 3.100987966 2.682031289 1.288508637 0.003188416 0.080403579 0.891160742 0.398832108 0.110985962 0.006197922 0.287729789 0.188541181 0.21692726 313.2612 0.039828688 0.102468993 0.005 29980.8 1209.6 14515.2 34560 20736 0 196.81704
35285 729245 17.68610694 8.200793263 11.80513224 0.007307726 0.093088192 0.923448338 0.710366164 3.114465908 2.706029301 1.251277378 0.003138204 0.083041854 0.879663787 0.398982465 0.10204846 0.006314409 0.283790761 0.175720882 0.2210043 311.9508 0.040169096 0.101851477 0.005 29980.8 1209.6 14515.2 34560 20736 0 66.08276426
35286 729246 17.77261184 8.195042379 11.83922361 0.00735122 0.093696746 0.916749558 0.71467497 3.127301017 2.729129492 1.215439026 0.003089825 0.085581426 0.868596959 0.399122488 0.09344533 0.006429394 0.279856959 0.163631935 0.225028803 310.6026 0.040457026 0.101246752 0.005 22464 1209.6 14515.2 34560 20736 0 206.29728
35287 729247 17.85533434 8.18954295 11.87162649 0.007392812 0.094320079 0.910034916 0.719020441 3.139450803 2.751219634 1.181167696 0.003043513 0.088009955 0.858014025 0.399252171 0.08521837 0.006542522 0.275937482 0.152296987 0.22898826 309.2418 0.04068828 0.10065703 0.005 22464 1209.6 14515.2 34560 20736 0 230.97312
35288 729248 17.93385417 8.184322917 11.90220694 0.007432292 0.094957863 0.903303346 0.72340983 3.150872777 2.7721875 1.1486375 0.002999499 0.090315104 0.84796875 0.399371511 0.077409375 0.006653433 0.27204143 0.141738687 0.232870164 307.8558 0.040858659 0.100084523 0.005 22464 1814.4 14515.2 34560 20736 0 165.04236
35289 729249 18.00775106 8.179410218 11.930831 0.007469447 0.095609771 0.896553779 0.727850394 3.161524449 2.791920862 1.118022552 0.002958015 0.092484535 0.838514901 0.3994805 0.070060143 0.006761772 0.268177903 0.131979682 0.236662004 306.4446 0.040963965 0.099531442 0.005 29980.8 2419.2 20649.6 34560 20736 0 260.91072
35290 729250 18.07660476 8.174832793 11.95736471 0.007504066 0.096275472 0.889785147 0.732349386 3.171363331 2.810307491 1.089496965 0.002919292 0.094505911 0.829706244 0.399579134 0.063212469 0.006867179 0.264356 0.123042619 0.240351272 305.0208 0.041 0.099 0.005 48556.8 3110.4 18230.4 34560 20736 0 257.6448
35291 729251 18.13999499 8.170618583 11.98167413 0.007535938 0.09695464 0.882996382 0.736914062 3.180346933 2.827235162 1.063234853 0.002883564 0.096366892 0.821596544 0.399667408 0.056908152 0.006969299 0.260584819 0.114950147 0.24392546 303.5592 0.040974598 0.098474573 0.005 48556.8 1814.4 16588.8 34560 20736 0 127.03068
35292 729252 18.19750149 8.166795525 12.00362529 0.007564852 0.097646944 0.876186416 0.741551676 3.188432767 2.842591645 1.03941033 0.00285106 0.098055141 0.814239568 0.399745316 0.051188986 0.007067773 0.256873461 0.107724912 0.247372058 302.085 0.040900214 0.097938599 0.005 40176 1209.6 16588.8 34560 20736 0 185.976
35293 729253 18.24870398 8.16339156 12.02308423 0.007590596 0.098352058 0.869354182 0.746269484 3.195578343 2.856264713 1.018197508 0.002822014 0.099558321 0.807689081 0.399812854 0.046096769 0.007162245 0.253231025 0.101389563 0.250678558 300.5856 0.040779578 0.097392876 0.005 29980.8 1814.4 16588.8 34560 20736 0 267.1105634
35294 729254 18.29318221 8.160434628 12.03991701 0.007612959 0.099069652 0.862498612 0.751074741 3.201741173 2.868142139 0.999770502 0.002796658 0.100864092 0.80199885 0.399870016 0.041673298 0.007252356 0.249666611 0.095966747 0.25383245 299.061 0.040615422 0.096838203 0.005 29980.8 1814.4 16588.8 34560 20736 0 289.07928
35295 729255 18.3305159 8.157952667 12.05398968 0.007631731 0.099799398 0.855618637 0.7559747 3.206878766 2.878111695 0.984303423 0.002775223 0.101960118 0.79722264 0.399916796 0.037960368 0.007337749 0.246189316 0.091479112 0.256821227 297.5238 0.040410476 0.096275379 0.005 29980.8 1814.4 16588.8 34560 20736 0 240.92964
35296 729256 18.3602848 8.155973618 12.06516826 0.007646698 0.100540968 0.848713189 0.760976617 3.210948635 2.886061154 0.971970388 0.002757941 0.102834059 0.793414217 0.39995319 0.034999777 0.007418068 0.242808242 0.087949305 0.259632379 295.974 0.040167473 0.095705204 0.005 26092.8 1209.6 16588.8 34560 20736 0 239.29668
35297 729257 18.38206862 8.154525419 12.07331881 0.007657651 0.101294033 0.841781202 0.766087748 3.213908289 2.891878287 0.962945507 0.002745044 0.103473579 0.790627348 0.399979192 0.032833321 0.007492954 0.239532487 0.085399975 0.262253398 294.3864 0.039889142 0.095128476 0.005 22464 1209.6 16588.8 34560 20736 0 277.96608
35298 729258 18.39544711 8.153636011 12.07830738 0.007664378 0.102058264 0.834821606 0.771315346 3.215715241 2.895450867 0.957402896 0.002736764 0.103866338 0.788915798 0.399994797 0.031502796 0.007562051 0.236371151 0.083853768 0.264671775 292.7988 0.039578215 0.094545996 0.005 22464 1209.6 16588.8 34560 20736 0 133.8795574
35299 729259 18.4 8.153333333 12.08 0.007666667 0.102833333 0.827833333 0.776666667 3.216327 2.896666667 0.955516667 0.002733333 0.104 0.788333333 0.4 0.03105 0.007625 0.233333333 0.083333333 0.266875 291.1734 0.039237423 0.093958561 0.005 22464 1209.6 18230.4 34560 20736 0 131.40792
35300 729260 18.39374678 8.153536614 12.07925941 0.007659882 0.103720088 0.820719942 0.782289963 3.213809356 2.893426962 0.955872625 0.002732416 0.104 0.788333333 0.399243846 0.031131254 0.007682853 0.230273952 0.083767578 0.268899845 289.548 0.038869497 0.093366971 0.005 40176 2419.2 18230.4 34560 20736 0 134.92332
35301 729261 18.37538979 8.154134572 12.07707551 0.007640071 0.104813144 0.813397979 0.788305662 3.206451017 2.883967026 0.956913631 0.002731521 0.104 0.788333333 0.39703401 0.031372765 0.00773708 0.227052266 0.085052977 0.270797815 287.8974 0.038477169 0.092772025 0.005 40176 1814.4 16588.8 34560 20736 0 72.09972
35302 729262 18.34553307 8.155109385 12.07350509 0.007608047 0.106102829 0.805885858 0.794679286 3.194543873 2.868675622 0.958599384 0.00273065 0.104 0.788333333 0.393458431 0.031771155 0.007787957 0.223683885 0.08716353 0.272578501 286.2342 0.038063169 0.092174522 0.005 40176 1814.4 16588.8 34560 20736 0 95.77764
35303 729263 18.30478063 8.156443228 12.06860495 0.007564624 0.107579469 0.798201996 0.801376353 3.178379815 2.847941516 0.960889583 0.002729802 0.104 0.788333333 0.388605047 0.032323043 0.007835757 0.220184417 0.090073233 0.274251496 284.5458 0.037630228 0.091575262 0.005 40176 1814.4 16588.8 34560 20736 0 213.55488
35304 729264 18.25373651 8.158118277 12.06243189 0.007510618 0.109233391 0.790364807 0.808362382 3.158250733 2.82215347 0.963743925 0.002728978 0.104 0.788333333 0.382561797 0.033025053 0.007880754 0.216569471 0.093756085 0.275826392 282.8448 0.037181078 0.090975043 0.005 40176 1814.4 16588.8 34560 20736 0 124.08228
35305 729265 18.19300473 8.160116707 12.05504272 0.007446842 0.111054922 0.782392708 0.815602894 3.134448518 2.791700251 0.967122109 0.002728178 0.104 0.788333333 0.375416619 0.033873806 0.007923222 0.212854658 0.098186084 0.277312781 281.1312 0.03671845 0.090374664 0.005 57888 1814.4 16588.8 34560 20736 0 119.81844
35306 729266 18.12318931 8.162420696 12.04649421 0.00737411 0.113034388 0.774304113 0.823063408 3.10726506 2.756970622 0.970983833 0.002727403 0.104 0.788333333 0.367257453 0.034865923 0.007963436 0.209055586 0.103337228 0.278720255 279.405 0.036245075 0.089774926 0.005 48556.8 3110.4 18230.4 34560 20736 0 87.15924
35307 729267 18.04489428 8.165012418 12.03684318 0.007293236 0.115162116 0.766117438 0.830709443 3.076992248 2.718353348 0.975288796 0.002726653 0.104 0.788333333 0.358172237 0.035998026 0.008001669 0.205187864 0.109183516 0.280058406 277.6536 0.035763683 0.089176626 0.005 40176 1814.4 18230.4 34560 20736 0 43.61364
35308 729268 17.95872366 8.167874049 12.02614643 0.007205034 0.117428433 0.757851098 0.83850652 3.043921974 2.676237194 0.979996697 0.002725927 0.104 0.788333333 0.348248909 0.037266737 0.008038195 0.201267101 0.115698945 0.281336826 275.9022 0.035277007 0.088580564 0.005 57888 1209.6 16588.8 34560 20736 0 129.54816
35309 729269 17.86528149 8.170987766 12.01446074 0.00711032 0.119823666 0.749523509 0.846420157 3.008346128 2.631010923 0.985067233 0.002725226 0.104 0.788333333 0.337575408 0.038668677 0.008073289 0.197308907 0.122857513 0.282565107 274.1256 0.034787776 0.087987539 0.005 48556.8 1814.4 16588.8 34560 20736 0 96.77556
35310 729270 17.76517177 8.174335745 12.00184292 0.007009906 0.122338141 0.741153086 0.854415875 2.9705566 2.583063301 0.990460103 0.002724551 0.104 0.788333333 0.326239673 0.040200467 0.008107224 0.193328891 0.130633219 0.283752842 272.3364 0.034298723 0.08739835 0.005 40176 1209.6 16588.8 34560 20736 0 182.2338
35311 729271 17.65899855 8.17790016 11.98834977 0.006904607 0.124962185 0.732758245 0.862459193 2.930845281 2.532783092 0.996135006 0.002723902 0.104 0.788333333 0.314329642 0.041858729 0.008140275 0.189342662 0.139000061 0.284909622 270.5346 0.033812578 0.086813796 0.005 40176 1209.6 16588.8 34560 20736 0 234.82872
35312 729272 17.54736584 8.181663189 11.97403808 0.006795237 0.127686124 0.724357401 0.87051563 2.88950406 2.480559061 1.00205164 0.002723279 0.104 0.788333333 0.301933255 0.043640086 0.008172715 0.185365829 0.147932036 0.286045039 268.7328 0.033332073 0.086234676 0.005 40176 1209.6 14515.2 34560 20736 0 228.02472
35313 729273 17.43087768 8.185607008 11.95896465 0.006682611 0.130500286 0.715968969 0.878550707 2.846824829 2.426779972 1.008169702 0.002722682 0.104 0.788333333 0.289138449 0.045541157 0.00820482 0.181414001 0.157403143 0.287168686 266.9058 0.032859938 0.08566179 0.005 48556.8 1209.6 14515.2 34560 20736 0 233.17308
35314 729274 17.31013808 8.189713791 11.94318629 0.006567542 0.133394997 0.707611365 0.886529943 2.803099477 2.371834589 1.014448893 0.002722111 0.104 0.788333333 0.276033163 0.047558565 0.008236862 0.177502787 0.167387379 0.288290155 265.0788 0.032398904 0.085095937 0.005 40176 1209.6 14515.2 34560 20736 0 221.96916
35315 729275 17.18575107 8.193965715 11.92675978 0.006450845 0.136360583 0.699303005 0.894418857 2.758619895 2.316111677 1.02084891 0.002721568 0.104 0.788333333 0.262705337 0.049688932 0.008269115 0.173647797 0.177858744 0.289419038 263.2392 0.031951703 0.084537915 0.005 29980.8 1209.6 14515.2 34560 20736 0 165.42792
35316 729276 17.05832067 8.198344956 11.90974192 0.006333333 0.139387372 0.691062303 0.902182968 2.713677973 2.26 1.027329451 0.002721051 0.104 0.788333333 0.249242908 0.051928879 0.008301855 0.16986464 0.188791235 0.290564926 261.3744 0.031521066 0.083988524 0.005 22464 1209.6 14515.2 34560 20736 0 57.74328
35317 729277 16.92845092 8.20283369 11.89218953 0.006215822 0.14246569 0.682907674 0.909787798 2.668565601 2.203888323 1.033850215 0.002720562 0.104 0.788333333 0.235733815 0.054275027 0.008335355 0.166168925 0.200158849 0.291737413 259.5222 0.031109724 0.083448563 0.005 22464 1209.6 14515.2 34560 20736 0 47.1744
35318 729278 16.79674583 8.207414093 11.87415938 0.006099125 0.145585864 0.674857536 0.917198865 2.62357467 2.148165411 1.040370901 0.0027201 0.104 0.788333333 0.222265998 0.056723998 0.008369888 0.162576261 0.211935586 0.29294609 257.6448 0.030720408 0.082918832 0.005 22464 1209.6 14515.2 34560 20736 0 150.18696
35319 729279 16.66380944 8.21206834 11.85570828 0.005984056 0.148738221 0.666930302 0.924381689 2.578997071 2.093220028 1.046851206 0.002719666 0.104 0.788333333 0.208927394 0.059272414 0.00840573 0.159102257 0.224095444 0.294200548 255.7674 0.030355849 0.082400128 0.005 22464 1209.6 14515.2 34560 20736 0 207.27252
35320 729280 16.53024576 8.216778608 11.83689303 0.00587143 0.151913086 0.659144388 0.931301789 2.535124692 2.039440939 1.05325083 0.00271926 0.104 0.788333333 0.195805942 0.061916896 0.008443154 0.155762523 0.236612419 0.295510381 253.8774 0.030018779 0.081893251 0.005 22464 1209.6 14515.2 34560 20736 0 195.66036
35321 729281 16.39665882 8.221527072 11.81777043 0.00576206 0.155100788 0.651518211 0.937924685 2.492249426 1.987216908 1.05952947 0.002718883 0.104 0.788333333 0.182989581 0.064654066 0.008482434 0.152572667 0.249460511 0.296885181 251.9748 0.029711927 0.081399001 0.005 40176 1814.4 14515.2 34560 20736 0 105.89292
35322 729282 16.26365265 8.226295909 11.79839726 0.005656761 0.158291652 0.644070184 0.944215897 2.450663162 1.936936699 1.065646825 0.002718534 0.104 0.788333333 0.170566249 0.067480545 0.008523844 0.149548299 0.262613718 0.298334538 250.0722 0.029438026 0.080918176 0.005 40176 1814.4 16588.8 34560 20736 0 93.69108
35323 729283 16.13183128 8.231067294 11.77883035 0.005556347 0.161476006 0.636818723 0.950140944 2.41065779 1.888989077 1.071562593 0.002718215 0.104 0.788333333 0.158623886 0.070392956 0.008567658 0.146705028 0.276046037 0.299868047 248.157 0.029199807 0.080451576 0.005 29980.8 1209.6 16588.8 34560 20736 0 78.88104
35324 729284 16.00179872 8.235823403 11.75912647 0.005461632 0.164644176 0.629782245 0.955665346 2.372525202 1.843762806 1.077236474 0.002717924 0.104 0.788333333 0.147250429 0.073387918 0.008614151 0.144058463 0.289731467 0.301495298 246.2418 0.029 0.08 0.005 29980.8 1209.6 14515.2 34560 20736 0 44.72496
35325 729285 15.874159 8.240546412 11.73934242 0.005373431 0.167786488 0.622979164 0.960754622 2.336557286 1.801646652 1.082628164 0.002717663 0.104 0.788333333 0.136533818 0.076462055 0.008663597 0.141624214 0.303644005 0.303225883 244.314 0.028819781 0.079546842 0.005 22464 1209.6 14515.2 34560 20736 0 33.74784
35326 729286 15.74951616 8.245218498 11.71953502 0.005292557 0.17089327 0.616427896 0.965374293 2.303045934 1.763029378 1.087697364 0.002717432 0.104 0.788333333 0.126561991 0.079611987 0.008716268 0.139417888 0.317757651 0.305069395 242.3862 0.028638993 0.079077089 0.005 22464 1209.6 14515.2 34560 20736 0 74.52648
35327 729287 15.6284742 8.249821835 11.69976105 0.005219825 0.173954849 0.610146855 0.969489877 2.272283035 1.728299749 1.09240377 0.00271723 0.104 0.788333333 0.117422886 0.082834336 0.008772441 0.137455097 0.332046401 0.307035427 240.4584 0.028458368 0.078593932 0.005 22464 1209.6 14515.2 34560 20736 0 64.81944
35328 729288 15.51163717 8.2543386 11.6800773 0.005156049 0.17696155 0.604154458 0.973066894 2.244560481 1.69784653 1.096707082 0.002717059 0.104 0.788333333 0.109204443 0.086125725 0.008832388 0.135751448 0.346484254 0.309133569 238.518 0.028278638 0.078100561 0.005 22464 1209.6 14515.2 34560 20736 0 119.88648
35329 729289 15.39960908 8.258750969 11.66054059 0.005102042 0.179903701 0.598469121 0.976070865 2.220170162 1.672058484 1.100566997 0.002716919 0.104 0.788333333 0.1019946 0.089482773 0.008896383 0.134322551 0.361045209 0.311373414 236.5776 0.028100537 0.077600164 0.005 29980.8 1209.6 14515.2 34560 20736 0 56.40516
35330 729290 15.29299396 8.263041117 11.64120771 0.00505862 0.182771628 0.593109257 0.978467307 2.199403967 1.651324378 1.103943215 0.002716809 0.104 0.788333333 0.095881295 0.092902103 0.008964702 0.133184015 0.375703263 0.313764554 234.6372 0.027924796 0.077095931 0.005 40176 1814.4 16588.8 34560 20736 0 184.3884
35331 729291 15.19239583 8.267191221 11.62213545 0.005026596 0.185555658 0.588093283 0.980221742 2.182553787 1.636032974 1.106795434 0.00271673 0.104 0.788333333 0.090952468 0.096380337 0.009037617 0.13235145 0.390432414 0.316316582 232.6842 0.027752147 0.076591053 0.005 48556.8 1814.4 16588.8 34560 20736 0 195.048
35332 729292 15.09841873 8.271183457 11.60338061 0.005006785 0.188246117 0.583439615 0.981299689 2.169911513 1.626573038 1.109083351 0.002716683 0.104 0.788333333 0.087296057 0.099914095 0.009115403 0.131840464 0.40520666 0.319039088 230.7312 0.027583324 0.076088718 0.005 48556.8 1814.4 16588.8 34560 20736 0 183.61728
35333 729293 15.01166667 8.275 11.585 0.005 0.190833333 0.579166667 0.981666667 2.161769035 1.623333333 1.110766667 0.002716667 0.104 0.788333333 0.085 0.1035 0.009198333 0.131666667 0.42 0.321941667 228.7782 0.027419058 0.075592116 0.005 57888 2419.2 16588.8 34560 20736 0 171.95976
35334 729294 14.93004802 8.278866263 11.5667547 0.005005085 0.193447662 0.575074869 0.980615145 2.15621853 1.624640731 1.112124645 0.002717787 0.10369196 0.787681275 0.08343135 0.107940065 0.009321939 0.132101796 0.435417252 0.326267863 226.8252 0.027260082 0.075104437 0.005 48556.8 1814.4 18230.4 34560 20736 0.00031358 186.22548
35335 729295 14.85093263 8.282999057 11.54834922 0.005020027 0.196213499 0.570960973 0.977563168 2.151134584 1.628435374 1.113461974 0.00272104 0.102796532 0.785768475 0.081899551 0.113951367 0.009517709 0.133381772 0.45205581 0.333119817 224.8722 0.027107128 0.07462887 0.005 40176 1209.6 16588.8 34560 20736 0.0012237 155.7938504
35336 729296 14.7741167 8.28736765 11.52975551 0.005044358 0.199112234 0.566837877 0.972664617 2.146482697 1.634525935 1.114776484 0.00272626 0.101356753 0.782659998 0.080406125 0.121403122 0.009779857 0.135468479 0.469878533 0.34229501 222.9192 0.026960929 0.074168606 0.005 40176 1209.6 14515.2 34560 20736 0.0026845 30.3912
35337 729297 14.69939648 8.291941314 11.51094551 0.00507761 0.202125254 0.562718481 0.966073372 2.142228369 1.642721088 1.116066008 0.002733285 0.099415662 0.778420909 0.078952597 0.130164545 0.010102598 0.138323801 0.488848282 0.353590922 220.9662 0.026822218 0.073726833 0.005 29980.8 1209.6 14515.2 34560 20736 0.0046501 122.2452
35338 729298 14.62656817 8.296689319 11.49189117 0.005119313 0.205233949 0.558615684 0.957943316 2.1383371 1.652829507 1.117328376 0.002741949 0.097016295 0.773116273 0.077540492 0.140104852 0.010480144 0.141909621 0.508927918 0.366805033 219.0006 0.026691725 0.073306741 0.005 29980.8 1209.6 14515.2 34560 20736 0.0070746 105.73416
35339 729299 14.55542801 8.301580935 11.47256441 0.005168999 0.208419706 0.554542384 0.948428328 2.134774391 1.664659864 1.118561421 0.002752089 0.094201691 0.766811153 0.076171333 0.151093258 0.010906709 0.146187823 0.5300803 0.381734825 217.0476 0.026570185 0.07291152 0.005 29980.8 1209.6 14515.2 34560 20736 0.0099121 18.52956
35340 729300 14.48577222 8.306585433 11.4529372 0.005226199 0.211663915 0.550511481 0.937682292 2.131505743 1.678020833 1.119762972 0.002763542 0.091014886 0.759570614 0.074846644 0.16299898 0.011376508 0.15112029 0.552268288 0.398177778 215.0946 0.026458329 0.072544359 0.005 40176 1209.6 16588.8 34560 20736 0.013117 32.5458
35341 729301 14.41739701 8.311672082 11.43298145 0.005290445 0.214947963 0.546535873 0.925859086 2.128496656 1.692721088 1.120930862 0.002776142 0.087498919 0.75145972 0.07356795 0.175691233 0.011883754 0.156668907 0.575454744 0.415931373 213.1416 0.026356889 0.072208448 0.005 40176 3110.4 18230.4 34560 20736 0.016642 82.05624
35342 729302 14.35009861 8.316810154 11.41266913 0.005361268 0.218253238 0.542628459 0.913112594 2.12571263 1.708569303 1.122062921 0.002789726 0.083696826 0.742543537 0.072336774 0.189039233 0.01242266 0.162795556 0.599602527 0.43479309 211.2012 0.026266599 0.071906977 0.005 29980.8 3110.4 20649.6 34560 20736 0.020444 25.22016
35343 729303 14.28367325 8.321968919 11.39197217 0.0054382 0.22156113 0.538802137 0.899596696 2.123119165 1.72537415 1.123156982 0.00280413 0.079651647 0.732887128 0.071154641 0.202912195 0.01298744 0.169462121 0.624674497 0.454560411 209.2482 0.02618819 0.071643135 0.005 40176 2419.2 20649.6 34560 20736 0.024474 78.79032
35344 729304 14.21791715 8.327117646 11.3708625 0.005520772 0.224853027 0.535069808 0.885465273 2.120681763 1.742944303 1.124210875 0.00281919 0.075406417 0.722555558 0.070023075 0.217179335 0.013572309 0.176630487 0.650633515 0.475030815 207.3078 0.026122394 0.071420112 0.005 57888 3110.4 18230.4 34560 20736 0.028688 48.39912
35345 729305 14.15262653 8.332225607 11.34931208 0.005608516 0.228110316 0.53144437 0.870872206 2.118365923 1.761088435 1.125222433 0.002834742 0.071004176 0.711613891 0.068943599 0.231709869 0.01417148 0.184262536 0.677442441 0.496001784 205.3674 0.026069945 0.071241097 0.005 48556.8 2419.2 16588.8 34560 20736 0.03304 114.8742
35346 729306 14.08759761 8.337262072 11.32729285 0.005700962 0.231314387 0.527938721 0.855971377 2.116137147 1.779615221 1.126189485 0.002850623 0.06648796 0.700127192 0.067917739 0.246373013 0.014779166 0.192320152 0.705064134 0.517270799 203.4396 0.026031575 0.071109281 0.005 48556.8 2419.2 16588.8 34560 20736 0.037484 101.28888
35347 729307 14.02262662 8.342196311 11.30477674 0.005797642 0.234446628 0.524565761 0.840916667 2.113960934 1.798333333 1.127109864 0.002866667 0.061900807 0.688160526 0.066947017 0.261037982 0.015389581 0.200765219 0.733461456 0.53863534 201.5118 0.026008016 0.071027852 0.005 40176 1814.4 16588.8 34560 20736 0.041973 110.7918
35348 729308 13.95750978 8.346997594 11.28173569 0.005898088 0.237488427 0.521338388 0.825861956 2.111802785 1.817051446 1.127981401 0.002882711 0.057285754 0.675778956 0.066032958 0.275573992 0.01599694 0.20955962 0.762597267 0.559892887 199.584 0.026 0.071 0.005 40176 1814.4 16588.8 34560 20736 0.046463 22.81608
35349 729309 13.89204332 8.351635192 11.25814166 0.00600183 0.240421172 0.518269502 0.810961127 2.1096282 1.835578231 1.128801926 0.002898591 0.05268584 0.663047547 0.065177087 0.289850259 0.016595455 0.21866524 0.792434426 0.580840922 197.6688 0.026048585 0.071030708 0.005 40176 1814.4 16588.8 34560 20736 0.050906 42.50232
35350 729310 13.82602345 8.356078375 11.23396658 0.006108401 0.243226253 0.515372001 0.796368061 2.107402679 1.853722364 1.129569273 0.002914143 0.048144101 0.650031363 0.064380927 0.303735998 0.017179341 0.228043962 0.822935795 0.601276925 195.7536 0.026190333 0.071121173 0.005 34387.2 1814.4 16588.8 34560 20736 0.055258 28.35
35351 729311 13.7592464 8.360296414 11.20918239 0.006217332 0.245885057 0.512658784 0.782236638 2.105091724 1.871292517 1.130281271 0.002929203 0.043703576 0.63679547 0.063646002 0.317100426 0.017742811 0.237657668 0.854064232 0.620998376 193.851 0.026419234 0.07126891 0.005 29980.8 1814.4 16588.8 34560 20736 0.059472 99.004032
35352 729312 13.69150839 8.364258578 11.18376103 0.006328154 0.248378973 0.51014275 0.768720739 2.102660835 1.888097364 1.130935753 0.002943607 0.039407302 0.623404931 0.062973837 0.329812757 0.018280079 0.247468244 0.885782599 0.639802758 191.9484 0.026729276 0.071471432 0.005 29980.8 1814.4 16588.8 34560 20736 0.063503 35.44884
35353 729313 13.62260564 8.367934139 11.15767444 0.006440399 0.250689389 0.507836798 0.755974247 2.100075511 1.903945578 1.131530549 0.002957191 0.035298317 0.609924811 0.062365955 0.341742207 0.018785359 0.257437573 0.918053756 0.657487549 190.0584 0.02711445 0.071726252 0.005 40176 1814.4 18230.4 34560 20736 0.067304 92.03544
35354 729314 13.55233439 8.371292366 11.13089458 0.006553597 0.252797694 0.505753827 0.744151042 2.097301254 1.918645833 1.132063491 0.002969792 0.031419657 0.596420175 0.061823881 0.352757993 0.019252864 0.267527538 0.950840563 0.673850231 188.1684 0.027568745 0.072030885 0.005 57888 2419.2 20649.6 34560 20736 0.07083 116.55252
35355 729315 13.48049084 8.374302531 11.10339337 0.006667281 0.254685275 0.503906736 0.733405005 2.094303564 1.932006803 1.13253241 0.002981244 0.027814362 0.582956086 0.061349139 0.36272933 0.019676808 0.277700023 0.98410588 0.688688286 186.3036 0.028086151 0.072382844 0.005 103680 4924.8 33091.2 34560 20736 0.074035 60.35148
35356 729316 13.40687123 8.376933903 11.07514276 0.006780981 0.256333523 0.502308423 0.723890018 2.091047941 1.94383716 1.132935137 0.002991384 0.024525468 0.56959761 0.060943252 0.371525434 0.020051405 0.287916911 1.017812567 0.701799192 184.4388 0.028660656 0.072779643 0.005 95904 3110.4 18230.4 34560 20736 0.076872 80.4006
35357 729317 13.33127178 8.379155752 11.04611469 0.00689423 0.257723824 0.500971788 0.715759961 2.087499886 1.953945578 1.133269505 0.003000049 0.021596013 0.55640981 0.060607746 0.379015519 0.020370869 0.298140087 1.051923485 0.712980431 182.574 0.029286251 0.073218795 0.005 95904 2419.2 18230.4 34560 20736 0.079297 113.26392
35358 729318 13.25348871 8.380937349 11.01628111 0.007006558 0.258837567 0.499909729 0.709168717 2.083624898 1.962140731 1.133533343 0.003007073 0.019069034 0.543457751 0.060344143 0.385068803 0.020629414 0.308331433 1.086401493 0.722029485 180.7344 0.029956925 0.073697814 0.005 86313.6 2419.2 16588.8 34560 20736 0.081262 63.14112
35359 729319 13.17331824 8.382247965 10.98561395 0.007117497 0.25965614 0.499135145 0.704270165 2.07938848 1.968231293 1.133724485 0.003012293 0.016987569 0.530806498 0.060153969 0.389554501 0.020821252 0.318452834 1.121209453 0.728743832 178.8948 0.030666667 0.074214214 0.005 53827.2 1814.4 16588.8 34560 20736 0.082723 114.80616
35360 729320 13.09055659 8.38305687 10.95408515 0.007226578 0.260160933 0.498660936 0.701218188 2.07475613 1.972025935 1.13384076 0.003015546 0.015394657 0.518521115 0.060038746 0.392341828 0.020940599 0.328466173 1.156310224 0.732920955 177.0804 0.031409467 0.074765509 0.005 53827.2 1814.4 14515.2 34560 20736 0.083633 124.89876
35361 729321 13.005 8.383333333 10.92166667 0.007333333 0.260333333 0.4985 0.700166667 2.06969335 1.973333333 1.13388 0.003016667 0.014333333 0.506666667 0.06 0.3933 0.020981667 0.338333333 1.191666667 0.734358333 175.266 0.032179314 0.075349211 0.005 53827.2 1814.4 14515.2 34560 20736 0.083947 97.687296
35362 729322 12.91462344 8.381889479 10.88579861 0.007443883 0.260323394 0.499021358 0.700634972 2.0634009 1.969923384 1.132157063 0.003014192 0.013560089 0.494510082 0.060107967 0.392949614 0.020978631 0.348307434 1.228208839 0.734252075 173.4642 0.032970198 0.075962835 0.005 45100.8 1209.6 14515.2 34560 20736 0.083836 43.52292
35363 729323 12.81786065 8.377671439 10.84422792 0.007564178 0.260293956 0.500552269 0.702001266 2.055191869 1.959974771 1.127126847 0.003006974 0.012803045 0.481333721 0.060422962 0.391923443 0.020969671 0.358662297 1.266816251 0.733938487 171.675 0.033776108 0.076603895 0.005 45100.8 1209.6 14515.2 34560 20736 0.083512 6.39576
35364 729324 12.71519601 8.370849502 10.79738678 0.007693491 0.260245592 0.503042985 0.704207613 2.045200249 1.943909341 1.118997247 0.002995317 0.012062682 0.467225794 0.06093163 0.390258971 0.02095501 0.369390862 1.307375935 0.733425351 169.8984 0.034591034 0.077269903 0.005 45100.8 1209.6 14515.2 34560 20736 0.08299 105.28056
35365 729325 12.60711386 8.361593953 10.74570737 0.007831097 0.260178875 0.506443762 0.707196079 2.03356003 1.922148946 1.107976153 0.002979528 0.011339483 0.452274511 0.061620614 0.387993678 0.02093487 0.380486068 1.349774928 0.732720447 168.1344 0.035408966 0.077958375 0.005 45100.8 1209.6 14515.2 34560 20736 0.082282 120.70296
35366 729326 12.49409858 8.350075078 10.68962187 0.00797627 0.260094378 0.510704852 0.710908729 2.020405205 1.895115433 1.094271461 0.002959912 0.010633929 0.436568083 0.062476556 0.385165047 0.020909473 0.391940856 1.393900264 0.731831555 166.3956 0.036223892 0.078666822 0.005 37238.4 1209.6 14515.2 34560 20736 0.081402 80.77235478
35367 729327 12.37663453 8.336463166 10.62956245 0.008128285 0.259992672 0.51577651 0.715287628 2.005869764 1.863230654 1.078091063 0.002936777 0.009946504 0.42019472 0.063486101 0.38181056 0.020879042 0.403748165 1.439638979 0.730766457 164.6568 0.037029802 0.07939276 0.005 37238.4 1209.6 14515.2 34560 20736 0.080365 120.8844
35368 729328 12.25520607 8.320928501 10.5659613 0.008286415 0.25987433 0.521608989 0.720274842 1.9900877 1.826916456 1.059642852 0.002910428 0.009277688 0.403242633 0.064635891 0.377967698 0.020843798 0.415900934 1.486878106 0.729532933 162.9432 0.037820686 0.080133702 0.005 37238.4 1209.6 12009.6 34560 20736 0.079184 125.78328
35369 729329 12.13029756 8.30364137 10.49925059 0.008449935 0.259739924 0.528152544 0.725812436 1.973193005 1.786594689 1.039134721 0.00288117 0.008627965 0.385800032 0.065912569 0.373673944 0.020803965 0.428392104 1.535504681 0.728138763 161.2422 0.038590533 0.080887161 0.005 37238.4 1209.6 12009.6 34560 20736 0.077872 129.54816
35370 729330 12.00239338 8.284772061 10.42986251 0.008618119 0.259590027 0.535357427 0.731842474 1.955319669 1.742687203 1.016774564 0.002849311 0.007997815 0.367955127 0.06730278 0.36896678 0.020759764 0.441214614 1.585405739 0.726591729 159.5538 0.039333333 0.081650651 0.005 37238.4 1209.6 12009.6 20352 20736 0.076444 48.21768
35371 729331 11.87197788 8.26449086 10.35822922 0.008790241 0.259425211 0.543173894 0.738307023 1.936601684 1.695615846 0.992770273 0.002815157 0.007387722 0.349796129 0.068793166 0.363883688 0.020711417 0.454361403 1.636468315 0.724899612 157.878 0.040043075 0.082421685 0.005 37238.4 1209.6 12009.6 20352 20736 0.074913 14.78736
35372 729332 11.73953542 8.242968052 10.28478292 0.008965576 0.259246048 0.551552197 0.745148148 1.917173041 1.645802469 0.967329742 0.002779012 0.006798168 0.331411248 0.07037037 0.35846215 0.020659148 0.467825412 1.688579443 0.72307019 156.2274 0.040713749 0.083197779 0.005 37238.4 1209.6 12009.6 20352 20736 0.073293 76.7718
35373 729333 11.60555037 8.220373926 10.20995577 0.009143397 0.259053111 0.560442591 0.752307914 1.897167733 1.593668921 0.940660864 0.002741185 0.006229634 0.312888695 0.072021037 0.352739647 0.020603178 0.481599579 1.741626158 0.721111247 154.5894 0.041339344 0.083976444 0.005 37238.4 1209.6 12009.6 20352 20736 0.071597 63.0504
35374 729334 11.47050709 8.196878766 10.13417997 0.009322979 0.258846973 0.56979533 0.759728386 1.876719751 1.53963705 0.912971532 0.002701979 0.005682603 0.294316679 0.073731808 0.346753663 0.02054373 0.495676846 1.795495496 0.719030562 152.9766 0.041913849 0.084755195 0.005 37238.4 1209.6 12009.6 20352 20736 0.06984 83.34144
35375 729335 11.33488995 8.172652861 10.05788767 0.009503596 0.258628205 0.579560666 0.767351629 1.855963086 1.484128707 0.884469639 0.002661703 0.005157556 0.275783412 0.075489329 0.340541678 0.020481026 0.510050151 1.850074491 0.716835915 151.3764 0.042431255 0.085531545 0.005 37238.4 1209.6 12009.6 20352 20736 0.068034 38.30652
35376 729336 11.19918331 8.147866496 9.981511078 0.009684522 0.258397381 0.589688855 0.775119709 1.83503173 1.42756574 0.855363079 0.002620661 0.004654977 0.257377103 0.07728024 0.334141175 0.020415288 0.524712434 1.905250178 0.714535088 149.7888 0.04288555 0.086303008 0.005 37238.4 1209.6 12009.6 20352 20736 0.066194 42.61572
35377 729337 11.06387153 8.122689958 9.905482356 0.009865032 0.258155072 0.60013015 0.782974692 1.814059675 1.370369999 0.825859744 0.00257916 0.004175346 0.239185964 0.079091187 0.327589635 0.020346739 0.539656634 1.960909592 0.712135861 148.2264 0.043270724 0.087067099 0.005 37238.4 1209.6 12009.6 20352 20736 0.064334 9.84312
35378 729338 10.92943898 8.097293533 9.830233686 0.010044399 0.25790185 0.610834804 0.790858642 1.793180911 1.312963334 0.796167527 0.002537506 0.003719147 0.221298204 0.080908813 0.320924542 0.0202756 0.554875692 2.016939768 0.709646016 146.6892 0.043580766 0.087821329 0.005 37238.4 1209.6 12009.6 20352 20736 0.062466 16.91928
35379 729339 10.79637002 8.071847509 9.756197248 0.010221898 0.25763829 0.621753073 0.798713624 1.772529431 1.255767593 0.766494323 0.002496006 0.003286861 0.203802034 0.08271976 0.314183377 0.020202095 0.570362547 2.073227741 0.707073332 145.1646 0.043809667 0.088563214 0.005 37238.4 1209.6 12009.6 20352 20736 0.060606 23.4738
35380 729340 10.665149 8.046522171 9.68380522 0.010396803 0.257364961 0.632835208 0.806481704 1.752239226 1.199204627 0.737048023 0.002454964 0.00287897 0.186785664 0.084510671 0.307403621 0.020126445 0.586110139 2.129660545 0.70442559 143.6652 0.043951415 0.089290266 0.005 45100.8 1209.6 14515.2 20352 20736 0.058766 42.77448
35381 729341 10.53626031 8.021487806 9.613489781 0.010568389 0.257082438 0.644031465 0.814104948 1.732444287 1.143696283 0.708036521 0.002414687 0.002495957 0.170337305 0.086268192 0.300622757 0.020048873 0.602111407 2.186125216 0.701710571 142.1784 0.044 0.09 0.005 45100.8 1814.4 16588.8 20352 20736 0.05696 16.64712
35382 729342 10.41018829 7.996914701 9.54568311 0.010735928 0.256791292 0.655292097 0.821525419 1.713278607 1.089664413 0.679667711 0.002375482 0.002138303 0.154545167 0.087978963 0.293878267 0.019969602 0.618359291 2.242508788 0.698936056 140.7294 0.044 0.090724191 0.005 45100.8 2419.2 14515.2 20352 20736 0.055203 42.16212
35383 729343 10.28741732 7.972973142 9.480817385 0.010898697 0.256492096 0.666567358 0.828685185 1.694876176 1.037530864 0.652149484 0.002337654 0.001806491 0.13949746 0.08962963 0.287207633 0.019888852 0.634846732 2.298698297 0.696109825 139.2804 0.044 0.091493125 0.005 45100.8 1814.4 14515.2 20352 20736 0.053507 13.51728
35384 729344 10.16843175 7.949833416 9.419324785 0.011055968 0.256185422 0.677807501 0.83552631 1.677370987 0.987717487 0.625689736 0.00230151 0.001501003 0.125282395 0.091206834 0.280648337 0.019806847 0.651566667 2.354580777 0.69323966 137.8692 0.044 0.092302083 0.005 53827.2 2419.2 14515.2 20352 20736 0.051887 78.20064
35385 729345 10.05371595 7.927665809 9.361637489 0.011207017 0.255871843 0.688962782 0.841990859 1.66089703 0.940646131 0.600496357 0.002267355 0.001222321 0.111988183 0.09269722 0.274237861 0.01972381 0.668512038 2.410043263 0.69033334 136.4832 0.044 0.093146346 0.005 74044.8 2419.2 14515.2 20352 20736 0.050356 4.55868
35386 729346 9.943754283 7.906640608 9.308187676 0.011351117 0.255551931 0.699983452 0.848020898 1.645588298 0.896738644 0.576777243 0.002235496 0.000970927 0.099703033 0.094087431 0.268013686 0.019639961 0.685675783 2.464972789 0.687398646 135.1098 0.044 0.094021194 0.005 95904 3110.4 20649.6 20352 20736 0.048928 69.15132
35387 729347 9.839031112 7.8869281 9.259407524 0.011487542 0.255226258 0.710819767 0.853558491 1.631578781 0.856416878 0.554740286 0.002206239 0.000747303 0.088515156 0.095364109 0.262013296 0.019555525 0.703050843 2.519256392 0.68444336 133.7742 0.044 0.094921908 0.005 133920 8640 36201.6 20352 20736 0.047616 7.23492
35388 729348 9.740030802 7.86869857 9.215729213 0.011615567 0.254895397 0.72142198 0.858545705 1.619002472 0.82010268 0.534593378 0.00217989 0.000551932 0.078512762 0.096513899 0.256274171 0.019470722 0.720630157 2.572781106 0.681475262 132.4512 0.044 0.095843768 0.005 149472 4924.8 24969.6 20352 20736 0.046435 50.32692
35389 729349 9.647237714 7.852122307 9.17758492 0.011734466 0.25455992 0.731740345 0.862924604 1.607993362 0.7882179 0.516544414 0.002156754 0.000385295 0.069784062 0.097523444 0.250833794 0.019385775 0.738406665 2.625433965 0.678502132 131.1534 0.044 0.096782055 0.005 95904 6480 29376 20352 20736 0.045398 48.44448
35390 729350 9.561136212 7.837369595 9.145406826 0.011843513 0.2542204 0.741725116 0.866637254 1.598685443 0.761184387 0.500801286 0.002137139 0.000247874 0.062417267 0.098379386 0.245729648 0.019300907 0.756373306 2.677102005 0.675531751 129.8934 0.044 0.097732049 0.005 74044.8 4233.6 24969.6 20352 20736 0.044518 68.87916
35391 729351 9.48221066 7.824610722 9.119627108 0.011941983 0.253877409 0.751326546 0.86962572 1.591212705 0.739423992 0.487571887 0.00212135 0.000140153 0.056500585 0.09906837 0.240999213 0.01921634 0.774523021 2.72767226 0.6725719 128.646 0.044 0.098689031 0.005 63504 3283.2 22636.8 20352 20736 0.04381 10.61424
35392 729352 9.41094542 7.814015974 9.100677945 0.012029148 0.253531519 0.76049489 0.871832067 1.585709141 0.723358563 0.477064111 0.002109693 6.26E-05 0.052122229 0.099577038 0.236679972 0.019132296 0.792848748 2.777031765 0.66963036 127.4364 0.044 0.099648282 0.005 53827.2 3283.2 20304 20352 20736 0.043288 25.53768
35393 729353 9.347824857 7.805755638 9.088991516 0.012104285 0.253183303 0.769180401 0.873198361 1.582308742 0.713409949 0.469485851 0.002102474 1.57E-05 0.049370408 0.099892033 2.33E-01 0.019048997 0.811343428 2.825067556 0.66671491 126.2394 0.044 0.100605082 0.005 37238.4 2592 20304 20352 20736 0.042964 14.03892
35394 729354 9.293333333 7.8 9.085 0.012166667 0.252833333 0.777333333 0.873666667 1.5811455 0.71 0.465045 0.0021 0 0.048333333 0.1 2.29E-01 0.018966667 0.83 2.871666667 0.663833333 125.0802 0.044 0.101554711 0.005 30153.6 2592 20304 20352 20736 0.042853 45.65484
35395 729355 9.243470994 7.795576306 9.085614976 0.012222216 0.252445758 0.785256704 0.873604084 1.581182667 0.710086478 0.46225928 0.002100163 7.95E-07 0.048184095 0.09997396 0.226297329 0.018881997 0.849212076 2.91777532 0.660869898 123.9462 0.044 0.102492451 0.005 30153.6 2592 20304 20352 20736 0.042909 8.8452
35396 729356 9.193917095 7.791198225 9.08744448 0.012277338 0.25198531 0.793284434 0.873417906 1.581294068 0.71034466 0.459507719 0.002100647 3.17E-06 0.048036968 0.099896493 2.23E-01 0.018791616 0.869363819 2.964403016 0.657706567 122.84118 0.044 0.103413581 0.005 22550.4 1900.8 20304 20352 20736 0.043073 60.72717913
35397 729357 9.144674665 7.786865681 9.09046538 0.012332032 0.251453441 0.801413135 0.873110486 1.581479555 0.710772667 0.456790163 0.002101446 7.12E-06 0.047891938 0.09976858 2.20E-01 0.018695647 0.890433995 3.011531707 0.654347655 121.76388 0.044 0.104313383 0.005 22550.4 1900.8 17884.8 20352 20736 0.043345 14.4018
35398 729358 9.095746731 7.782578596 9.09465454 0.012386296 0.2508516 0.809639418 0.872684179 1.581738979 0.711368619 0.454106462 0.002102555 1.26E-05 0.047748994 0.099591198 2.17E-01 0.018594214 0.912401371 3.059143347 0.650797481 120.71682 0.044 0.105187136 0.005 22550.4 1900.8 17884.8 20352 20736 0.043722 22.47588
35399 729359 9.047136323 7.778336892 9.099988828 0.012440127 0.250181239 0.817959895 0.872141339 1.582072192 0.712130637 0.451456463 0.002103967 1.97E-05 0.04760812 0.099365328 2.14E-01 0.018487439 0.935244714 3.107219888 0.647060361 119.7 0.044 0.106030122 0.005 16502.4 1900.8 17884.8 20352 20736 0.044201 33.06744
35400 729360 8.998846468 7.774140493 9.106445108 0.012493524 0.249443807 0.826371176 0.87148432 1.582479046 0.713056843 0.448840016 0.002105675 2.83E-05 0.047469304 0.09909195 2.11E-01 0.018375446 0.958942789 3.155743283 0.643140613 118.70586 0.044 0.106837621 0.005 16502.4 1382.4 17884.8 32330.32258 6307.2 0.044782 25.08408
35401 729361 8.950880196 7.76998932 9.114000249 0.012546486 0.248640756 0.834869873 0.870715477 1.582959391 0.714145356 0.446256968 0.002107675 3.85E-05 0.047332532 0.098772043 2.08E-01 0.018258359 0.983474363 3.204695484 0.639042553 117.72558 0.044 0.107604913 0.005 16502.4 1382.4 17884.8 32330.32258 6307.2 0.045461 19.57284
35402 729362 8.903240534 7.765883298 9.122631114 0.012599009 0.247773535 0.843452597 0.869837163 1.583513079 0.715394299 0.443707168 0.002109959 5.01E-05 0.047197791 0.098406587 2.05E-01 0.0181363 1.008818202 3.254058445 0.634770499 116.75916 0.044 0.108327279 0.005 16502.4 1382.4 17884.8 32330.32258 6307.2 0.046237 22.83876
35403 729363 8.855930511 7.761822347 9.132314572 0.012651094 0.246843596 0.85211596 0.868851733 1.584139961 0.716801791 0.441190464 0.002112521 6.33E-05 0.047065067 0.09799656 2.01E-01 0.018009393 1.034953074 3.303814117 0.630328767 115.8066 0.044 0.109 0.005 16502.4 1382.4 17884.8 32330.32258 6307.2 0.047108 9.45756
35404 729364 8.808953157 7.757806393 9.143027487 0.012702737 0.245852388 0.860856572 0.867761541 1.58483989 0.718365953 0.438706705 0.002115357 7.80E-05 0.046934346 0.097542943 1.98E-01 0.017877762 1.061857744 3.353944454 0.625721675 114.8679 0.043990628 0.109649907 0.005 22550.4 1382.4 17884.8 32330.32258 6307.2 0.048071 8.34624
35405 729365 8.762311498 7.753835356 9.154746726 0.012753937 0.244801362 0.869671045 0.866568941 1.585612716 0.720084907 0.436255738 0.002118458 9.42E-05 0.046805616 0.097046716 1.95E-01 0.01774153 1.089510979 3.404431408 0.62095354 113.94306 0.043963053 0.110306377 0.005 30153.6 1382.4 17884.8 32330.32258 6307.2 0.049125 11.88432
35406 729366 8.716008564 7.74990916 9.167449155 0.012804693 0.243691969 0.878555989 0.865276287 1.586458291 0.721956772 0.433837412 0.00212182 0.000111841 0.046678863 0.096508857 1.92E-01 0.017600819 1.117891545 3.455256932 0.616028678 113.02956 0.043918082 0.110968506 0.005 30153.6 1382.4 17884.8 32330.32258 6307.2 0.050268 13.78171915
35407 729367 8.670047384 7.746027727 9.18111164 0.012855001 0.242525658 0.887508017 0.863885934 1.587376467 0.723979671 0.431451576 0.002125435 0.000130977 0.046554073 0.095930347 0.189117766 0.017455755 1.146978209 3.506402979 0.610951407 112.1274 0.043856525 0.111635392 0.005 37238.4 1382.4 17884.8 32330.32258 6307.2 0.051496 24.56244
35408 729368 8.624430985 7.74219098 9.195711047 0.012904862 0.241303881 0.896523739 0.862400235 1.588367094 0.726151724 0.429098077 0.002129299 0.000151577 0.046431233 0.095312165 0.1860642 0.017306458 1.176749737 3.557851501 0.605726044 111.23784 0.043779192 0.112306132 0.005 37238.4 1382.4 17884.8 32330.32258 6307.2 0.052809 22.02228
35409 729369 8.579162396 7.738398842 9.211224243 0.012954272 0.240028088 0.905599766 0.860821546 1.589430025 0.728471051 0.426776764 0.002133404 0.00017363 0.046310329 0.09465529 0.183019878 0.017153054 1.207184896 3.609584451 0.600356906 110.35962 0.04368689 0.112979823 0.005 37238.4 1382.4 17884.8 32330.32258 6307.2 0.054204 16.2162
35410 729370 8.534244645 7.734651236 9.227628093 0.01300323 0.238699729 0.91473271 0.85915222 1.59056511 0.730935774 0.424487486 0.002137746 0.000197126 0.046191349 0.093960702 0.179985307 0.016995666 1.238262452 3.661583782 0.59484831 109.49274 0.04358043 0.113655563 0.005 37238.4 1382.4 17884.8 32330.32258 6307.2 0.055679 18.66564
35411 729371 8.489680762 7.730948084 9.244899463 0.013051735 0.237320255 0.923919182 0.857394611 1.591772202 0.733544014 0.422230091 0.002142316 0.000222056 0.046074278 0.093229381 0.176960992 0.016834416 1.269961171 3.713831446 0.589204572 108.63594 0.04346062 0.114332447 0.005 37238.4 1382.4 15465.6 32330.32258 6307.2 0.057232 21.7728
35412 729372 8.445473774 7.727289309 9.263015221 0.013099784 0.235891117 0.933155793 0.855551074 1.593051151 0.73629389 0.420004426 0.002147111 0.00024841 0.045959102 0.092462305 0.173947441 0.016669429 1.302259821 3.766309397 0.583430011 107.78796 0.04332827 0.115009575 0.005 37238.4 1382.4 15465.6 32330.32258 6307.2 0.058861 26.85312
35413 729373 8.401626711 7.723674834 9.281952231 0.013147375 0.234413764 0.942439154 0.853623963 1.594401809 0.739183524 0.417810341 0.002152122 0.000276178 0.04584581 0.091660456 0.170945158 0.016500827 1.335137166 3.818999586 0.577528942 106.95006 0.043184188 0.115686042 0.005 37238.4 1382.4 17884.8 32330.32258 6307.2 0.060564 69.67296
35414 729374 8.358142599 7.720104581 9.30168736 0.013194508 0.232889647 0.951765877 0.851615631 1.595824028 0.742211038 0.415647683 0.002157345 0.000305349 0.045734386 0.090824812 0.167954652 0.016328734 1.368571975 3.871883967 0.571505684 106.12224 0.043029184 0.116360945 0.005 37238.4 1382.4 15465.6 32330.32258 6307.2 0.062339 10.83691636
35415 729375 8.315024469 7.716578473 9.322197474 0.013241179 0.231320217 0.961132573 0.849528434 1.597317659 0.745374551 0.413516302 0.002162773 0.000335914 0.045624819 0.089956353 0.164976427 0.016153273 1.402543013 3.924944492 0.565364553 105.30198 0.042864067 0.117033383 0.005 37238.4 1382.4 17884.8 32330.32258 6307.2 0.064183 7.55244
35416 729376 8.272275348 7.713096433 9.343459439 0.013287388 0.229706924 0.970535852 0.847364725 1.598882553 0.748672184 0.411416044 0.0021684 0.000367862 0.045517093 0.089056058 0.16201099 0.015974568 1.437029046 3.978163114 0.559109865 104.49054 0.042689645 0.117702452 0.005 37238.4 1382.4 17884.8 32330.32258 6307.2 0.066095 9.25344
35417 729377 8.229898266 7.709658384 9.365450122 0.013333132 0.228051219 0.979972327 0.845126859 1.600518562 0.752102059 0.40934676 0.002174219 0.000401185 0.045411196 0.088124907 0.159058847 0.015792741 1.472008842 4.031521786 0.552745939 103.68666 0.042506728 0.118367249 0.005 37238.4 1382.4 15465.6 32330.32258 6307.2 0.068073 9.77508
35418 729378 8.187896249 7.706264248 9.388146388 0.01337841 0.226354551 0.989438608 0.84281719 1.602225538 0.755662297 0.407308296 0.002180226 0.000435871 0.045307114 0.087163879 0.156120505 0.015607917 1.507461166 4.08500246 0.546277092 102.89034 0.042316125 0.119026872 0.005 37238.4 1382.4 15465.6 32330.32258 6307.2 0.070114 12.63276
35419 729379 8.146272328 7.702913949 9.411525103 0.013423219 0.224618373 0.998931306 0.840438071 1.604003331 0.759351017 0.405300502 0.002186413 0.000471911 0.045204834 0.086173955 0.15319647 0.015420218 1.543364786 4.138587089 0.539707639 102.10158 0.042118644 0.119680417 0.005 37238.4 1382.4 15465.6 32330.32258 6307.2 0.072216 17.28216
35420 729380 8.105029529 7.699607408 9.435563134 0.013467559 0.222844133 1.008447033 0.837991858 1.605851794 0.763166341 0.403323225 0.002192774 0.000509294 0.045104343 0.085156113 0.150287248 0.015229769 1.579698466 4.192257626 0.533041899 101.31912 0.041915096 0.120326982 0.005 45100.8 1900.8 20304 32330.32258 6307.2 0.074378 14.94612
35421 729381 8.064170883 7.696344548 9.460237347 0.013511427 0.221033282 1.0179824 0.835480904 1.607770777 0.76710639 0.401376314 0.002199304 0.000548012 0.045005626 0.084111333 0.147393345 0.015036691 1.616440975 4.245996023 0.526284189 100.5417 0.041706289 0.120965665 0.005 45100.8 1900.8 20304 32330.32258 6307.2 0.076597 36.08388
35422 729382 8.023699417 7.693125293 9.485524607 0.013554821 0.219187272 1.027534018 0.832907564 1.609760132 0.771169285 0.399459617 0.002205996 0.000588053 0.044908671 0.083040595 0.144515267 0.014841109 1.653571078 4.299784234 0.519438824 99.77184 0.041493031 0.121595561 0.005 45100.8 1382.4 17884.8 32330.32258 6307.2 0.078871 40.64256
35423 729383 7.98361816 7.689949564 9.511401782 0.01359774 0.217307552 1.037098499 0.830274192 1.611819711 0.775353146 0.397572983 0.002212845 0.000629408 0.044813464 0.081944879 0.141653522 0.014643146 1.691067542 4.35360421 0.512510123 99.00576 0.041276133 0.122215768 0.005 45100.8 1382.4 15465.6 32330.32258 6307.2 0.081198 34.83648
35424 729384 7.94393014 7.686817286 9.537845737 0.013640182 0.215395573 1.046672453 0.827583141 1.613949366 0.779656094 0.39571626 0.002219843 0.000672067 0.044719991 0.080825163 0.138808615 0.014442926 1.728909133 4.407437905 0.505502403 98.24472 0.041056404 0.122825384 0.005 53827.2 1382.4 15465.6 32330.32258 6307.2 0.083576 37.85292
35425 729385 7.904638386 7.683728379 9.564833338 0.013682145 0.213452785 1.056252492 0.824836767 1.616148946 0.78407625 0.393889296 0.002226985 0.00071602 0.044628239 0.079682427 0.135981052 0.014240571 1.767074618 4.461267271 0.49841998 97.48872 0.040834651 0.123423505 0.005 53827.2 1382.4 15465.6 32330.32258 6307.2 0.086002 41.5044
35426 729386 7.865745927 7.680682768 9.592341451 0.013723628 0.211480638 1.065835226 0.822037424 1.618418305 0.788611735 0.39209194 0.002234265 0.000761257 0.044538195 0.078517652 0.133171339 0.014036205 1.805542762 4.515074261 0.491267172 96.7365 0.040611685 0.124009229 0.005 45100.8 1382.4 15465.6 32330.32258 6307.2 0.088476 26.9892
35427 729387 7.82725579 7.677680375 9.620346943 0.013764627 0.209480585 1.075417268 0.819187465 1.620757293 0.79326067 0.390324039 0.002241676 0.000807768 0.044449845 0.077331816 0.130379984 0.013829951 1.844292334 4.568840828 0.484048296 95.98806 0.040388315 0.124581652 0.005 45100.8 1382.4 15465.6 32330.32258 6307.2 0.090995 4.165231304
35428 729388 7.789171004 7.674721122 9.648826679 0.013805143 0.207454073 1.084995228 0.816289245 1.623165762 0.798021176 0.388585443 0.002249213 0.000855543 0.044363175 0.076125899 0.127607492 0.013621933 1.883302098 4.622548924 0.476767668 95.24214 0.040165349 0.125139873 0.005 45100.8 1382.4 15465.6 32330.32258 6307.2 0.093556 6.37308
35429 729389 7.751494598 7.671804932 9.677757526 0.013845172 0.205402555 1.094565718 0.813345117 1.625643563 0.802891373 0.386875999 0.002256869 0.000904572 0.044278173 0.074900881 0.124854369 0.013412274 1.922550822 4.676180502 0.469429606 94.5 0.039943596 0.125682988 0.005 45100.8 1382.4 15465.6 32330.32258 6307.2 0.096157 9.612459574
35430 729390 7.7142296 7.668931728 9.70711635 0.013884714 0.20332748 1.104125349 0.810357438 1.628190548 0.807869383 0.385195556 0.002264639 0.000954845 0.044194824 0.073657741 0.122121121 0.013201098 1.962017272 4.729717514 0.462038427 93 0.039723867 0.126210094 0.005 45100.8 1382.4 15465.6 32330.32258 6307.2 0.098797 6.73596
35431 729391 7.677379038 7.666101433 9.736880017 0.013923765 0.2012303 1.113670731 0.807328559 1.630806568 0.812953325 0.383543963 0.002272516 0.001006352 0.044113116 0.072397459 0.119408256 0.012988527 2.001680213 4.783141915 0.454598447 94.5 0.039506969 0.126720288 0.005 45100.8 1382.4 15465.6 34560 9504 0.10147 10.16064
35432 729392 7.640945942 7.66331397 9.767025393 0.013962326 0.199112464 1.123198477 0.804260836 1.633491475 0.818141322 0.381921066 0.002280494 0.001059083 0.044033035 0.071121014 0.116716279 0.012774685 2.041518414 4.836435655 0.447113985 95.27616 0.039293711 0.127212668 0.005 53827.2 1382.4 15465.6 34560 9504 0.10418 18.4842
35433 729393 7.60493334 7.66056926 9.797529344 0.014000392 0.196975423 1.132705197 0.801156623 1.63624512 0.823431493 0.380326716 0.002288566 0.001113028 0.043954566 0.069829386 0.114045696 0.012559696 2.08151064 4.889580688 0.439589356 96.0561 0.039084904 0.127686331 0.005 53827.2 1382.4 15465.6 34560 9504 0.10693 18.23472
35434 729394 7.569344259 7.657867228 9.828368736 0.014037964 0.194820628 1.142187503 0.798018274 1.639067354 0.82882196 0.37876076 0.002296728 0.001168178 0.043877698 0.068523554 0.111397014 0.012343682 2.121635657 4.942558967 0.432028878 96.8373 0.038881356 0.128140374 0.005 53827.2 1382.4 15465.6 34560 9504 0.1097 25.26552
35435 729395 7.534181729 7.655207795 9.859520436 0.014075039 0.192649528 1.151642005 0.794848144 1.64195803 0.834310844 0.377223046 0.002304972 0.001224521 0.043802416 0.067204498 0.108770739 0.012126768 2.161872233 4.995352443 0.424436869 97.62354 0.038683875 0.128573894 0.005 53827.2 1382.4 15465.6 34560 9504 0.1125 21.59136
35436 729396 7.499448778 7.652590884 9.890961309 0.014111616 0.190463575 1.161065315 0.791648586 1.644916998 0.839896264 0.375713423 0.002313293 0.001282048 0.043728707 0.065873198 0.106167377 0.011909076 2.202199133 5.047943071 0.416817644 98.4123 0.038493272 0.128985988 0.005 53827.2 1382.4 15465.6 34560 9504 0.11533 6.48648
35437 729397 7.465148435 7.650016419 9.922668222 0.014147691 0.188264218 1.170454045 0.788421954 1.64794411 0.845576343 0.374231739 0.002321684 0.00134075 0.043656557 0.064530633 0.103587434 0.011690729 2.242595124 5.100312803 0.409175521 99.20484 0.038310355 0.129375753 0.005 53827.2 1382.4 15465.6 34560 9504 0.11818 23.814
35438 729398 7.431283728 7.647484321 9.954618041 0.014183265 0.186052909 1.179804805 0.785170604 1.651039217 0.851349201 0.372777843 0.002330139 0.001400616 0.043585954 0.063177782 0.101031418 0.011471852 2.283038972 5.15244359 0.401514818 100.00242 0.038135933 0.129742287 0.005 45100.8 1382.4 15465.6 34560 9504 0.12105 27.30672
35439 729399 7.397857685 7.644994514 9.986787631 0.014218334 0.183831098 1.189114206 0.781896888 1.654202171 0.857212959 0.371351582 0.002338652 0.001461636 0.043516883 0.061815626 0.098499833 0.011252567 2.323509445 5.204317387 0.393839851 100.8063 0.037970816 0.130084687 0.005 49420.8 1382.4 15465.6 34560 9504 0.12395 30.11904
35440 729400 7.364873335 7.642546919 10.01915386 0.014252898 0.181600235 1.198378861 0.778603162 1.657432824 0.863165738 0.369952805 0.002347218 0.001523801 0.043449331 0.060445144 0.095993186 0.011032998 2.363985307 5.255916146 0.386154937 101.61396 0.037815812 0.130402049 0.005 53827.2 1900.8 15465.6 34560 9504 0.12686 40.3704
35441 729401 7.332333707 7.640141461 10.05169359 0.014286954 0.17936177 1.207595379 0.775291779 1.660731026 0.869205658 0.368581361 0.002355829 0.001587099 0.043383285 0.059067314 0.093511984 0.010813268 2.404445326 5.307221819 0.378464393 102.42918 0.03767173 0.130693471 0.005 53827.2 1900.8 13132.8 34560 9504 0.12978 36.24264
35442 729402 7.300241828 7.637778062 10.0843837 0.0143205 0.177117155 1.216760373 0.771965094 1.664096629 0.87533084 0.367237098 0.002364481 0.001651522 0.043318731 0.057683118 0.091056733 0.010593501 2.444868269 5.358216359 0.370772536 103.2507 0.03753938 0.130958051 0.005 49420.8 1900.8 13132.8 34560 9504 0.13272 34.21109106
35443 729403 7.268600728 7.635456643 10.11720103 0.014353535 0.17486784 1.225870453 0.76862546 1.667529486 0.881539406 0.365919864 0.002373165 0.001717059 0.043255655 0.056293534 0.088627939 0.01037382 2.485232901 5.408881719 0.363083684 104.07852 0.03741957 0.131194884 0.005 45100.8 1900.8 13132.8 34560 9504 0.13567 34.04268
35444 729404 7.237413435 7.633177129 10.15012248 0.014386057 0.172615274 1.23492223 0.765275233 1.671029446 0.887829476 0.364629507 0.002381878 0.001783701 0.043194045 0.054899542 0.086226108 0.010154347 2.525517989 5.459199851 0.355402154 104.91516 0.03731311 0.131403069 0.005 37238.4 1900.8 13132.8 34560 9504 0.13863 85.84042213
35445 729405 7.206682977 7.630939442 10.18312489 0.014418065 0.170360909 1.243912317 0.761916766 1.674596361 0.89419917 0.363365875 0.002390612 0.001851437 0.043133887 0.053502122 0.083851747 0.009935207 2.565702299 5.509152709 0.347732262 105.75936 0.037220808 0.131581703 0.005 37238.4 1900.8 15465.6 34560 9504 0.1416 24.81192
35446 729406 7.176412383 7.628743504 10.21618513 0.014449555 0.168106195 1.252837323 0.758552414 1.678230084 0.900646611 0.362128818 0.002399361 0.001920257 0.043075167 0.052102253 0.081505361 0.009716524 2.605764598 5.558722244 0.340078325 106.61112 0.037143475 0.131729882 0.005 30153.6 1900.8 15465.6 34560 9504 0.14458 26.59061106
35447 729407 7.146604681 7.626589238 10.24928008 0.014480527 0.165852583 1.261693861 0.75518453 1.681930465 0.907169918 0.360918183 0.002408119 0.001990152 0.043017871 0.050700914 0.079187457 0.009498419 2.645683653 5.60789041 0.332444661 107.47296 0.037081918 0.131846704 0.005 30153.6 1382.4 15465.6 34560 9504 0.14755 24.63048
35448 729408 7.1172629 7.624476568 10.28238659 0.014510979 0.163601522 1.270478541 0.75181547 1.685697356 0.913767212 0.359733819 0.002416881 0.002061111 0.042961988 0.049299086 0.076898542 0.009281017 2.685438229 5.65663916 0.324835586 108.34362 0.037036947 0.131931267 0.005 37238.4 1382.4 15465.6 34560 9504 0.15053 81.4212
35449 729409 7.088390069 7.622405415 10.31548154 0.014540909 0.161354464 1.279187975 0.748447586 1.689530609 0.920436614 0.358575574 0.002425639 0.002133124 0.042907502 0.047897747 0.074639122 0.009064441 2.725007094 5.704950445 0.317255418 109.22436 0.037009372 0.131982666 0.005 37238.4 1382.4 17884.8 34560 9504 0.1535 80.76348
35450 729410 7.059989215 7.620375702 10.34854178 0.014570315 0.159112858 1.287818773 0.745083234 1.693430074 0.927176246 0.357443296 0.002434388 0.002206182 0.0428544 0.046497878 0.072409702 0.008848814 2.764369013 5.752806219 0.309708474 110.11518 0.037 0.132 0.005 37238.4 1382.4 17884.8 34560 9504 0.15648 75.2976
35451 729411 7.032063367 7.618387353 10.38154419 0.014599196 0.156878156 1.296367548 0.741724767 1.697395603 0.933984228 0.356336834 0.002443122 0.002280275 0.04280267 0.045100458 0.070210789 0.008634259 2.803502754 5.800188435 0.30219907 111.01734 0.037 0.131946031 0.005 45100.8 1900.8 17884.8 34560 9504 0.15945 76.93056
35452 729412 7.004615554 7.616440289 10.41446563 0.014627549 0.154651808 1.30483091 0.73837454 1.701427048 0.94085868 0.355256036 0.002451835 0.002355392 0.042752297 0.043706466 0.068042889 0.008420901 2.842387082 5.847079045 0.294731525 111.93084 0.037 0.131791225 0.005 53827.2 1900.8 15465.6 34560 9504 0.16241 38.69208
35453 729413 6.977648805 7.614534434 10.44728297 0.014655372 0.152435264 1.31320547 0.735034906 1.705524261 0.947797724 0.35420075 0.002460519 0.002431523 0.042703268 0.042316882 0.06590651 0.008208862 2.881000764 5.893460001 0.287310154 112.85568 0.037 0.131546232 0.005 53827.2 1900.8 15465.6 34560 9504 0.16536 105.87024
35454 729414 6.951166147 7.61266971 10.47997307 0.014682665 0.150229975 1.32148784 0.731708221 1.709687092 0.95479948 0.353170825 0.002469171 0.002508659 0.04265557 0.040932686 0.063802156 0.007998265 2.919322566 5.939313257 0.279939274 113.79312 0.037 0.131221701 0.005 53827.2 1900.8 15465.6 34560 9504 0.1683 135.4546111
35455 729415 6.925170609 7.61084604 10.51251281 0.014709425 0.14803739 1.329674631 0.728396838 1.713915392 0.96186207 0.352166109 0.002477782 0.00258679 0.042609189 0.039554856 0.061730334 0.007789234 2.957331255 5.984620766 0.272623204 114.7419 0.037 0.130828282 0.005 45100.8 1900.8 15465.6 34560 9504 0.17122 69.60492
35456 729416 6.89966522 7.609063347 10.54487904 0.01473565 0.145858962 1.337762453 0.725103112 1.718209015 0.968983614 0.35118645 0.002486348 0.002665905 0.042564112 0.038184374 0.05969155 0.007581893 2.995005598 6.029364479 0.26536626 115.7058 0.037 0.130376626 0.005 45100.8 1900.8 15465.6 34560 9504 0.17413 38.48105739
35457 729417 6.874653008 7.607321554 10.57704863 0.014761339 0.143696139 1.34574792 0.721829396 1.72256781 0.976162232 0.350231696 0.002494861 0.002745994 0.042520325 0.036822218 0.057686312 0.007376365 3.03232436 6.073526349 0.258172759 116.6823 0.037 0.129877383 0.005 45100.8 1900.8 15465.6 34560 9504 0.17703 45.38268
35458 729418 6.850137001 7.605620582 10.60899844 0.01478649 0.141550374 1.35362764 0.718578046 1.72699163 0.983396047 0.349301697 0.002503316 0.002827049 0.042477814 0.035469367 0.055715124 0.007172772 3.069266308 6.117088331 0.251047017 117.67392 0.037 0.129341202 0.005 45100.8 1900.8 15465.6 34560 9504 0.1799 131.36256
35459 729419 6.826120229 7.603960356 10.64070536 0.014811101 0.139423115 1.361398226 0.715351414 1.731480326 0.990683178 0.3483963 0.002511707 0.002909058 0.042436567 0.034126802 0.053778493 0.006971239 3.105810209 6.160032375 0.243993353 118.6794 0.037 0.128778733 0.005 45100.8 1900.8 15465.6 34560 9504 0.18275 145.76436
35460 729420 6.802605719 7.602340797 10.67214623 0.014835169 0.137315813 1.369056289 0.712151856 1.736033749 0.998021746 0.347515353 0.002520028 0.002992012 0.04239657 0.032795502 0.051876926 0.006771888 3.14193483 6.202340434 0.237016083 119.7 0.037 0.128200627 0.005 45100.8 1900.8 15465.6 34560 9504 0.18558 23.38308
35461 729421 6.7795965 7.600761829 10.70329793 0.014858695 0.13522992 1.376598441 0.708981726 1.740651751 1.005409873 0.346658706 0.002528272 0.0030759 0.042357809 0.031476446 0.050010928 0.006574844 3.177618935 6.243994463 0.230119524 120.74328 0.037 0.127617533 0.005 45100.8 1900.8 13132.8 34560 9504 0.18838 125.94204
35462 729422 6.7570956 7.599223373 10.73413732 0.014881675 0.133166885 1.384021291 0.705843377 1.745334183 1.012845679 0.345826205 0.002536434 0.003160713 0.042320272 0.030170614 0.048181006 0.006380228 3.212841293 6.284976412 0.223307994 121.8168 0.037 0.127040102 0.005 45100.8 1382.4 17884.8 38262.85714 14688 0.19115 143.51904
35463 729423 6.735106049 7.597725353 10.76464127 0.014904107 0.131128159 1.391321452 0.702739164 1.750080897 1.020327285 0.3450177 0.002544506 0.003246441 0.042283943 0.028878986 0.046387666 0.006188166 3.247580669 6.325268235 0.216585808 122.9193 0.037 0.126478983 0.005 45100.8 1382.4 17884.8 38262.85714 14688 0.1939 151.00344
35464 729424 6.713630874 7.596267692 10.79478665 0.014925991 0.129115192 1.398495535 0.699671441 1.754891743 1.027852812 0.344233039 0.002552484 0.003333074 0.042248811 0.027602541 0.044631415 0.00599878 3.28181583 6.364851885 0.209957285 124.05078 0.037 0.125944826 0.005 45100.8 1382.4 17884.8 38262.85714 14688 0.19661 140.70672
35465 729425 6.692673104 7.594850312 10.82455032 0.014947324 0.127129435 1.40554015 0.696642562 1.759766575 1.035420381 0.343472071 0.002560361 0.003420601 0.042214861 0.026342259 0.042912759 0.005812193 3.315525542 6.403709313 0.203426741 125.20998 0.037 0.125448282 0.005 37238.4 1382.4 15465.6 38262.85714 14688 0.19928 147.89628
35466 729426 6.672235768 7.593473136 10.85390914 0.014968104 0.125172338 1.41245191 0.693654883 1.764705242 1.043028112 0.342734642 0.002568131 0.003509013 0.04218208 0.025099119 0.041232204 0.005628528 3.348688571 6.441822474 0.196998494 126.3906 0.037 0.125 0.005 37238.4 1382.4 15465.6 38262.85714 14688 0.20192 91.23729702
35467 729427 6.652321893 7.592136087 10.88283999 0.01498833 0.123245352 1.419227425 0.690710755 1.769707597 1.050674126 0.342020603 0.002575787 0.0035983 0.042150455 0.023874101 0.039590255 0.00544791 3.381283685 6.479173319 0.19067686 127.6128 0.03698525 0.124570666 0.005018438 37238.4 950.4 15465.6 38262.85714 14688 0.20452 35.44884
35468 729428 6.632934509 7.590839087 10.91131972 0.015008 0.121349927 1.425863306 0.687812535 1.774773491 1.058356545 0.341329801 0.002583324 0.003688452 0.042119972 0.022668184 0.037987421 0.005270462 3.41328965 6.515743802 0.184466157 128.8476 0.036942 0.124124815 0.0050725 37238.4 1382.4 15465.6 38262.85714 14688 0.20709 35.9478
35469 729429 6.614076644 7.589582059 10.93932522 0.015027112 0.119487513 1.432356166 0.684962576 1.779902775 1.066073489 0.340662084 0.002590735 0.003779459 0.042090618 0.021482348 0.036424206 0.005096306 3.444685231 6.551515875 0.178370701 130.1202 0.03687175 0.12366387 0.005160313 37238.4 1382.4 15465.6 38262.85714 14688 0.2096 109.15884
35470 729430 6.595751326 7.588364926 10.96683333 0.015045664 0.117659562 1.438702614 0.682163233 1.785095301 1.073823078 0.340017301 0.002598015 0.00387131 0.042062378 0.020317573 0.034901117 0.004925566 3.475449196 6.58647149 0.172394809 131.418 0.036776 0.123189253 0.00528 30153.6 1900.8 15465.6 38262.85714 14688 0.21208 40.50648
35471 729431 6.577961583 7.58718761 10.99382093 0.015063654 0.115867524 1.444899262 0.679416859 1.790350921 1.081603434 0.3393953 0.002605157 0.003963997 0.042035241 0.019174837 0.03341866 0.004758366 3.505560311 6.6205926 0.1665428 132.7284 0.03665625 0.122702387 0.005429688 30153.6 1900.8 15465.6 38262.85714 14688 0.2145 156.40128
35472 729432 6.560710446 7.586050035 11.02026488 0.015081082 0.114112848 1.450942721 0.676725808 1.795669485 1.089412678 0.33879593 0.002612155 0.004057508 0.042009192 0.018055121 0.031977342 0.004594828 3.534997342 6.653861159 0.160818988 134.0766 0.036514 0.122204695 0.0056075 30153.6 1900.8 13132.8 38262.85714 14688 0.21688 126.48636
35473 729433 6.54400094 7.584952123 11.04614206 0.015097944 0.112396986 1.456829604 0.674092436 1.801050845 1.09724893 0.338219038 0.002619004 0.004151835 0.041984218 0.016959405 0.030577668 0.004435077 3.563739056 6.686259119 0.155227693 135.4374 0.03635075 0.1216976 0.005811563 30153.6 1900.8 13132.8 38262.85714 14688 0.21921 133.99344
35474 729434 6.527836097 7.583893796 11.07142932 0.015114239 0.110721388 1.462556519 0.671519096 1.806494853 1.105110311 0.337664474 0.002625696 0.004246966 0.041960305 0.015888667 0.029220146 0.004279235 3.591764219 6.717768432 0.14977323 136.836 0.036168 0.121182524 0.00604 30153.6 1900.8 15465.6 38262.85714 14688 0.22148 177.49368
35475 729435 6.512218943 7.582874978 11.09610353 0.015129965 0.109087504 1.46812008 0.669008142 1.81200136 1.112994943 0.337132085 0.002632226 0.004342893 0.04193744 0.014843887 0.027905281 0.004127426 3.619051598 6.748371051 0.144459918 138.2472 0.03596725 0.120660889 0.006290938 30153.6 1900.8 15465.6 38262.85714 14688 0.2237 164.97432
35476 729436 6.497152507 7.581895591 11.12014156 0.015145121 0.107496785 1.473516897 0.666561929 1.817570218 1.120900945 0.33662172 0.002638587 0.004439604 0.04191561 0.013826045 0.026633579 0.003979773 3.645579959 6.778048929 0.139292072 139.6836 0.03575 0.12013412 0.0065625 37238.4 1900.8 15465.6 38262.85714 14688 0.22586 163.99908
35477 729437 6.482639817 7.580955558 11.14352028 0.015159704 0.105950681 1.478743581 0.66418281 1.823201277 1.128826439 0.336133227 0.002644774 0.00453709 0.0418948 0.012836121 0.025405547 0.0038364 3.671328068 6.806784019 0.134274009 141.1452 0.03551775 0.119603638 0.006852813 37238.4 1900.8 15465.6 38262.85714 14688 0.22797 159.16824
35478 729438 6.468683903 7.580054801 11.16621655 0.015173713 0.104450644 1.483796744 0.661873141 1.82889439 1.136769546 0.335666454 0.002650781 0.004635342 0.041874998 0.011875093 0.024221692 0.00369743 3.696274693 6.834558273 0.129410048 142.632 0.035272 0.119070867 0.00716 37238.4 1382.4 15465.6 38262.85714 14688 0.23001 170.39484
35479 729439 6.455287793 7.579193244 11.18820723 0.015187147 0.102998122 1.488672996 0.659635275 1.834649408 1.144728386 0.335221251 0.0026566 0.004734349 0.04185619 0.010943942 0.023082518 0.003562986 3.720398599 6.861353644 0.124704505 144.1314 0.03501425 0.118537229 0.007482188 37238.4 1382.4 15465.6 38262.85714 14688 0.23198 23.88204
35480 729440 6.442454515 7.578370809 11.20946919 0.015200002 0.101594567 1.49336895 0.657471566 1.840466182 1.15270108 0.334797464 0.002662227 0.0048341 0.041838363 0.010043647 0.021988533 0.003433191 3.743678552 6.887152085 0.120161697 145.656 0.034746 0.118004146 0.0078175 30153.6 1382.4 15465.6 38262.85714 14688 0.2339 8.30088
35481 729441 6.430187097 7.577587419 11.22997931 0.015212278 0.10024143 1.497881215 0.655384369 1.846344565 1.16068575 0.334394942 0.002667655 0.004934587 0.041821503 0.009175188 0.020940243 0.00330817 3.76609332 6.911935548 0.115785941 147.2058 0.03446875 0.117473042 0.008164063 30153.6 1382.4 15465.6 38262.85714 14688 0.23574 7.00812
35482 729442 6.418488569 7.576842996 11.24971444 0.015223973 0.09894016 1.502206404 0.653376037 1.852284406 1.168680515 0.334013535 0.002672878 0.005035799 0.041805596 0.008339544 0.019938155 0.003188044 3.787621669 6.935685986 0.111581554 148.7682 0.034184 0.116945339 0.00852 37238.4 1382.4 15465.6 38262.85714 14688 0.23752 118.86588
35483 729443 6.407361958 7.576137463 11.26865145 0.015235085 0.097692208 1.506341128 0.651448926 1.858285558 1.176683497 0.333653089 0.002677889 0.005137726 0.04179063 0.007537695 0.018982773 0.003072939 3.808242365 6.958385352 0.107552853 150.3558 0.03389325 0.11642246 0.008883438 37238.4 1382.4 15465.6 38262.85714 14688 0.23922 181.50804
35484 729444 6.396810293 7.575470743 11.2867672 0.015245612 0.096499025 1.510281997 0.649605389 1.864347872 1.184692817 0.333313454 0.002682684 0.005240358 0.04177659 0.006770619 0.018074605 0.002962976 3.827934174 6.980015598 0.103704155 151.956 0.033598 0.115905828 0.0092525 37238.4 1900.8 15465.6 38262.85714 14688 0.24085 180.5485774
35485 729445 6.386836603 7.574842759 11.30403857 0.015255552 0.095362061 1.514025623 0.64784778 1.8704712 1.192706595 0.332994477 0.002687254 0.005343686 0.041763464 0.006039298 0.017214157 0.002858279 3.846675864 7.000558678 0.100039778 153.5814 0.03329975 0.115396866 0.009625313 37238.4 1900.8 15465.6 38262.85714 14688 0.2424 191.03364
35486 729446 6.377443915 7.574253433 11.32044242 0.015264903 0.094282766 1.517568618 0.646178454 1.876655393 1.200722952 0.332696008 0.002691596 0.005447699 0.041751238 0.00534471 0.016401935 0.002758973 3.8644462 7.019996543 0.096564038 155.2194 0.033 0.114896996 0.01 33609.6 1900.8 15465.6 38262.85714 14688 0.24388 181.12248
35487 729447 6.36863526 7.573702688 11.33595562 0.015273664 0.093262591 1.520907591 0.644599765 1.882900302 1.20874001 0.332417893 0.002695701 0.005552387 0.041739898 0.004687835 0.015638446 0.002665179 3.881223949 7.038311147 0.093281252 156.8826 0.03270025 0.114407641 0.010374688 33609.6 1900.8 15465.6 38262.85714 14688 0.24527 131.47596
35488 729448 6.360413664 7.573190448 11.35055503 0.015281833 0.092302987 1.524039156 0.643114066 1.889205779 1.216755889 0.332159983 0.002699565 0.00565774 0.041729431 0.004069653 0.014924195 0.002577021 3.896987878 7.055484443 0.090195737 158.5584 0.032402 0.113930223 0.0107475 45100.8 1900.8 17884.8 38262.85714 14688 0.24658 133.53984
35489 729449 6.352782156 7.572716633 11.36421751 0.015289409 0.091405404 1.526959922 0.641723713 1.895571676 1.224768709 0.331922124 0.00270318 0.005763749 0.041719823 0.003491143 0.014259689 0.002494623 3.911716752 7.071498382 0.087311811 160.2468 0.03210675 0.113466166 0.011116563 45100.8 1900.8 15465.6 38262.85714 14688 0.24781 60.7824
35490 729450 6.345743766 7.572281168 11.37691994 0.015296388 0.090571291 1.529666501 0.640431059 1.901997844 1.232776592 0.331704166 0.002706542 0.005870403 0.041711061 0.002953284 0.013645435 0.002418108 3.925389338 7.086334918 0.084633791 161.9604 0.031816 0.113016893 0.01148 37238.4 1900.8 15465.6 34560 9187.2 0.24895 161.11872
35491 729451 6.339301521 7.571883975 11.38863918 0.01530277 0.089802101 1.532155504 0.639238459 1.908484134 1.240777658 0.331505956 0.002709643 0.005977692 0.041703132 0.002457057 0.013081937 0.0023476 3.937984403 7.099976003 0.082165993 163.674 0.03153125 0.112583825 0.011835938 37238.4 1900.8 13737.6 34560 9187.2 0.25001 204.52824
35492 729452 6.33345845 7.571524976 11.39935209 0.015308553 0.089099283 1.534423543 0.638148267 1.915030397 1.248770029 0.331327344 0.002712479 0.006085607 0.041696022 0.00200344 0.012569704 0.002283221 3.949480714 7.112403591 0.079912734 165.4128 0.031254 0.112168386 0.0121825 37238.4 1382.4 13737.6 34560 9187.2 0.25097 215.02908
35493 729453 6.328217581 7.571204095 11.40903555 0.015313735 0.088464288 1.536467229 0.637162837 1.921636486 1.256751825 0.331168176 0.002715041 0.006194137 0.041689717 0.001593413 0.01210924 0.002225095 3.959857036 7.123599633 0.077878332 167.1642 0.03098575 0.111771999 0.012517813 37238.4 1382.4 13737.6 34560 9187.2 0.25184 197.17992
35494 729454 6.323581943 7.570921254 11.41766642 0.015318313 0.087898566 1.538283172 0.636284523 1.928302252 1.264721167 0.331028303 0.002717325 0.006303272 0.041684205 0.001227957 0.011701053 0.002173346 3.969092135 7.133546083 0.076067104 168.9408 0.030728 0.111396086 0.01284 37238.4 1382.4 13737.6 34560 9187.2 0.25262 211.87656
35495 729455 6.319554564 7.570676376 11.42522156 0.015322287 0.087403568 1.539867984 0.63551568 1.935027546 1.272676176 0.330907571 0.002719325 0.006413003 0.041679471 0.00090805 0.011345648 0.002128096 3.97716478 7.142224893 0.074483366 170.7174 0.03048225 0.11104207 0.013147188 37238.4 1382.4 13737.6 34560 9187.2 0.2533 220.51764
35496 729456 6.316138474 7.570469384 11.43167784 0.015325655 0.086980743 1.541218276 0.634858661 1.941812219 1.280614973 0.330805829 0.002721033 0.006523319 0.041675503 0.000634672 0.011043531 0.00208947 3.984053735 7.149618015 0.073131437 172.5066 0.03025 0.110711373 0.0134375 37238.4 1900.8 13737.6 34560 9187.2 0.25388 189.10584
35497 729457 6.313336699 7.5703002 11.43701213 0.015328414 0.086631544 1.54233066 0.634315821 1.948656123 1.288535678 0.330722926 0.002722445 0.006634211 0.041672286 0.000408802 0.01079521 0.002057589 3.989737768 7.155707404 0.072015632 174.321 0.03003275 0.11040542 0.013709063 37238.4 1900.8 13737.6 34560 9187.2 0.25436 196.68096
35498 729458 6.311152269 7.570168746 11.44120129 0.015330564 0.086357419 1.543201746 0.633889514 1.95555911 1.296436412 0.33065871 0.002723554 0.006745668 0.041669807 0.00023142 0.01060119 0.002032579 3.994195644 7.16047501 0.071140268 176.1354 0.029832 0.110125631 0.01396 37238.4 1900.8 13737.6 34560 9187.2 0.25474 167.76396
35499 729459 6.309588213 7.570074947 11.44422219 0.015332101 0.08615982 1.543828147 0.633582094 1.962521031 1.304315297 0.330613029 0.002724353 0.006857681 0.041668053 0.000103507 0.010461978 0.002014562 3.99740613 7.163902788 0.070509664 177.9624 0.02964925 0.10987343 0.014188438 37238.4 1900.8 13737.6 34560 9187.2 0.25501 176.24628
35500 729460 6.308647558 7.570018724 11.44605169 0.015333025 0.086040197 1.544206472 0.633395916 1.969541737 1.312170452 0.330585732 0.002724837 0.006970239 0.041667011 2.60E-05 0.010378079 0.002003661 3.999347994 7.165972689 0.070128135 179.8146 0.029486 0.10965024 0.0143925 37238.4 1900.8 13737.6 34560 9187.2 0.25517 235.59984
35501 729461 6.308333333 7.57 11.44666667 0.015333333 0.086 1.544333333 0.633333333 1.97662108 1.32 0.330576667 0.002725 0.007083333 0.041666667 0 0.01035 0.002 4.00E+00 7.166666667 0.07 181.6668 0.02934375 0.109457484 0.014570313 30153.6 1900.8 13737.6 34560 9187.2 0.25523 122.2452
35502 729462 6.310250979 7.570630239 11.44529276 0.015320229 0.08627987 1.544333333 0.633649671 1.98508234 1.328265753 0.330907261 0.002721611 0.007205878 0.04216704 0 0.010464111 0.002004632 3.992620034 7.160305991 0.070162106 183.519 0.029224 0.109296584 0.01472 30153.6 1900.8 13737.6 34560 9187.2 0.25474 42.04872
35503 729463 6.315928409 7.572480912 11.44128096 0.015281807 0.087097089 1.544333333 0.634573377 1.996132321 1.337386161 0.331872595 0.00271171 0.007346092 0.043628129 0 0.010797313 0.002018402 3.971025163 7.141732818 0.070644067 185.3964 0.02912825 0.109168962 0.014839688 30153.6 1900.8 13737.6 34560 9187.2 0.25332 151.91064
35504 729464 6.325252357 7.575491956 11.43479612 0.015219401 0.088418074 1.544333333 0.63606649 2.00959616 1.347294295 0.333432999 0.002695691 0.007502917 0.045989891 0 0.011335915 0.002041124 3.936032923 7.111710428 0.071439346 187.2738 0.029058 0.109076043 0.0149275 30153.6 1382.4 13737.6 34560 9187.2 0.25102 118.77516
35505 729465 6.33810956 7.579603305 11.42600312 0.015134344 0.090209241 1.544333333 0.638091051 2.025298995 1.357923227 0.3355488 0.002673951 0.007675295 0.049192279 0 0.012066222 0.002072612 3.888460854 7.071002103 0.072541406 189.1638 0.02901475 0.109019248 0.014981563 30153.6 1900.8 13737.6 34560 9187.2 0.24789 60.96384
35506 729466 6.354386754 7.584754895 11.41506683 0.01502797 0.092437004 1.544333333 0.640609098 2.043065965 1.36920603 0.338180329 0.002646885 0.007862168 0.053175249 0 0.012974542 0.002112677 3.829126493 7.020371124 0.07394371 191.0664 0.029 0.109 0.015 37238.4 1900.8 13737.6 34560 9187.2 0.24399 56.49588
35507 729467 6.373970675 7.590886663 11.40215211 0.014901614 0.095067779 1.544333333 0.643582672 2.062722206 1.381075775 0.341287912 0.00261489 0.00806248 0.057878757 0 0.014047181 0.002161135 3.758847379 6.960580772 0.075639721 192.969 0.029 0.109092215 0.014934132 37238.4 1900.8 13737.6 34560 9187.2 0.23939 52.43616
35508 729468 6.39674806 7.597938544 11.38742384 0.01475661 0.098067983 1.544333333 0.646973811 2.084092856 1.393465535 0.34483188 0.002578361 0.008275172 0.063242757 0 0.015270446 0.002217797 3.678441048 6.892394328 0.077622902 194.8842 0.029 0.109356765 0.014745168 45100.8 1900.8 13737.6 34560 9187.2 0.23412 140.29848
35509 729469 6.422605644 7.605850472 11.37104688 0.014594291 0.10140403 1.544333333 0.650744555 2.107003053 1.406308382 0.348772561 0.002537695 0.008499188 0.069207205 0 0.016630643 0.002282478 3.588725041 6.816575073 0.079886717 196.812 0.029 0.10977551 0.014446064 37238.4 1382.4 11318.4 34560 9187.2 0.22825 100.90332
35510 729470 6.451430163 7.614562385 11.3531861 0.014415991 0.105042337 1.544333333 0.654856944 2.131277934 1.419537387 0.353070283 0.002493286 0.008733469 0.075712056 0 0.01811408 0.002354989 3.490516893 6.733886288 0.082424628 198.7398 0.029 0.11033031 0.014049779 37238.4 1382.4 11318.4 34560 9187.2 0.22184 101.01672
35511 729471 6.483108353 7.624014217 11.33400638 0.014223045 0.108949318 1.544333333 0.659273017 2.156742637 1.433085623 0.357685375 0.002445532 0.008976958 0.082697266 0 0.019707063 0.002435146 3.384634144 6.645091254 0.085230099 200.6676 0.029 0.111003023 0.013569269 37238.4 1382.4 11318.4 34560 9187.2 0.21493 94.66632
35512 729472 6.51752695 7.634145904 11.31367257 0.014016786 0.11309139 1.544333333 0.663954814 2.1832223 1.446886162 0.362578166 0.002394828 0.009228597 0.090102789 0 0.021395899 0.00252276 3.271894332 6.550953253 0.088296592 202.608 0.029 0.11177551 0.013017493 37238.4 1382.4 11318.4 34560 9187.2 0.20759 222.9444
35513 729473 6.554572691 7.644897383 11.29234955 0.013798548 0.117434968 1.544333333 0.668864373 2.210542061 1.460872077 0.367708985 0.00234157 0.009487328 0.09786858 0 0.023166894 0.002617645 3.153114994 6.452235566 0.091617571 204.5484 0.029 0.11262963 0.012407407 37238.4 1382.4 11318.4 34560 9187.2 0.19987 269.73324
35514 729474 6.594132312 7.656208587 11.27020218 0.013569666 0.121946469 1.544333333 0.673963736 2.238527056 1.474976438 0.37303816 0.002286153 0.009752095 0.105934595 0 0.025006356 0.002719614 3.029113669 6.349701472 0.095186499 206.5014 0.029 0.113547241 0.011751971 30153.6 1382.4 11318.4 34560 9187.2 0.19182 141.4098
35515 729475 6.636092547 7.668019454 11.24739535 0.013331473 0.126592306 1.544333333 0.67921494 2.267002424 1.489132319 0.378526021 0.002228974 0.010021839 0.11424079 0 0.02690059 0.002828481 2.900707895 6.244114255 0.098996839 208.4544 0.029 0.114510204 0.01106414 30153.6 1382.4 11318.4 34560 9187.2 0.18351 157.1901496
35516 729476 6.680340134 7.680269918 11.2240939 0.013085303 0.131338897 1.544333333 0.684580026 2.295793303 1.503272791 0.384132895 0.002170429 0.010295504 0.122727119 0 0.028835905 0.002944059 2.76871521 6.136237194 0.103042054 210.4074 0.029 0.115500378 0.010356873 30153.6 1382.4 11318.4 34560 9187.2 0.17498 209.97144
35517 729477 6.726761809 7.692899915 11.20046272 0.012832491 0.136152656 1.544333333 0.690021033 2.324724829 1.517330927 0.389819112 0.002110913 0.01057203 0.131333537 0 0.030798606 0.00306616 2.633953151 6.026833571 0.107315607 212.373 0.029 0.116499622 0.009643127 26179.2 1382.4 11318.4 34560 9187.2 0.1663 241.58736
35518 729478 6.775244307 7.705849381 11.17666667 0.012574369 0.141 1.544333333 0.6955 2.35362214 1.531239798 0.395545 0.002050823 0.010850362 0.14 0 0.032775 0.003194599 2.497239257 5.916666667 0.111810962 214.326 0.029 0.117489796 0.00893586 30153.6 1382.4 11318.4 34560 9187.2 0.15752 106.4826
35519 729479 6.825674365 7.719058252 11.15287062 0.012312273 0.145847344 1.544333333 0.700978967 2.382310375 1.544932476 0.401270888 0.001990554 0.011129441 0.148666463 0 0.034751394 0.003329188 2.359391067 5.806499763 0.11652158 216.2916 0.029 0.118452759 0.008248029 30153.6 1382.4 13737.6 34560 9187.2 0.14869 266.35392
35520 729480 6.877938718 7.732466463 11.12923943 0.012047536 0.150661103 1.544333333 0.706419974 2.410614671 1.558342035 0.406957105 0.001930502 0.011408209 0.157272881 0 0.036714095 0.003469741 2.221226117 5.697096139 0.121440927 218.2572 0.029 0.11937037 0.007592593 30153.6 1382.4 13737.6 34560 9187.2 0.13986 272.7989843
35521 729481 6.931924104 7.74601395 11.10593799 0.011781491 0.155407694 1.544333333 0.71178506 2.438360165 1.571401545 0.412563979 0.001871063 0.011685609 0.16575921 0 0.03864941 0.00361607 2.083561946 5.589219079 0.126562464 220.2228 0.029 0.12022449 0.006982507 30153.6 1382.4 13737.6 34560 9504 0.13111 291.7782
35522 729482 6.987517256 7.759640648 11.08313115 0.011515474 0.160053531 1.544333333 0.717036264 2.465371996 1.584044079 0.41805184 0.001812633 0.011960584 0.174065405 0 0.040543644 0.00376799 1.947216092 5.483631861 0.131879655 222.1884 0.029 0.120996977 0.006430731 30153.6 1382.4 13737.6 34560 9504 0.12247 295.54308
35523 729483 7.044604913 7.773286493 11.06098378 0.011250818 0.164565032 1.544333333 0.722135627 2.4914753 1.596202709 0.423381015 0.001755608 0.012232076 0.18213142 0 0.042383106 0.003925313 1.813006094 5.381097768 0.137385962 224.154 0.029 0.12166969 0.005950221 30153.6 1382.4 11318.4 34560 9504 0.11402 280.665
35524 729484 7.103073809 7.786891421 11.03966076 0.010988857 0.16890861 1.544333333 0.727045186 2.516495215 1.607810508 0.428511834 0.001700384 0.012499027 0.189897211 0 0.044154101 0.004087853 1.681749489 5.28238008 0.14307485 226.1196 0.029 0.12222449 0.005553936 30153.6 1382.4 11318.4 34560 9504 0.10579 264.29004
35525 729485 7.162810681 7.800395367 11.01932696 0.010730925 0.173050682 1.544333333 0.731726983 2.540256879 1.618800546 0.433404625 0.001647357 0.012760379 0.197302734 0 0.045842937 0.004255422 1.554263815 5.188242079 0.14893978 228.0852 0.029 0.122643235 0.005254832 26179.2 1382.4 11318.4 34560 9504 0.09785 245.87388
35526 729486 7.223702265 7.813738267 11.00014723 0.010478355 0.176957663 1.544333333 0.736143056 2.56258543 1.629105897 0.438019717 0.001596922 0.013015076 0.204287944 0 0.04743592 0.004427835 1.43136661 5.099447045 0.154974217 230.0508 0.029 0.122907785 0.005065868 26179.2 1382.4 11318.4 34560 9504 0.090254 286.08552
35527 729487 7.285635297 7.826860056 10.98228645 0.010232483 0.18059597 1.544333333 0.740255445 2.583306006 1.638659632 0.442317439 0.001549476 0.01326206 0.210792795 0 0.048919357 0.004604903 1.313875413 5.01675826 0.161171622 232.0038 0.029 0.123 0.005 30153.6 1814.4 8899.2 34560 9504 0.083057 148.93956
35528 729488 7.348496513 7.83970067 10.96590949 0.009994641 0.183932017 1.544333333 0.744026189 2.602243743 1.647394823 0.44625812 0.001505414 0.013500272 0.216757243 0 0.050279554 0.004786442 1.202607761 4.940939005 0.16752546 233.9694 0.028989789 0.122932762 0.005 30153.6 1296 8899.2 34560 9504 0.076315 282.22992
35529 729489 7.412172648 7.852200046 10.95118122 0.009766165 0.186932221 1.544333333 0.747417328 2.61922378 1.655244543 0.449802088 0.001465132 0.013728656 0.222121243 0 0.051502819 0.004972263 1.098381193 4.872752561 0.174029194 235.9224 0.028959724 0.122737609 0.005 30153.6 1296 8899.2 34560 9504 0.070082 156.78684
35530 729490 7.47655044 7.864298117 10.9382665 0.009548386 0.189562996 1.544333333 0.750390902 2.634071254 1.662141864 0.452909671 0.001429027 0.013946153 0.226824751 0 0.052575458 0.00516218 1.002013246 4.812962209 0.180676286 237.8754 0.028910657 0.12242438 0.005 30153.6 1296 8899.2 34560 9504 0.064416 183.75336
35531 729491 7.541516624 7.875934821 10.92733021 0.009342641 0.191790759 1.544333333 0.752908949 2.646611303 1.668019857 0.4555412 0.001397494 0.014151707 0.230807721 0 0.053483778 0.005356006 0.914321459 4.76233123 0.1874602 239.8158 0.02884344 0.122002915 0.005 30153.6 1296 8899.2 34560 9504 0.05937 327.31776
35532 729492 7.606957936 7.887050092 10.91853721 0.009150263 0.193581926 1.544333333 0.75493351 2.656669064 1.672811596 0.457657001 0.001370928 0.01434426 0.234010109 0 0.054214085 0.005553554 0.836123369 4.721622905 0.194374398 241.7688 0.028758924 0.121483054 0.005 30153.6 1296 8899.2 34560 9504 0.055002 315.00252
35533 729493 7.672761112 7.897583866 10.91205238 0.008972585 0.194902911 1.544333333 0.756426623 2.664069676 1.676450151 0.459217405 0.001349727 0.014522753 0.236371871 0 0.054752687 0.005754638 0.768236515 4.691600516 0.201412345 243.7092 0.028657962 0.120874636 0.005 30153.6 1296 8899.2 34560 9504 0.051366 295.90596
35534 729494 7.738812888 7.907476079 10.90804057 0.008810941 0.19572013 1.544333333 0.757350329 2.668638275 1.678868595 0.460182739 0.001334286 0.01468613 0.23783296 0 0.055085889 0.005959071 0.711478435 4.673027342 0.208567502 245.637 0.028541405 0.1201875 0.005 30153.6 1296 8899.2 34560 9504 0.048518 53.6382
35535 729495 7.805 7.916666667 10.90666667 0.008666667 0.196 1.544333333 0.757666667 2.6702 1.68 0.460513333 0.001325 0.014833333 0.238333333 0 0.0552 0.006166667 0.666666667 4.666666667 0.215833333 247.5648 0.028410105 0.119431487 0.005 30153.6 1296 8899.2 34560 9504 0.046513 152.90856
35536 729496 7.874906908 7.925291788 10.90854905 0.008529974 0.195800657 1.545193585 0.757439897 2.668853289 1.680441041 0.458991718 0.001318998 0.014965984 0.237376755 6.96E-06 0.055019989 0.006426133 0.628228668 4.701451337 0.224914666 249.4926 0.028264914 0.118616436 0.005 22550.4 1296 8899.2 34560 9504 0.044963 114.3072
35537 729497 7.951956631 7.933552004 10.91409864 0.008390599 0.195222815 1.547687226 0.756782553 2.66492616 1.68083554 0.45458096 0.001313147 0.01508714 0.234603888 2.78E-05 0.054498186 0.006780814 5.90E-01 4.80228285 0.237328493 251.4078 0.028106685 0.117752187 0.005 22550.4 1296 8899.2 34560 9504 0.043441 302.211
35538 729498 8.035793746 7.941483852 10.92316911 0.008249156 0.194296754 1.551683585 0.755729081 2.658588116 1.681187289 0.44751219 0.001307454 0.015197895 0.230160037 6.25E-05 0.053661934 0.007222472 5.52E-01 4.963877458 0.25278653 253.3104 0.027936268 0.116848579 0.005 22550.4 1296 8899.2 34560 9504 0.04195 322.71372
35539 729499 8.126062828 7.949123867 10.93561414 0.00810626 0.193052753 1.557051991 0.754313926 2.650008662 1.681500083 0.438016541 0.001301924 0.015299345 0.224190503 0.000111119 0.052538576 0.007742871 5.15E-01 5.180951413 0.271000491 255.213 0.027754515 0.115915452 0.005 26179.2 1814.4 8899.2 34560 9504 0.040492 290.57616
35540 729500 8.222408454 7.956508587 10.95128738 0.007962527 0.191521093 1.563661772 0.752571534 2.6393573 1.681777714 0.426325142 0.001296564 0.015392586 0.21684059 0.000173529 0.051155456 0.008333774 0.478522466 5.448220969 0.291682091 257.103 0.02756228 0.114962646 0.005 30153.6 1814.4 11318.4 34560 9504 0.039069 124.49052
35541 729501 8.324475201 7.963674549 10.97004252 0.00781857 0.189732053 1.571382259 0.750536351 2.626803536 1.682023975 0.412669127 0.001291378 0.015478712 0.208255601 0.000249747 0.049539918 0.008986944 0.442552492 5.760402378 0.314543044 258.993 0.027360413 0.114 0.005 45100.8 1296 11318.4 34560 9504 0.037685 26.28612
35542 729502 8.431907643 7.97065829 10.99173321 0.007675006 0.187715914 1.580082779 0.748242824 2.612516873 1.682242659 0.397279625 0.001286374 0.015558818 0.19858084 0.00033975 0.047719303 0.009694145 0.407343199 6.112211892 0.339295065 260.8704 0.027149766 0.113037354 0.005 37238.4 1296 8899.2 34560 9504 0.03634 131.83884
35543 729503 8.544350358 7.977496346 11.01621314 0.00753245 0.185502955 1.589632661 0.745725398 2.596666814 1.68243756 0.38038777 0.001281556 0.015634 0.187961608 0.000443516 0.045720957 0.010447139 0.372983614 6.498365764 0.365649868 262.7352 0.026931191 0.112084548 0.005 30153.6 1296 8899.2 34560 9504 0.035038 118.25352
35544 729504 8.661447921 7.984225254 11.04333596 0.007391516 0.183123457 1.599901235 0.743018519 2.579422864 1.68261247 0.362224691 0.001276931 0.015705352 0.17654321 0.000561021 0.043572222 0.011237691 0.339562761 6.913580247 0.393319168 264.5874 0.02670554 0.111151421 0.005 22550.4 1296 8899.2 34560 9504 0.033782 177.74316
35545 729505 8.782844909 7.990881551 11.07295536 0.00725282 0.180607699 1.610757828 0.740156633 2.560954527 1.682771183 0.343021521 0.001272504 0.015773971 0.164470948 0.000692244 0.041300442 0.012057562 0.307169668 7.352571593 0.422014678 266.427 0.026473665 0.110247813 0.005 22550.4 1296 8899.2 34560 9504 0.032572 199.3631165
35546 729506 8.908185898 7.997501774 11.104925 0.007116976 0.177985961 1.622071771 0.737174186 2.541431307 1.682917493 0.323009392 0.001268282 0.01584095 0.151890125 0.000837161 0.03893296 0.012898518 0.275893358 7.810056055 0.451448114 268.254 0.026236418 0.109383564 0.005 22550.4 1296 8899.2 34560 9504 0.031412 338.54436
35547 729507 9.037115463 8.00412246 11.13909855 0.0069846 0.175288523 1.633712391 0.734105624 2.521022707 1.683055191 0.302419433 0.001264271 0.015907385 0.138946045 0.000995751 0.036497119 0.01375232 0.245822859 8.280749886 0.481331191 270.081 0.02599465 0.108568513 0.005 26179.2 1296 8899.2 34560 9504 0.030304 339.7946553
35548 729508 9.169278183 8.010780146 11.17532968 0.006856307 0.172545665 1.645549019 0.730985393 2.499898232 1.683188071 0.281482777 0.001260475 0.015974372 0.12578401 0.001167991 0.034020264 0.014610732 0.217047195 8.759369337 0.511375622 271.8954 0.025749214 0.1078125 0.005 30153.6 1296 8899.2 34560 9504 0.029251 283.3866
35549 729509 9.304318631 8.017511368 11.21347206 0.006732711 0.169787668 1.657450981 0.72784794 2.478227385 1.683319926 0.260430556 0.001256902 0.016043005 0.112549323 0.001353859 0.031529736 0.015465518 0.189655392 9.240630663 0.541293122 273.6846 0.025500961 0.107125364 0.005 37238.4 1296 8899.2 34560 9504 0.028254 184.91004
35550 729510 9.441881385 8.024352664 11.25337936 0.006614429 0.16704481 1.669287609 0.724727709 2.45617967 1.68345455 0.2394939 0.001253557 0.016114379 0.099387289 0.001553331 0.029052881 0.01630844 0.163736476 9.719250114 0.570795405 275.4738 0.025250744 0.106516946 0.005 37238.4 1814.4 8899.2 34560 9504 0.027317 70.44408
35551 729511 9.581611021 8.031340569 11.29490525 0.006502074 0.164347373 1.680928229 0.721659147 2.433924591 1.683595736 0.218903942 0.001250445 0.01618959 0.086443208 0.001766386 0.02661704 0.017131262 0.139379473 10.18994394 0.599594187 277.2378 0.024999413 0.105997085 0.005 37238.4 1296 8899.2 34560 19872 0.02644 111.9258
35552 729512 9.723152115 8.038511621 11.3379034 0.006396263 0.161725635 1.692242172 0.718676701 2.411631652 1.683747276 0.198891812 0.001247573 0.016269733 0.073862385 0.001993001 0.024249558 0.017925748 0.116673408 10.64742841 0.627401181 278.9892 0.024747822 0.10557562 0.005 30153.6 1296 8899.2 34560 19872 0.025628 74.23164
35553 729513 9.866149243 8.045902358 11.38222748 0.00629761 0.159209877 1.703098765 0.715814815 2.389470358 1.683912963 0.179688642 0.001244947 0.016355902 0.061790123 0.002233153 0.021977778 0.01868366 0.095707307 11.08641975 0.653928102 280.7406 0.024496821 0.105262391 0.005 30153.6 1296 8899.2 34560 19872 0.024882 209.99412
35554 729514 10.01024698 8.053549315 11.42773117 0.00620673 0.156830378 1.713367339 0.713107936 2.367610211 1.684096592 0.161525564 0.001242572 0.016449194 0.050371725 0.00248682 0.019829043 0.019396762 0.076570195 11.50163424 0.678886665 282.4668 0.024247263 0.105067238 0.005 30153.6 1296 8899.2 34560 19872 0.024204 106.43724
35555 729515 10.15508991 8.061489029 11.47426812 0.006124238 0.154617419 1.722917221 0.71059051 2.346220716 1.684301954 0.144633708 0.001240455 0.016550702 0.039752494 0.00275398 0.017830697 0.020056817 0.059351098 11.88778811 0.701988584 284.1678 0.024 0.105 0.005 30153.6 1296 8899.2 34560 19872 0.023598 322.19208
35556 729516 10.30032259 8.069758038 11.52169202 0.00605075 0.15260128 1.731617741 0.708296982 2.325471377 1.684532844 0.129244207 0.001238601 0.016661523 0.030077732 0.00303461 0.016010082 0.020655588 0.044139042 12.23959762 0.722945573 285.8688 0.023731172 0.105022164 0.005 30153.6 1296 8899.2 34560 19872 0.023064 280.665
35557 729517 10.44558962 8.078392877 11.56985652 0.00598688 0.150812241 1.739338228 0.7062618 2.305531697 1.684793054 0.115588191 0.001237016 0.016782751 0.021492743 0.003328687 0.014394544 0.021184838 0.031023053 12.55177903 0.741469347 287.5446 0.023418817 0.105087896 0.005 45100.8 1814.4 8899.2 34560 19872 0.022606 289.737
35558 729518 10.59053556 8.087430085 11.61861531 0.005933243 0.149280581 1.745948009 0.704519408 2.286571181 1.685086377 0.103896793 0.001235706 0.016915482 0.014142831 0.00363619 0.013011424 0.021636332 0.020092156 12.81904859 0.757271621 289.2078 0.023066628 0.10519606 0.005 53827.2 2419.2 11318.4 34560 19872 0.022226 232.47
35559 729519 10.73480499 8.096906198 11.66782205 0.005890455 0.14803658 1.751316415 0.703104252 2.268759332 1.685416607 0.094401143 0.001234677 0.017060811 0.008173297 0.003957095 0.011888066 0.022001832 0.011435376 13.03612254 0.770064108 290.8458 0.0226783 0.105345519 0.005 53827.2 2419.2 11318.4 34560 19872 0.021927 332.08056
35560 729520 10.87804249 8.106857752 11.71733041 0.005859131 0.147110518 1.755312774 0.70205078 2.252265655 1.685787537 0.087332373 0.001233934 0.017219832 0.003729445 0.00429138 0.011051814 0.022273101 0.00514174 13.19771715 0.779558525 292.4712 0.022257527 0.105535135 0.005 53827.2 2419.2 11318.4 34560 19872 0.02171 343.12572
35561 729521 11.01989264 8.117321285 11.76699406 0.005839885 0.146532676 1.757806415 0.701393436 2.237259653 1.686202959 0.082921615 0.001233485 0.017393641 0.000956578 0.004639022 0.010530011 0.022441902 0.001300273 13.29854866 0.785466584 294.084 0.021808005 0.10576377 0.005 45100.8 2419.2 8899.2 34560 19872 0.021578 299.0358
35562 729522 11.16 8.128333333 11.81666667 0.005833333 0.146333333 1.758666667 0.701166667 2.22391083 1.686666667 0.0814 0.001233333 0.017583333 0 0.005 0.01035 0.0225 0 13.33333333 0.7875 295.6716 0.021333426 0.106030289 0.005 37238.4 1814.4 8899.2 34560 19872 0.021533 333.75888
35563 729523 11.30270222 8.140974612 11.87276208 0.005846407 0.146461583 1.757891773 0.701886981 2.211277713 1.694305932 0.097705388 0.001260851 0.018232813 6.01E-05 0.019368359 0.011864247 0.022435421 0.001611742 13.29078162 0.785239734 297.234 0.020837487 0.106333552 0.005 30153.6 1296 8899.2 34560 19872 0.021645 339.92784
35564 729524 11.45214416 8.156150788 11.94107429 0.005884354 0.146833819 1.755633515 0.703977648 2.198344064 1.71554707 0.145030782 0.001340719 0.019740864 0.000238469 0.060371597 0.016259257 2.22E-02 0.006334166 13.16719437 0.778676947 298.7838 0.02032388 0.106672423 0.005 30153.6 1296 8899.2 34560 19872 0.021969 323.82504
35565 729525 11.60768125 8.173635832 12.0205272 0.005945259 0.147431274 1.751991529 0.707333257 2.185167243 1.749342439 0.220990029 0.001468911 0.022040897 0.000532108 0.125959866 0.023313432 0.021946819 0.013998074 12.96867339 0.768138655 300.321 0.019796302 0.107045765 0.005 30153.6 1296 8899.2 34560 19872 0.022489 243.22032
35566 729526 11.76866893 8.19320371 12.11004473 0.006027211 0.14823518 1.747065452 0.711848397 2.171804609 1.794644397 0.323196973 0.001641399 0.025066325 0.000938062 0.21408332 0.032805175 0.021541482 0.024434264 12.7013205 0.753951877 301.8204 0.019258445 0.10745244 0.005 26179.2 1296 8899.2 34560 19872 0.023188 216.66204
35567 729527 11.93446263 8.214628392 12.20855076 0.006128295 0.149226767 1.740954921 0.717417654 2.15831352 1.850405303 0.44926546 0.001854158 0.02875056 0.001453368 0.322692112 0.044512889 0.021041246 0.037473535 12.37123751 0.736443627 303.3072 0.018714005 0.107891311 0.005 22550.4 1296 13737.6 34560 19872 0.024051 305.0508255
35568 729528 12.10441777 8.237683843 12.31496921 0.006246599 0.150387269 1.73375957 0.723935617 2.144751334 1.915577515 0.596809337 0.002103158 0.033027014 0.00207506 0.449736396 0.058214978 0.020455455 0.052946689 11.98452624 0.715940924 304.7688 0.018166676 0.108361241 0.005 45100.8 2419.2 11318.4 34560 19872 0.025061 210.22092
35569 729529 12.27788978 8.262144034 12.42822399 0.006380208 0.151697917 1.725579038 0.731296875 2.131175412 1.989113392 0.763442448 0.002384375 0.037829099 0.002800173 0.593166323 0.073689844 0.019793451 0.070684524 11.54728852 0.692770784 306.2178 0.017620153 0.108861093 0.005 37238.4 1814.4 5875.2 34560 19872 0.026202 205.41276
35570 729530 12.4542341 8.287782931 12.54723899 0.006527211 0.153139942 1.716512959 0.739396016 2.117643111 2.069965291 0.946778639 0.00269378 0.043090228 0.003625741 0.750932049 0.090715889 0.019064578 0.09051784 11.06562614 0.667260223 307.6416 0.017078129 0.109389728 0.005 30153.6 1296 5875.2 34560 19872 0.027457 284.77008
35571 729531 12.63280615 8.314374503 12.67093812 0.006685693 0.154694576 1.706660971 0.748127627 2.10421179 2.157085571 1.144431757 0.003027348 0.048743813 0.0045488 0.920983725 0.109071517 0.018278179 0.112277436 10.54564094 0.63973626 309.0276 0.0165443 0.109946011 0.005 45100.8 2419.2 7603.2 34560 19872 0.02881 307.17792
35572 729532 12.81296137 8.341692718 12.79824529 0.006853741 0.156343052 1.696122709 0.757386297 2.090938809 2.249426592 1.354015646 0.00338105 0.054723265 0.005566385 1.101271506 0.128535131 0.017443597 0.135794114 9.993434722 0.610525909 310.401 0.01602236 0.110528803 0.005 45100.8 1814.4 7603.2 34560 19872 0.030245 211.53636
35573 729533 12.99405518 8.369511543 12.92808441 0.007029443 0.1580666 1.684997811 0.767066615 2.077881526 2.34594071 1.573144153 0.003750859 0.060961997 0.006675531 1.289745543 0.148885133 0.016570177 0.160898671 9.415109308 0.579956189 311.7492 0.015516003 0.111136967 0.005 45100.8 1814.4 5875.2 34560 19872 0.031745 383.24664
35574 729534 13.17544301 8.397604947 13.05937936 0.007210884 0.159846453 1.673385912 0.777063168 2.0650973 2.445580285 1.799431122 0.00413275 0.067393422 0.007873273 1.484355991 0.169899927 0.01566726 0.187421908 8.816766512 0.548354116 313.0722 0.015028924 0.111769366 0.005 37238.4 1814.4 5875.2 34560 19872 0.033294 208.92816
35575 729535 13.3564803 8.425746898 13.19105407 0.007396152 0.161663842 1.661386648 0.787270545 2.052643489 2.547297674 2.030490401 0.004522695 0.073950951 0.009156645 1.683053003 0.191357915 0.014744192 0.215194624 8.204508152 0.516046707 314.37 0.014564817 0.112424863 0.005 37238.4 1814.4 7603.2 34560 19872 0.034875 372.79116
35576 729536 13.53652248 8.453711363 13.32203243 0.007583333 0.1635 1.649099656 0.797583333 2.040577453 2.650045237 2.263935833 0.004916667 0.080567996 0.010522682 1.883786732 0.2130375 0.013810314 0.244047619 7.584436043 0.483360979 315.6426 0.014127377 0.113102321 0.005 30153.6 1296 5875.2 34560 19872 0.036473 229.442713
35577 729537 13.71492497 8.481272312 13.45123836 0.007770514 0.165336158 1.636624573 0.807896122 2.02895655 2.752775331 2.497381266 0.005310638 0.087177969 0.011968421 2.084507331 0.234717085 0.01287497 0.273811693 6.962652001 0.450623948 316.89 0.013720298 0.113800601 0.005 30153.6 1814.4 5875.2 34560 19872 0.038071 70.39872
35578 729538 13.8910432 8.50820371 13.57759575 0.007955782 0.167153547 1.624061034 0.818103499 2.017838139 2.854440316 2.728440544 0.005700583 0.093714284 0.013490894 2.283164953 0.256175073 0.011947504 0.304317645 6.345257844 0.418162631 318.1122 0.013347275 0.114518567 0.005 37238.4 1814.4 7603.2 34560 19872 0.039653 260.1396
35579 729539 14.06423261 8.534279528 13.7000285 0.008137224 0.1689334 1.611508676 0.828100052 2.007279579 2.953992548 2.954727514 0.006082474 0.100110352 0.015087138 2.477709751 0.277189867 0.011037258 0.335396276 5.738355386 0.386304046 319.2966 0.013012001 0.115255082 0.005 37238.4 1814.4 7603.2 34560 19872 0.041202 153.63432
35580 729540 14.23384863 8.559273732 13.81746054 0.008312925 0.170656948 1.599067136 0.837780369 1.997338229 3.050384388 3.17385602 0.006452284 0.106299584 0.016754188 2.66609188 0.297539869 0.010153577 0.366878384 5.148046445 0.355375208 320.4684 0.012718172 0.116009008 0.005 33609.6 1814.4 7603.2 34560 19872 0.042702 172.64016
35581 729541 14.39924668 8.582960291 13.92881575 0.008480974 0.172305424 1.586836048 0.84703904 1.988071448 3.142568192 3.38343991 0.006805986 0.112215394 0.018489077 2.846261491 0.317003483 0.009305804 0.39859477 4.580432836 0.325703135 321.6024 0.012469482 0.116779208 0.005 30153.6 1814.4 7603.2 34560 19872 0.044137 236.91528
35582 729542 14.55978219 8.605113172 14.03301805 0.008639456 0.173860058 1.574915051 0.855770651 1.979536593 3.22949632 3.581093027 0.007139553 0.117791193 0.020288843 3.016168738 0.335359111 0.008503281 0.430376232 4.041616376 0.297614844 322.7112 0.012269625 0.117564544 0.005 30153.6 2419.2 9244.8 34560 19872 0.04549 221.4702
35583 729543 14.7148106 8.625506345 14.12899133 0.008786458 0.175302083 1.56340378 0.863869792 1.971791025 3.310121131 3.764429219 0.007448958 0.122960394 0.022150518 3.173763774 0.352385156 0.007755353 0.462053571 3.537698882 0.271437351 323.7822 0.012122296 0.11836388 0.005 37238.4 1814.4 7603.2 34560 19872 0.046745 173.88756
35584 729544 14.86368734 8.643913775 14.21565951 0.008920068 0.176612731 1.552401871 0.87123105 1.964892102 3.383394981 3.93106233 0.007730175 0.127656409 0.024071138 3.316996754 0.367860022 0.007071362 0.493457587 3.074782168 0.247497673 324.8406 0.01203119 0.119176077 0.005 37238.4 1814.4 7603.2 34560 19872 0.047885 245.21616
35585 729545 15.00576783 8.660109433 14.29194648 0.009038372 0.177773233 1.542008962 0.877749013 1.958897183 3.44827023 4.078606206 0.007979176 0.131812649 0.026047739 3.443817828 0.381562111 0.006460652 0.524419079 2.658968052 0.226122827 325.8612 0.012 0.12 0.005 37238.4 1814.4 7603.2 34560 19872 0.048895 293.63796
35586 729546 15.14040751 8.673867285 14.35677616 0.009139456 0.17876482 1.532324687 0.88331827 1.953863626 3.503699236 4.204674694 0.008191934 0.135362528 0.028077354 3.552177152 0.393269825 0.005932567 0.554768846 2.296358349 0.20763983 326.844 0.012048792 0.121013669 0.005 37238.4 1814.4 7603.2 34560 19872 0.049758 276.5826
35587 729547 15.2669618 8.6849613 14.40907245 0.009221407 0.179568726 1.523448684 0.887833409 1.94984879 3.548634358 4.306881638 0.008364422 0.138239457 0.03015702 3.640024878 0.402761568 0.005496449 0.584337689 1.993054876 0.192375699 327.8016 0.012190578 0.122377176 0.005 37238.4 1814.4 7603.2 34560 19872 0.050458 265.7938226
35588 729548 15.38478614 8.693165445 14.44775925 0.009282313 0.180166181 1.515480589 0.891189018 1.946910035 3.582027954 4.382840884 0.008492614 0.140376848 0.032283771 3.705311159 0.409815743 0.005161641 0.612956407 1.75515945 0.18065745 328.7214 0.012418467 0.124062488 0.005 30153.6 1814.4 7603.2 34560 19872 0.050978 198.42732
35589 729549 15.49323595 8.698253689 14.47176046 0.009320259 0.180538417 1.508520037 0.893279686 1.945104719 3.602832381 4.430166279 0.008572482 0.141708114 0.034454641 3.745986149 0.414210753 0.004937489 0.6404558 1.588773886 0.1728121 329.616 0.012725573 0.126041573 0.005 30153.6 1814.4 7603.2 34560 19872 0.051302 241.2018
35590 729550 15.59166667 8.7 14.48 0.009333333 0.180666667 1.502666667 0.894 1.9444902 3.61 4.446471667 0.0086 0.142166667 0.036666667 3.76 0.415725 0.004833333 0.666666667 1.5 0.169166667 330.4854 0.013105006 0.128286398 0.005 30153.6 1814.4 7603.2 34560 19872 0.051413 340.0866
35591 729551 15.683495 8.699831987 14.47812841 0.009326081 0.180596372 1.497527977 0.892859941 1.944982287 3.608824357 4.440706388 0.008588117 0.142002164 0.039596648 3.753864309 0.415092724 0.004793233 0.692929194 1.453201006 0.167763142 331.3044 0.013549879 0.130768932 0.005 30153.6 1814.4 7603.2 34560 19872 0.051398 293.68332
35592 729552 15.77263261 8.699331344 14.47259751 0.009304791 0.180390023 1.492636561 0.889513317 1.946426802 3.605344097 4.423766258 0.008553234 0.141518697 0.043876593 3.735851621 0.413236686 0.004754972 0.720628236 1.408617535 0.166424018 332.0982 0.014053303 0.133461141 0.005 45100.8 1814.4 7603.2 34560 19872 0.051353 335.11968
35593 729553 15.85917734 8.698503162 14.46353311 0.009270165 0.180054422 1.487979694 0.884070457 1.948776123 3.599629225 4.39618484 0.008496501 0.140731329 0.049436346 3.706553511 0.410218076 0.004718487 0.749661599 1.366167531 0.165147059 332.8668 0.014608389 0.136334994 0.005 37238.4 1296 9244.8 34560 19872 0.051278 118.18548
35594 729554 15.94322704 8.697352532 14.45106102 0.009222906 0.179596372 1.483544653 0.876641687 1.951982628 3.591749745 4.358495695 0.008419069 0.139655121 0.056205753 3.666561555 0.406098081 0.004683715 0.779927088 1.325768937 0.163930028 333.585 0.01520825 0.139362457 0.005 53827.2 1296 9244.8 34560 19872 0.051175 75.285504
35595 729555 16.02487954 8.695884546 14.43530704 0.009163715 0.179022676 1.479318711 0.867337338 1.955998696 3.581775663 4.311232385 0.008322087 0.138305135 0.064114659 3.61646733 0.400937889 0.004650591 0.811322507 1.287339697 0.16277069 334.278 0.015845996 0.142515498 0.005 53827.2 1814.4 9244.8 34560 19872 0.051044 228.79584
35596 729556 16.1042327 8.694104295 14.41639698 0.009093294 0.178340136 1.475289146 0.856267736 1.960776706 3.569776982 4.254928471 0.008206706 0.136696433 0.073092909 3.556862413 0.394798688 0.004619052 0.843745662 1.250797754 0.16166681 334.9332 0.01651474 0.145766086 0.005 45100.8 1814.4 9244.8 34560 19872 0.050885 227.32164
35597 729557 16.18138435 8.692016872 14.39445665 0.009012346 0.177555556 1.471443231 0.84354321 1.966269037 3.555823706 4.190117515 0.008074074 0.134844077 0.083070348 3.488338378 0.387741667 0.004589033 0.877094356 1.216061052 0.160616151 335.5506 0.017207594 0.149086186 0.005 45100.8 1814.4 9244.8 34560 19872 0.050699 163.31868
35598 729558 16.25643235 8.689627368 14.36961186 0.008921571 0.176675737 1.467768244 0.829274088 1.972428067 3.539985842 4.117333078 0.007925343 0.132763129 0.093976822 3.411486802 0.379828013 0.004560471 0.911266396 1.183047534 0.159616477 336.1428 0.017917668 0.152447768 0.005 53827.2 2419.2 9244.8 34560 19872 0.050486 244.76256
35599 729559 16.32947453 8.686940874 14.34198841 0.008821672 0.175707483 1.464251458 0.8135707 1.979206174 3.522333392 4.037108723 0.007761662 0.130468652 0.105742175 3.326899262 0.371118914 0.004533302 0.946159586 1.151675145 0.158665553 336.6846 0.018638075 0.155822798 0.005 74044.8 2419.2 20649.6 34560 19872 0.050248 254.22012
35600 729560 16.40060875 8.683962482 14.31171211 0.00871335 0.174657596 1.46088015 0.796543372 1.986555738 3.502936362 3.949978011 0.007584181 0.127975707 0.118296253 3.235167333 0.361675559 0.004507461 0.981671731 1.121861827 0.157761142 337.1886 0.019361925 0.159183244 0.005 95904 2419.2 20649.6 34560 19872 0.049984 261.88596
35601 729561 16.46993284 8.680697284 14.27890878 0.008597308 0.17353288 1.457641595 0.778302433 1.994429137 3.481864756 3.856474503 0.00739405 0.125299356 0.1315689 3.136882591 0.351559135 0.004482886 1.017700637 1.093525525 0.15690101 337.6674 0.020082332 0.162501074 0.005 74044.8 3110.4 9244.8 34560 19872 0.049696 163.02384
35602 729562 16.53754466 8.677150372 14.24370421 0.008474247 0.172340136 1.454523068 0.758958212 2.002778749 3.459188578 3.757131762 0.00719242 0.122454662 0.145489963 3.032636613 0.340830831 0.004459512 1.054144107 1.066584182 0.156082919 338.0958 0.020792406 0.165748254 0.005 74044.8 2419.2 9244.8 34560 19872 0.049384 181.73484
35603 729563 16.60354204 8.673326836 14.20622422 0.008344869 0.171086168 1.451511845 0.738621036 2.011556954 3.434977834 3.652483349 0.006980439 0.119456686 0.159989285 2.923020975 0.329551834 0.004437275 1.090899947 1.040955741 0.155304635 338.4864 0.02148526 0.168896754 0.005 68688 2419.2 9244.8 34560 19872 0.049049 253.3356
35604 729564 16.66802284 8.669231768 14.16659461 0.008209877 0.169777778 1.448595202 0.717401235 2.02071613 3.409302527 3.543062825 0.006759259 0.11632049 0.174996713 2.808627253 0.317783333 0.004416112 1.127865961 1.016558146 0.154563921 338.8392 0.022154004 0.171918539 0.005 79747.2 3110.4 12009.6 34560 19872 0.04869 331.30944
35605 729565 16.73108489 8.664870261 14.12494119 0.008069971 0.168421769 1.445760413 0.695409135 2.030208655 3.382232663 3.429403752 0.006530029 0.113061137 0.190442091 2.690047023 0.305586516 0.004395958 1.164939956 0.993309341 0.153858542 339.1542 0.02279175 0.174785579 0.005 68688 2419.2 9244.8 34560 19872 0.04831 299.80692
35606 729566 16.79282604 8.660247406 14.08138977 0.007925854 0.167024943 1.442994754 0.672755066 2.039986908 3.353838245 3.312039692 0.006293899 0.109693688 0.206255264 2.567871861 0.29302257 0.00437675 1.202019735 0.971127269 0.153186261 339.4314 0.023391611 0.17746984 0.005 53827.2 2419.2 9244.8 34560 19872 0.047908 203.7886748
35607 729567 16.85334414 8.655368293 14.03606615 0.007778228 0.165594104 1.440285501 0.649549356 2.050003268 3.324189278 3.191504207 0.006052019 0.106233206 0.222366078 2.442693344 0.280152685 0.004358424 1.239003103 0.949929874 0.152544844 339.6582 0.023946697 0.179943289 0.005 45100.8 2419.2 9244.8 34560 19872 0.047484 288.89784
35608 729568 16.91273703 8.650238016 13.98909615 0.007627794 0.164136054 1.437619929 0.625902332 2.060210114 3.293355767 3.068330859 0.005805539 0.102694752 0.238704378 2.315103047 0.267038047 0.004340916 1.275787866 0.9296351 0.151932053 339.8598 0.024450121 0.182177895 0.005 63504 3888 18230.4 34560 19872 0.047041 234.23904
35609 729569 16.97110255 8.644861665 13.94060557 0.007475255 0.162657596 1.434985314 0.601924324 2.070559824 3.261407717 2.943053208 0.00555561 0.099093388 0.255200008 2.185692546 0.253739845 0.004324162 1.312271829 0.91016089 0.151345654 340.011 0.024894994 0.184145626 0.005 53827.2 3110.4 14515.2 34560 19872 0.046577 357.39144
35610 729570 17.02853856 8.639244332 13.89072022 0.007321312 0.161165533 1.43236893 0.57772566 2.081004776 3.228415131 2.816204816 0.00530338 0.095444178 0.271782815 2.055053418 0.240319266 0.004308097 1.348352795 0.891425187 0.15078341 340.1118 0.025274427 0.185818447 0.005 45100.8 2419.2 9244.8 34560 19872 0.046095 149.03028
35611 729571 17.08514289 8.633391109 13.8395659 0.007166667 0.159666667 1.429758054 0.553416667 2.09149735 3.194448015 2.688319246 0.00505 0.091762181 0.288382643 1.92377724 0.2268375 0.00429266 1.383928571 0.873345936 0.150243085 340.1748 0.025581533 0.187168328 0.005 45100.8 2419.2 9244.8 34560 19872 0.045593 167.76396
35612 729572 17.14101339 8.627307088 13.78726843 0.007012022 0.1581678 1.427139961 0.529107674 2.101989924 3.159576372 2.559930058 0.00479662 0.088062462 0.304929337 1.792455586 0.213355734 0.004277784 1.418896962 0.855841079 0.149722444 340.2 0.025809422 0.188167235 0.005 53827.2 2419.2 9244.8 34560 19230.968 0.045074 104.5548
35613 729573 17.1962479 8.620997359 13.73395361 0.006858079 0.156675737 1.424501926 0.504909009 2.112434876 3.123870208 2.431570816 0.00454439 0.08436008 0.321352743 1.661680033 0.199935155 0.004263407 1.453155771 0.838828561 0.149219251 340.1748 0.025951208 0.188787137 0.005 45100.8 2419.2 9244.8 34560 19230.968 0.044537 216.7074
35614 729574 17.25094428 8.614467014 13.67974725 0.006705539 0.155197279 1.421831225 0.480931001 2.122784586 3.087399527 2.303775079 0.004294461 0.0806701 0.337582705 1.532042157 0.186636953 0.004249465 1.486602804 0.822226325 0.14873127 340.1118 0.026 0.189 0.005 45100.8 1814.4 9244.8 34560 19230.968 0.043983 368.82216
35615 729575 17.30520035 8.607721146 13.62477515 0.006555106 0.153739229 1.419115132 0.457283978 2.132991432 3.050234333 2.17707641 0.004047981 0.077007582 0.353549069 1.404133535 0.173522315 0.004235893 1.519135867 0.805952315 0.148256265 340.011 0.026 0.18891605 0.005 37238.4 1814.4 9244.8 34560 19230.968 0.043413 291.9685148
35616 729576 17.35911398 8.600764846 13.56916313 0.006407479 0.15230839 1.416340925 0.434078267 2.143007792 3.012444631 2.052008371 0.003806101 0.073387589 0.36918168 1.278545743 0.16065243 0.004222629 1.550652763 0.789924473 0.147792 339.8598 0.026 0.188669739 0.005 45100.8 1814.4 9244.8 34560 19230.968 0.042828 184.1616
35617 729577 17.412783 8.593603205 13.513037 0.006263362 0.150911565 1.413495877 0.411424198 2.152786045 2.974100426 1.929104523 0.003569971 0.069825182 0.384410383 1.155870356 0.148088484 0.004209607 1.581051298 0.774060745 0.14733624 339.6708 0.026 0.188269377 0.005 53827.2 2419.2 9244.8 34560 19230.968 0.042227 288.46692
35618 729578 17.46630526 8.586241315 13.45652255 0.006123457 0.149555556 1.410567265 0.389432099 2.16227857 2.935271721 1.808898427 0.003340741 0.066335425 0.399165023 1.036698951 0.135891667 0.004196764 1.610229277 0.758279073 0.146886748 339.4314 0.026 0.187723274 0.005 45100.8 1814.4 9244.8 34560 19230.968 0.041612 323.23536
35619 729579 17.5197786 8.578684267 13.3997456 0.005988464 0.148247166 1.407542364 0.368212297 2.171437746 2.896028522 1.691923646 0.003119561 0.062933378 0.413375445 0.921623103 0.124123166 0.004184037 1.638084504 0.742497401 0.146441289 339.1668 0.026 0.18703974 0.005 30153.6 1296 9244.8 34560 19230.968 0.040983 211.80852
35620 729580 17.57330087 8.570937154 13.34283195 0.005859086 0.146993197 1.404408449 0.347875121 2.180215951 2.856440833 1.578713742 0.00290758 0.059634103 0.426971495 0.81123439 0.112844169 0.004171361 1.664514786 0.726633673 0.145997628 338.8518 0.026 0.186227086 0.005 30153.6 1296 9244.8 34560 19230.968 0.04034 218.45376
35621 729581 17.62696992 8.563005066 13.28590742 0.005736026 0.145800454 1.401152796 0.3285309 2.188565563 2.816578659 1.469802275 0.00270595 0.056452664 0.439883018 0.706124387 0.102115865 0.004158672 1.689417925 0.710605831 0.145553527 338.499 0.026 0.18529362 0.005 30153.6 1296 9244.8 34560 19230.968 0.039685 323.71164
35622 729582 17.68088358 8.554893096 13.22909781 0.005619983 0.144675737 1.39776268 0.310289961 2.196438962 2.776512004 1.365722807 0.002515819 0.053404121 0.452039858 0.60688467 0.091999441 0.004145907 1.712691728 0.694331821 0.145106751 338.1084 0.026 0.184247654 0.005 37238.4 1296 9244.8 34560 19230.968 0.039018 251.2944
35623 729583 17.7351397 8.546606334 13.17252893 0.005511662 0.14362585 1.394225377 0.293262634 2.203788526 2.736310873 1.267008901 0.002338338 0.050503538 0.463371861 0.514106816 0.082556086 0.004133002 1.734234 0.677729585 0.144655065 337.68 0.026 0.183097496 0.005 53827.2 1296 9244.8 34560 19230.968 0.03834 60.28344
35624 729584 17.78983613 8.538149874 13.11632658 0.005411763 0.142657596 1.390528162 0.277559245 2.210566633 2.696045269 1.174194117 0.002174657 0.047765975 0.473808872 0.4283824 0.073846987 0.004119892 1.753942545 0.660717067 0.144196233 337.2138 0.026 0.181851457 0.005 45100.8 1296 9244.8 34560 19230.968 0.03765 248.16456
35625 729585 17.84507071 8.529528805 13.06061657 0.005320988 0.141777778 1.38665831 0.263290123 2.216725663 2.655785199 1.087812018 0.002025926 0.045206495 0.483280736 0.350303 0.065933333 0.004106515 1.771715168 0.64321221 0.143728018 336.7098 0.026 0.180517847 0.005 63504 1814.4 12009.6 34560 19230.968 0.03695 252.56448
35626 729586 17.90094129 8.52074822 13.00552472 0.005240039 0.140993197 1.382603098 0.250565598 2.222217994 2.615600665 1.008396165 0.001893294 0.04284016 0.491717299 0.280460189 0.058876312 0.004092805 1.787449674 0.625132959 0.143248185 336.168 0.026 0.179104976 0.005 74044.8 1814.4 13564.8 34560 19230.968 0.036241 337.31964
35627 729587 17.95754571 8.511813211 12.95117683 0.005169618 0.140310658 1.3783498 0.239495996 2.226996004 2.575561674 0.936480119 0.001777913 0.040682032 0.499048405 0.219445546 0.052737111 0.0040787 1.801043868 0.606397256 0.142754498 335.5884 0.026 0.177621153 0.005 63504 1814.4 11145.6 34560 19230.968 0.035522 295.2936
35628 729588 18.01498182 8.502728868 12.8976987 0.005110427 0.139736961 1.373885692 0.230191646 2.231012072 2.535738228 0.872597443 0.001680931 0.038747173 0.5052039 0.167850646 0.047576919 0.004064135 1.812395555 0.586923046 0.142244721 334.971 0.026 0.176074689 0.005 53827.2 1814.4 11145.6 34560 19230.968 0.034795 284.7474
35629 729589 18.07334745 8.493500284 12.84521614 0.005063168 0.139278912 1.369198049 0.222762877 2.234218577 2.496200334 0.817281698 0.001603499 0.037050645 0.510113628 0.126267066 0.043456924 0.004049046 1.821402541 0.566628272 0.141716619 334.3158 0.026 0.174473894 0.005 63504 2419.2 13564.8 34560 19230.968 0.03406 228.36492
35630 729590 18.13274047 8.48413255 12.79385497 0.005028543 0.138943311 1.364274147 0.217320016 2.236567898 2.457017994 0.771066446 0.001546766 0.03560751 0.513707435 0.09528638 0.040438314 0.00403337 1.827962629 0.545430877 0.141167955 333.6354 0.026 0.172827077 0.005 53827.2 1814.4 11145.6 34560 19230.968 0.033318 203.46228
35631 729591 18.1932587 8.474630759 12.74374099 0.005007253 0.138736961 1.359101261 0.213973392 2.238012413 2.418261215 0.734485248 0.001511883 0.03443283 0.515915166 0.075500166 0.038582276 0.004017043 1.831973625 0.523248805 0.140596494 332.9172 0.026 0.171142548 0.005 45100.8 1814.4 11145.6 34560 19230.968 0.032569 330.62904
35632 729592 18.255 8.465 12.695 0.005 0.138666667 1.353666667 0.212833333 2.2385045 2.38 0.708071667 0.0015 0.033541667 0.516666667 0.0675 0.03795 0.004 1.833333333 0.5 0.14 332.1612 0.026 0.169428618 0.005 45100.8 1814.4 11145.6 34560 19230.968 0.031813 353.10492
35633 729593 18.32010432 8.452969178 12.64465635 0.005 0.138690601 1.347504984 0.213778328 2.234363157 2.338647717 0.687068876 0.001501918 0.032800896 0.514796453 0.065619417 0.038790999 0.003982003 1.827643755 0.475110679 0.139370088 331.3674 0.026 0.167693596 0.005 37238.4 1296 8899.2 34560 19230.968 0.030916 311.98608
35634 729594 18.390095 8.436600599 12.59006377 0.005 0.138761094 1.340233252 0.216511991 2.222482256 2.291130634 0.666410836 0.001507486 0.0320692 0.509411706 0.06379968 0.041206036 0.003962983 1.811259421 0.448277724 0.13870441 330.5484 0.026 0.165945793 0.005 37238.4 1296 8899.2 34560 19230.968 0.029761 212.076337
35635 729595 18.46414499 8.416399457 12.53184219 0.005 0.138876182 1.331962379 0.220882345 2.203676486 2.238288103 0.64616728 0.001516423 0.031349356 0.500851268 0.062043958 0.045033166 0.003943137 1.785206933 0.419825073 0.138009789 329.6916 0.026 0.164193518 0.005 45100.8 1814.4 11145.6 34560 19230.968 0.02838 335.68668
35636 729596 18.54142721 8.392870947 12.47061152 0.005 0.139033898 1.322803269 0.22673741 2.178760539 2.180959477 0.626407944 0.001528448 0.03064414 0.48945398 0.06035542 0.050110448 0.003922658 1.750512893 0.390076666 0.137293045 328.8096 0.026 0.162445081 0.005 45100.8 1814.4 11145.6 34560 19230.968 0.026803 322.44156
35637 729597 18.62111462 8.366520266 12.40699168 0.005 0.139232279 1.312866831 0.233925208 2.148549104 2.119984109 0.607202563 0.00154328 0.029956327 0.475558686 0.058737235 0.056275939 0.003901743 1.7082039 0.359356441 0.136561 327.8898 0.026 0.160708792 0.005 37238.4 1814.4 11145.6 34560 19230.968 0.025061 66.36168
35638 729598 18.70238013 8.337852609 12.34160259 0.005 0.139469358 1.30226397 0.242293758 2.113856872 2.056201352 0.588620872 0.001560639 0.029288694 0.459504226 0.057192572 0.063367696 0.003880585 1.659306558 0.327988338 0.135820475 326.9322 0.026 0.158992961 0.005 37238.4 1814.4 11145.6 34560 19230.968 0.023186 211.17348
35639 729599 18.7843967 8.30737317 12.27506416 0.005 0.139743173 1.291105592 0.251691083 2.075498533 1.990450559 0.570732607 0.001580243 0.028644016 0.441629443 0.055724599 0.071223777 0.00385938 1.604847467 0.296296296 0.13507829 325.962 0.026 0.157305898 0.005 33609.6 1814.4 11145.6 34560 19230.968 0.021207 328.65588
35640 729600 18.86633725 8.275587145 12.20799632 0.005 0.140051756 1.279502604 0.261965203 2.034288778 1.923571083 0.553607504 0.001601813 0.028025069 0.422273178 0.054336485 0.079682239 0.003838322 1.545853228 0.264604254 0.134341267 324.9414 0.026 0.155655914 0.005 37238.4 2419.2 13564.8 34560 19230.968 0.019156 301.21308
35641 729601 18.94737472 8.242999729 12.14101898 0.005 0.140393144 1.267565913 0.272964139 1.991042297 1.856402277 0.537315296 0.001625068 0.027434629 0.401774273 0.053031399 0.088581139 0.003817606 1.483350444 0.233236152 0.133616227 323.9082 0.026 0.154051317 0.005 45100.8 1814.4 11145.6 34560 19230.968 0.017064 249.43464
35642 729602 19.02668206 8.210116118 12.07475206 0.005 0.140765372 1.255406424 0.284535912 1.946573781 1.789783494 0.52192572 0.001649726 0.026875473 0.380471571 0.051812511 0.097758534 0.003797428 1.418365715 0.202515927 0.132909991 322.8372 0.026 0.152500418 0.005 53827.2 1814.4 11145.6 34560 19230.968 0.014962 101.33424
35643 729603 19.10343219 8.177441506 12.00981547 0.005 0.141166475 1.243135045 0.296528543 1.901697919 1.724554087 0.50750851 0.001675507 0.026350375 0.358703914 0.050682987 0.107052483 0.003777982 1.351925642 0.17276752 0.132229381 321.7284 0.026 0.151011527 0.005 53827.2 2419.2 13564.8 34560 19230.968 0.01288 212.94252
35644 729604 19.17679805 8.145481089 11.94682914 0.005 0.141594487 1.230862681 0.308790053 1.857229403 1.661553409 0.494133402 0.001702131 0.025862111 0.336810142 0.049645999 0.116301042 0.003759463 1.285056828 0.144314869 0.131581218 320.607 0.026 0.149592954 0.005 45100.8 1814.4 13564.8 34560 19230.968 0.01085 246.21408
35645 729605 19.24595258 8.114740063 11.88641298 0.005 0.142047445 1.218700239 0.321168464 1.813982922 1.601620812 0.481870132 0.001729317 0.025413459 0.315129099 0.048704713 0.125342269 0.003742066 1.218785873 0.117481913 0.130972322 319.4478 0.026 0.148253008 0.005 45100.8 1296 11145.6 34560 19230.968 0.0089028 246.57696
35646 729606 19.31006872 8.085723622 11.8291869 0.005 0.142523382 1.206758626 0.333511795 1.772773167 1.54559565 0.470788433 0.001756783 0.025007193 0.293999626 0.047862299 0.13401422 0.003725986 1.154139378 0.092592593 0.130409515 318.2634 0.026 0.147 0.005 37238.4 1296 11145.6 34560 19230.968 0.0070686 266.67144
35647 729607 19.3683194 8.058936962 11.77577084 0.005 0.143020335 1.195148747 0.345668069 1.734414828 1.494317275 0.460958043 0.001784249 0.02464609 0.273760565 0.047121927 0.142154954 0.003711418 1.092143946 0.069970845 0.129899618 317.0538 0.026024023 0.145767513 0.005 37238.4 1296 11145.6 34560 19230.968 0.0053787 300.75948
35648 729608 19.41987756 8.034885278 11.7267847 0.005 0.143536337 1.18398151 0.357485305 1.699722596 1.448625042 0.452448695 0.001811436 0.024332925 0.254750758 0.046486764 0.149602528 0.003698556 1.033826177 0.049940611 0.129449453 315.819 0.026094227 0.144486927 0.005 45100.8 1814.4 11145.6 34560 19230.968 0.003864 300.78216
35649 729609 19.46391614 8.014073765 11.6828484 0.005 0.144069426 1.173367821 0.368811525 1.669511161 1.409358301 0.445330125 0.00183806 0.024070474 0.237309047 0.045959979 0.156194999 0.003687595 0.980212673 0.032825829 0.12906584 314.5464 0.026207813 0.143163246 0.005 53827.2 2419.2 13564.8 34560 19230.968 0.0025554 304.77384
35650 729610 19.49960806 7.997007619 11.64458187 0.005 0.144617634 1.163418585 0.379494751 1.644595214 1.377356407 0.439672069 0.001863843 0.023861514 0.221774273 0.045544741 0.161770424 0.003678731 0.932330036 0.018950437 0.1287556 313.2612 0.026361983 0.141801476 0.005 45100.8 1814.4 13564.8 34560 19230.968 0.0014838 289.64628
35651 729611 19.52612628 7.984192035 11.61260501 0.005 0.145178998 1.15424471 0.389383002 1.625789444 1.353458713 0.435544262 0.001888504 0.02370882 0.20848528 0.04524422 0.166166861 0.003672159 0.891204866 0.008638376 0.128525555 311.9508 0.026553936 0.140406621 0.005 45100.8 1296 13564.8 34560 19230.968 0.00068006 238.707
35652 729612 19.54264373 7.976132208 11.58753775 0.005 0.145751553 1.145957102 0.3983243 1.613908543 1.33850457 0.433016438 0.00191176 0.023615168 0.197780908 0.045061583 0.169222367 0.003668072 0.857863764 0.002213584 0.128382526 310.6026 0.026780875 0.138983685 0.005 37238.4 1296 11145.6 34560 19230.968 0.00017517 226.41444
35653 729613 19.54833333 7.973333333 11.57 0.005 0.146333333 1.138666667 0.406166667 1.6097672 1.333333333 0.432158333 0.001933333 0.023583333 0.19 0.045 0.170775 0.003666667 0.833333333 0 0.128333333 309.2418 0.02704 0.137537674 0.005 37238.4 1296 11145.6 34560 19230.968 0 206.8416
35654 729614 19.54762223 7.973575541 11.5568664 0.005 0.147060876 1.131978917 0.413466254 1.610508582 1.333567337 0.432330063 0.001954216 0.023950235 0.18383612 0.045041968 0.171512329 0.003667533 0.813676388 0 0.128363659 307.8558 0.027328513 0.136073593 0.005 33609.6 1296 11145.6 34560 19230.968 5.25E-06 115.73604
35655 729615 19.54550285 7.974295088 11.54457199 0.005 0.148062891 1.125423486 0.420871942 1.612694042 1.334254946 0.432836722 0.001975566 0.025028362 0.177758671 0.045165289 0.172229973 0.003670132 0.794277426 0 0.128454617 306.4446 0.027643615 0.134596445 0.005 30153.6 1296 11145.6 34560 19230.968 2.11E-05 150.39108
35656 729616 19.5419961 7.975481361 11.5330773 0.005 0.149325675 1.118997459 0.428370839 1.616265554 1.335374562 0.43366551 0.00199735 0.026783846 0.171770255 0.04536609 0.172928061 0.003674462 0.775145572 0 0.128606182 305.0208 0.027982507 0.133111236 0.005 30153.6 1296 11145.6 34560 19230.968 4.76E-05 177.65244
35657 729617 19.53712288 7.97712375 11.52234288 0.005 0.150835524 1.112697925 0.435950056 1.621165088 1.336904583 0.434803631 0.002019533 0.02918282 0.165873473 0.045640496 0.173606721 0.003680524 0.756289953 0 0.128818324 303.5592 0.028342391 0.131622971 0.005 30153.6 1296 11145.6 34560 19230.968 8.49E-05 234.9146145
35658 729618 19.53090409 7.97921164 11.51232926 0.005 0.152578733 1.10652197 0.443596702 1.627334618 1.33882341 0.436238288 0.002042081 0.032191415 0.160070925 0.045984633 0.174266082 0.003688315 0.737719692 0 0.129091019 302.085 0.028720466 0.130136654 0.005 53827.2 2419.2 13564.8 34560 19230.968 0.00013315 280.16604
35659 729619 19.52336065 7.981734419 11.50299698 0.005 0.154541598 1.100466682 0.451297888 1.634716114 1.341109442 0.437956681 0.00206496 0.035775764 0.154365212 0.046394628 0.174906272 0.003697835 0.719443914 0 0.129424237 300.5856 0.029113936 0.12865729 0.005 63504 3110.4 13564.8 34560 19230.968 0.00019245 258.59736
35660 729620 19.51451345 7.984681474 11.49430656 0.005 0.156710416 1.094529147 0.459040722 1.643251551 1.343741078 0.439946014 0.002088135 0.039901998 0.148758935 0.046866606 0.175527421 0.003709084 0.701471746 0 0.129817953 299.061 0.02952 0.127189883 0.005 74044.8 2419.2 13564.8 34560 19230.968 0.00026292 234.76068
35661 729621 19.5043834 7.988042193 11.48621855 0.005 0.159071482 1.088706453 0.466812314 1.652882899 1.346696719 0.442193489 0.002111574 0.044536251 0.143254696 0.047396694 0.176129656 0.003722061 0.683812313 0 0.130272138 297.5238 0.02993586 0.12573944 0.005 63504 2419.2 13564.8 34560 19230.968 0.00034468 273.15792
35662 729622 19.4929914 7.991805963 11.47869348 0.005 0.161611093 1.082995686 0.474599774 1.663552131 1.349954765 0.444686308 0.00213524 0.049644654 0.137855094 0.047981018 0.176713108 0.003736765 0.666474738 0 0.130786767 295.974 0.030358717 0.124310963 0.005 53827.2 2419.2 13564.8 34560 19230.968 0.00043785 240.58944
35663 729623 19.48035836 7.995962172 11.4716919 0.005 0.164315544 1.077393934 0.482390212 1.675201219 1.353493614 0.447411673 0.0021591 0.055193338 0.132562731 0.048615702 0.177277904 0.003753195 0.649468148 0 0.131361811 294.3864 0.030785773 0.122909459 0.005 53827.2 1814.4 11145.6 34560 19230.968 0.00054255 240.61212
35664 729624 19.46650517 8.000500207 11.46517432 0.005 0.167171131 1.071898284 0.490170738 1.687772136 1.357291667 0.450356787 0.00218312 0.061148438 0.127380208 0.049296875 0.177824173 0.00377135 0.632801668 0 0.131997243 292.7988 0.031214227 0.121539931 0.005 53827.2 1814.4 11145.6 34560 19230.968 0.00065889 120.22668
35665 729625 19.45145275 8.005409455 11.4591013 0.005 0.17016415 1.066505823 0.49792846 1.701206853 1.361327323 0.453508852 0.002207266 0.067476083 0.122310126 0.050020661 0.178352044 0.00379123 0.616484422 0 0.132693037 291.1734 0.031641283 0.120207385 0.005 63504 1296 11145.6 34560 19230.968 0.000787 60.35148
35666 729626 19.435222 8.010679304 11.45343336 0.005 0.173280898 1.061213638 0.50565049 1.715447342 1.365578982 0.456855069 0.002231503 0.074142407 0.117355085 0.050783187 0.178861646 0.003812833 0.600525537 0 0.133449165 289.548 0.03206414 0.118916825 0.005 53827.2 1814.4 8899.2 34560 19230.968 0.00092699 259.66332
35667 729627 19.41783381 8.01629914 11.44813104 0.005 0.176507669 1.056018816 0.513323935 1.730435576 1.370025044 0.460382642 0.002255797 0.081113542 0.112517687 0.051580579 0.179353108 0.00383616 0.584934136 0 0.1342656 287.8974 0.03248 0.117673256 0.005 53827.2 1296 8899.2 34560 19230.968 0.001079 276.49188
35668 729628 19.3993091 8.022258352 11.44315488 0.005 0.179830761 1.050918445 0.520935907 1.746113528 1.374643908 0.464078773 0.002280114 0.08835562 0.107800532 0.052408962 0.179826557 0.003861209 0.569719346 0 0.135142314 286.2342 0.032886064 0.116481682 0.005 45100.8 1296 8899.2 34560 19230.968 0.0012431 289.5545739
35669 729629 19.37966877 8.028546327 11.43846541 0.005 0.183236469 1.045909611 0.528473515 1.762423169 1.379413974 0.467930664 0.00230442 0.095834773 0.103206222 0.053264463 0.180282123 0.003887979 0.554890291 0 0.136079282 284.5458 0.033279534 0.11534711 0.005 45100.8 1296 8899.2 34560 19230.968 0.0014195 251.56656
35670 729630 19.35893373 8.035152452 11.43402318 0.005 0.186711089 1.040989401 0.535923868 1.779306471 1.384313643 0.471925517 0.002328681 0.103517133 0.098737357 0.054143208 0.180719935 0.003916471 0.540456096 0 0.137076475 282.8448 0.033657609 0.114274542 0.005 63504 1296 8899.2 34560 19230.968 0.0016082 231.31332
35671 729631 19.33712486 8.042066114 11.4297887 0.005 0.190240917 1.036154902 0.543274077 1.796705406 1.389321312 0.476050534 0.002352861 0.111368833 0.094396538 0.055041322 0.181140121 0.003946682 0.526425887 0 0.138133866 281.1312 0.034017493 0.113268984 0.005 63504 2419.2 13564.8 34560 19230.968 0.0018094 248.02848
35672 729632 19.31426309 8.049276701 11.42572253 0.005 0.193812249 1.031403203 0.55051125 1.814561948 1.394415383 0.480292918 0.002376928 0.119356004 0.090186366 0.055954933 0.18154281 0.003978612 0.512808788 0 0.139251428 279.405 0.034356385 0.112335441 0.005 53827.2 1814.4 11145.6 34560 19230.968 0.0020232 238.84308
35673 729633 19.29036931 8.056773601 11.4217852 0.005 0.19741138 1.026731389 0.557622498 1.832818067 1.399574255 0.484639871 0.002400847 0.127444778 0.086109441 0.056880165 0.181928131 0.004012261 0.499613926 0 0.140429135 277.6536 0.034671487 0.111478918 0.005 45100.8 1296 8899.2 34560 19230.968 0.0022498 251.2210519
35674 729634 19.26546443 8.0645462 11.41793723 0.005 0.201024608 1.022136547 0.56459493 1.851415736 1.404776327 0.489078595 0.002424583 0.135601289 0.082168366 0.057813146 0.182296212 0.004047627 0.486850424 0 0.141666958 275.9022 0.03496 0.110704419 0.005 45100.8 1296 8899.2 34560 19872 0.0024892 176.58648
35675 729635 19.23956935 8.072583886 11.41413918 0.005 0.204638227 1.017615766 0.571415656 1.870296928 1.41 0.493596293 0.002448103 0.143791667 0.078365741 0.05875 0.182647182 0.004084711 0.474527409 0 0.142964871 274.1256 0.035219125 0.110016948 0.005 45100.8 1296 8899.2 34560 19872 0.0027415 150.3481328
35676 729636 19.21270498 8.080876046 11.41035157 0.005 0.208238534 1.013166132 0.578071786 1.889403615 1.415223673 0.498180167 0.002471372 0.151982045 0.074704166 0.059686854 0.18298117 0.00412351 0.462654004 0 0.144322846 272.3364 0.035446064 0.109421512 0.005 45100.8 1296 8899.2 34560 19872 0.0030069 218.81664
35677 729637 19.18489221 8.089412068 11.40653494 0.005 0.211811825 1.008784731 0.584550429 1.908677768 1.420425745 0.502817418 0.002494356 0.160138555 0.071186243 0.060619835 0.183298304 0.004164024 0.451239337 0 0.145740857 270.5346 0.035638017 0.108923113 0.005 45100.8 1296 8899.2 34560 19872 0.0032855 224.8389038
35678 729638 19.15615196 8.098181338 11.40264982 0.005 0.215344396 1.004468652 0.590838694 1.92806136 1.425584617 0.50749525 0.00251702 0.168227329 0.067814572 0.061545067 0.183598714 0.004206254 0.44029253 0 0.147218876 268.7328 0.035792187 0.108526758 0.005 37238.4 1296 8899.2 34560 19872 0.0035774 224.71344
35679 729639 19.12650512 8.107173246 11.39865676 0.005 0.218822542 1.000214981 0.596923693 1.947496363 1.430678688 0.512200865 0.002539332 0.1762145 0.064591754 0.062458678 0.183882528 0.004250196 0.429822711 0 0.148756876 266.9058 0.035905773 0.108237451 0.005 37238.4 1296 8899.2 34560 19872 0.0038828 221.44752
35680 729640 19.0959726 8.116377177 11.39451629 0.005 0.22223256 0.996020806 0.602792534 1.966924749 1.435686357 0.516921464 0.002561256 0.1840662 0.061520391 0.063356792 0.184149875 0.004295852 0.419839003 0 0.15035483 265.0788 0.035975977 0.108060197 0.005 37238.4 1296 8899.2 34560 19872 0.0042017 108.22896
35681 729641 19.06457531 8.125782519 11.39018894 0.005 0.225560745 0.991883212 0.608432327 1.98628849 1.440586026 0.521644251 0.002582758 0.19174856 0.058603083 0.064235537 0.184400883 0.00434322 0.410350532 0 0.15201271 263.2392 0.036 0.108 0.005 33609.6 1296 8899.2 34560 19872 0.0045343 61.28136
35682 729642 19.03233415 8.13537866 11.38563524 0.005 0.228793394 0.987799289 0.613830182 2.00552956 1.445356092 0.526356427 0.002603803 0.199227713 0.055842431 0.065091038 0.184635681 0.0043923 0.401366423 0 0.15373049 261.3744 0.03598247 0.108046507 0.005008368 30153.6 1296 8899.2 34560 19872 0.0048807 252.92736
35683 729643 18.99927002 8.145154986 11.38081575 0.005 0.231916802 0.983766122 0.618973208 2.024589929 1.449974956 0.531045194 0.002624359 0.206469791 0.053241036 0.065919421 0.184854398 0.00444309 0.392895802 0 0.155508143 259.5222 0.035930926 0.108184533 0.005032934 30153.6 1296 8899.2 34560 19872 0.0052411 236.23488
35684 729644 18.96540382 8.155100886 11.37569098 0.005 0.234917266 0.979780799 0.623848516 2.04341157 1.454421018 0.535697756 0.00264439 0.213440926 0.050801499 0.066716813 0.185057163 0.00449559 0.384947792 0 0.15734564 257.6448 0.035846939 0.108411834 0.005072886 30153.6 1296 8899.2 34560 19872 0.0056154 240.83892
35685 729645 18.93075647 8.165205746 11.37022148 0.005 0.237781081 0.975840406 0.628443214 2.061936455 1.458672677 0.540301313 0.002663863 0.22010725 0.048526421 0.067479339 0.185244103 0.004549799 0.377531521 0 0.159242956 255.7674 0.035732077 0.108726168 0.005127416 30153.6 1296 8899.2 34560 19872 0.0060039 191.94084
35686 729646 18.89534885 8.175458955 11.36436778 0.005 0.240494544 0.971942031 0.632744413 2.080106557 1.462708333 0.544843069 0.002682742 0.226434896 0.046418403 0.068203125 0.185415349 0.004605716 0.370656112 0 0.161200063 253.8774 0.035587912 0.109125292 0.005195713 26179.2 1296 8899.2 34560 19872 0.0064067 174.47724
35687 729647 18.85920189 8.185849898 11.35809042 0.005 0.243043949 0.968082762 0.636739221 2.097863847 1.466506386 0.549310226 0.002700995 0.232389995 0.044480045 0.068884298 0.185571029 0.004663341 0.36433069 0 0.163216933 251.9748 0.035416013 0.109606962 0.005276968 86313.6 2419.2 21513.6 34560 19872 0.0068238 41.32296
35688 729648 18.82233647 8.196367965 11.35134994 0.005 0.245415594 0.964259684 0.64041475 2.115150298 1.470045235 0.553689986 0.002718586 0.23793868 0.042713949 0.069518982 0.185711271 0.004722673 0.358564382 0 0.16529354 250.0722 0.035217949 0.110168935 0.00537037 53827.2 1814.4 11145.6 34560 19872 0.0072555 220.47228
35689 729649 18.78477351 8.207002541 11.34410686 0.005 0.247595775 0.960469886 0.643758108 2.131907882 1.473303281 0.557969551 0.002735481 0.243047082 0.041122715 0.070103306 0.185836205 0.00478371 0.353366311 0 0.167429857 248.157 0.03499529 0.110808968 0.005475111 45100.8 1296 11145.6 34560 19872 0.0077018 216.27648
35690 729650 18.74653391 8.217743015 11.33632174 0.005 0.249570786 0.956710454 0.646756406 2.148078571 1.476258922 0.562136124 0.002751647 0.247681335 0.039708944 0.070633394 0.185945958 0.004846453 0.348745604 0 0.169625855 246.2418 0.034749608 0.111524818 0.005590379 30153.6 1296 8899.2 34560 19872 0.0081629 198.5634
35691 729651 18.70763857 8.228578774 11.32795509 0.005 0.251326925 0.952978475 0.649396752 2.163604337 1.478890558 0.566176906 0.002767049 0.251807569 0.038475238 0.071105372 0.18604066 0.0049109 0.344711385 0 0.171881509 244.314 0.03448247 0.112314242 0.005715366 30153.6 1296 8899.2 34560 19872 0.0086388 182.48328
35692 729652 18.6681084 8.239499205 11.31896746 0.005 0.252850486 0.949271037 0.651666257 2.178427153 1.48117659 0.570079101 0.002781652 0.255391918 0.037424197 0.071515367 0.186120439 0.004977051 0.34127278 0 0.17419679 242.3862 0.034195447 0.113174996 0.00584926 30153.6 1296 8899.2 34560 19872 0.0091297 227.2246468
35693 729653 18.6279643 8.250493695 11.30931938 0.005 0.254127767 0.945585226 0.65355203 2.19248899 1.483095417 0.573829909 0.002795424 0.258400513 0.036558422 0.071859504 0.186185424 0.005044905 0.338438913 0 0.176571673 240.4584 0.03389011 0.114104838 0.005991254 30153.6 1296 8899.2 34560 19872 0.0096358 218.90736
35694 729654 18.58722717 8.261551633 11.2989714 0.005 0.255145063 0.94191813 0.655041182 2.205731821 1.484625438 0.577416535 0.002808328 0.260799487 0.035880514 0.07213391 0.186235744 0.005114461 0.336218909 0 0.179006129 238.518 0.033568027 0.115101525 0.006140536 26179.2 1296 8899.2 34560 19872 0.010157 212.9652
35695 729655 18.54591792 8.272662404 11.28788404 0.005 0.25588867 0.938266835 0.656120821 2.218097619 1.485745054 0.580826179 0.002820332 0.262554971 0.035393073 0.072334711 0.186271528 0.005185718 0.334621895 0 0.181500131 236.5776 0.033230769 0.116162813 0.006296296 26179.2 1296 8899.2 34560 19872 0.010694 201.3984
35696 729656 18.50405745 8.283815398 11.27601784 0.005 0.256344883 0.93462843 0.656778057 2.229528354 1.486432663 0.584046045 0.002831401 0.263633098 0.035098702 0.072458032 0.186292903 0.005258676 0.333656995 0 0.184053653 234.6372 0.032879906 0.11728646 0.006457726 26179.2 1296 8899.2 34560 19872 0.011246 175.18032
35697 729657 18.46166667 8.295 11.26333333 0.005 0.2565 0.931 0.657 2.239966 1.486666667 0.587063333 0.0028415 0.264 0.035 0.0725 0.1863 0.005333333 0.333333333 0 0.186666667 232.6842 0.032517007 0.118470221 0.006624015 22550.4 1296 8899.2 34560 19872 0.011813 110.47428
35698 729658 18.41517173 8.307823529 11.24694581 0.005010978 0.256114674 0.927288802 0.655962585 2.250069932 1.485181143 0.590058763 0.002850711 0.263895609 0.035274448 0.072369496 0.1858796 0.005450123 0.333753287 0 0.190754322 230.7312 0.032143642 0.119711855 0.006794353 22550.4 1296 8899.2 34560 19872 0.013149 32.828544
35699 729659 18.36120784 8.323652082 11.22436891 0.005042472 0.255009232 0.923426734 0.652986395 2.260483337 1.480881086 0.593201515 0.002859188 0.263587745 0.0360618 0.071990481 0.184673534 0.00564383 0.335004744 0 0.197534037 228.7782 0.031761381 0.121009117 0.00696793 22550.4 1296 8899.2 34560 19872 0.015904 162.5084732
35700 729660 18.30010951 8.342113216 11.19616072 0.005092323 0.253259475 0.919447844 0.64827551 2.271123907 1.47400127 0.596461486 0.002867009 0.263084368 0.037308066 0.071381696 0.182764504 0.005905977 0.337075097 0 0.206709192 226.8252 0.031371795 0.122359765 0.007143937 22550.4 1296 8899.2 34560 19872 0.019925 99.31572
35701 729661 18.23221121 8.362834489 11.16287929 0.00515837 0.250941205 0.915386181 0.642034014 2.281909332 1.464776466 0.599808573 0.00287425 0.26239344 0.038959256 0.070561886 0.180235212 0.00622809 0.339951738 0 0.217983164 224.8722 0.030976452 0.123761557 0.007321564 22550.4 1296 8899.2 34560 19872 0.025062 176.60916
35702 729662 18.15784744 8.385443456 11.12508272 0.005238455 0.248130224 0.911275793 0.634465986 2.292757302 1.453441449 0.603212675 0.002880988 0.261522921 0.040961379 0.069549792 0.177168359 0.006601695 0.343622059 0 0.231059332 222.9192 0.030576923 0.125212247 0.0075 22550.4 1296 8899.2 34560 19872 0.03116 192.46248
35703 729663 18.07735269 8.409567676 11.08332908 0.005330418 0.244902332 0.907150729 0.62577551 2.303585509 1.44023099 0.606643687 0.002887301 0.260480774 0.043260447 0.068364158 0.173646647 0.007018316 0.348073453 0 0.245641074 220.9662 0.030174778 0.126709594 0.007678436 26179.2 1296 8899.2 34560 19872 0.038068 186.02136
35704 729664 17.99106144 8.434834704 11.03817643 0.005432099 0.241333333 0.903045037 0.616166667 2.314311644 1.425379863 0.610071508 0.002893266 0.259274959 0.045802469 0.067023726 0.169752778 0.007469479 0.353293312 0 0.261431768 219.0006 0.029771586 0.128251355 0.007856063 26179.2 1296 8899.2 34560 19230.968 0.045634 40.41576
35705 729665 17.89930819 8.460872099 10.99018286 0.005541338 0.237499028 0.898992766 0.605843537 2.324853396 1.40912284 0.613466034 0.002898959 0.257913436 0.048533456 0.06554724 0.165569453 0.007946708 0.35926903 0 0.278134793 217.0476 0.029368917 0.129835285 0.00803207 26179.2 1296 8899.2 34560 19230.968 0.053706 97.43328
35706 729666 17.80242743 8.487307418 10.93990645 0.005655977 0.233475219 0.895027965 0.595010204 2.335128456 1.391694694 0.616797163 0.002904458 0.256404169 0.051399417 0.063953443 0.161179373 0.008441529 0.365987997 0 0.295453526 215.0946 0.028968341 0.131459143 0.008205647 26179.2 1296 8899.2 34560 19230.968 0.062131 159.71256
35707 729667 17.70075365 8.513768216 10.88790526 0.005773855 0.229337707 0.891184682 0.583870748 2.345054516 1.373330198 0.620034792 0.00290984 0.254755117 0.054346363 0.062261077 0.156665241 0.008945467 0.373437608 0 0.313091347 213.1416 0.028571429 0.133120685 0.008375985 26179.2 1296 8899.2 34560 19230.968 0.070757 30.52728
35708 729668 17.59462133 8.539882052 10.83473737 0.005892812 0.225162293 0.887496966 0.572629252 2.354549266 1.354264124 0.623148818 0.002915181 0.252974241 0.057320304 0.060488885 0.152109759 0.009450047 0.381605254 0 0.330751633 211.2012 0.028179749 0.134817668 0.008542274 22550.4 1296 8899.2 34560 19230.968 0.079431 83.32632
35709 729669 17.48436497 8.565276482 10.78096086 0.00601069 0.221024781 0.883998865 0.561489796 2.363530397 1.334731247 0.626109139 0.00292056 0.251069504 0.06026725 0.058655611 0.147595627 0.009946793 0.390478328 0 0.348137764 209.2482 0.027794872 0.136547848 0.008703704 22550.4 1296 8899.2 34560 19230.968 0.088002 16.08012
35710 729670 17.37031906 8.589579063 10.7271338 0.006125328 0.217000972 0.880724428 0.550656463 2.371915599 1.314966338 0.628885652 0.002926052 0.249048865 0.063133211 0.056779997 0.143205547 0.010427232 0.400044222 0 0.364953116 207.3078 0.027418367 0.138308984 0.008859464 22550.4 1296 8899.2 34560 19230.968 0.096317 158.28372
35711 729671 17.25281809 8.612417352 10.67381427 0.006234568 0.213166667 0.877707704 0.540333333 2.379622563 1.29520417 0.631448254 0.002931735 0.246920287 0.065864198 0.054880786 0.139022222 0.010882888 0.410290328 0 0.380901069 205.3674 0.027051805 0.140098831 0.009008746 22550.4 1296 8899.2 34560 19230.968 0.10422 122.1318
35712 729672 17.13219654 8.633418907 10.62156035 0.006336249 0.209597668 0.87498274 0.53072449 2.386568979 1.275679516 0.633766842 0.002937686 0.244691731 0.06840622 0.052976721 0.135128353 0.011305286 0.42120404 0 0.395685001 203.4396 0.026696756 0.141915146 0.00915074 22550.4 1296 8899.2 34560 19230.968 0.11157 165.1104
35713 729673 17.00878891 8.652211284 10.5709301 0.006428211 0.206369776 0.872583587 0.522034014 2.392672539 1.256627149 0.635811314 0.002943982 0.242371157 0.070705287 0.051086545 0.131606641 0.011685951 0.43277275 0 0.40900829 201.5118 0.026354788 0.143755686 0.009284634 22550.4 1296 8899.2 34560 19230.968 0.11821 80.26452
35714 729674 16.88292969 8.668422041 10.5224816 0.006508296 0.203558795 0.870544292 0.514465986 2.397850934 1.238281842 0.637551567 0.0029507 0.239966527 0.072707411 0.049229 0.128539788 0.012016409 0.44498385 0 0.420574314 199.584 0.026027473 0.145618209 0.009409621 22550.4 1296 8899.2 34560 19230.968 0.12398 44.24868
35715 729675 16.75495336 8.681678733 10.47677294 0.006574344 0.201240525 0.868898904 0.50822449 2.402021853 1.220878367 0.638957498 0.002957917 0.237485801 0.074358601 0.047422831 0.126010496 0.012288184 0.457824732 0 0.430086453 197.6688 0.025716379 0.147500471 0.009524889 30153.6 1296 8899.2 34560 19230.968 0.12873 42.38892
35716 729676 16.62519442 8.691608919 10.43436218 0.006624195 0.199490768 0.867681471 0.503513605 2.405102988 1.204651498 0.639999005 0.00296571 0.234936942 0.075604866 0.045686779 0.124101466 0.012492802 0.47128279 0 0.437248083 195.7536 0.025423077 0.149400229 0.00962963 26179.2 1296 8899.2 34560 19230.968 0.13231 116.75664
35717 729677 16.49398736 8.697840156 10.39580739 0.006655689 0.198385326 0.866926043 0.500537415 2.407012029 1.189836007 0.640645984 0.002974157 0.23232791 0.076392218 0.044039588 0.1228954 0.012621788 0.485345415 0 0.441762584 193.851 0.025149137 0.15131524 0.009723032 30153.6 1296 8899.2 34560 19230.968 0.13457 103.21668
35718 729678 16.36166667 8.7 10.36166667 0.006666667 0.198 0.866666667 0.4995 2.407666667 1.176666667 0.640868333 0.002983333 0.229666667 0.076666667 0.0425 0.122475 0.012666667 0.5 0 0.443333333 191.9484 0.024896128 0.15324326 0.009804287 30153.6 1296 8899.2 34560 19230.968 0.13536 36.4014
35719 729679 16.22152376 8.69877683 10.33107105 0.00665946 0.198202773 0.86683512 0.50011049 2.405960985 1.164156703 0.64057101 0.002994125 0.226213038 0.076574407 0.040959121 0.123056805 0.012641443 0.54624934 0.000614016 0.442450501 190.0584 0.02466562 0.155182047 0.009872584 26179.2 1296 8899.2 34560 19230.968 0.13482 54.34128
35720 729680 16.06736405 8.695196123 10.30263794 0.006638598 0.198798057 0.867331753 0.501914303 2.400998034 1.151213131 0.639710336 0.003007216 0.22130792 0.076306077 0.039305011 0.124740976 0.012568427 0.651779327 0.002436717 0.439894932 188.1684 0.024459184 0.157129358 0.009927114 26179.2 1296 8899.2 34560 19230.968 0.13324 44.08992
35721 729681 15.90029297 8.689391085 10.27615489 0.006605219 0.199766298 0.868143473 0.50486995 2.39300895 1.137911404 0.638333258 0.003022385 0.215080873 0.075874353 0.037551849 0.127435651 0.012451601 0.811602004 0.005439083 0.435806023 186.3036 0.024278388 0.159082949 0.009967066 22550.4 1296 8899.2 34560 19230.968 0.13072 41.77656
35722 729682 15.721416 8.681494923 10.25140947 0.006560461 0.201087944 0.869257189 0.508935943 2.382224874 1.124326976 0.636486722 0.003039409 0.207661461 0.075291908 0.035713812 0.131048964 0.012294948 1.02072941 0.009592092 0.430323168 184.4388 0.024124804 0.161040577 0.009991632 22550.4 1296 8899.2 34560 19230.968 0.12735 143.04276
35723 729683 15.53183857 8.671640841 10.22818926 0.006505462 0.202743442 0.870659809 0.514070794 2.368876944 1.110535304 0.634217673 0.003058066 0.199179245 0.074571418 0.033805079 0.135489053 0.01210245 1.274173587 0.014866724 0.423585761 182.574 0.024 0.163 0.01 22550.4 1296 8899.2 34560 19230.968 0.1232 121.95036
35724 729684 15.33266614 8.659962046 10.20628181 0.006441359 0.204713238 0.872338243 0.520233014 2.353196298 1.09661184 0.631573058 0.003078134 0.189763788 0.073725559 0.031839828 0.140664053 0.011878091 1.566946577 0.021233958 0.415733197 180.7344 0.023890348 0.165184438 0.009981323 26179.2 1296 8899.2 34560 19230.968 0.11836 29.16648
35725 729685 15.12500418 8.646591744 10.18547469 0.006369291 0.206977778 0.874279398 0.527381116 2.335414075 1.08263204 0.628599822 0.00309939 0.179544652 0.072767004 0.029832236 0.146482101 0.011625853 1.894060419 0.028664775 0.40690487 178.8948 0.023781341 0.167793256 0.009927114 26179.2 1296 8899.2 34560 19230.968 0.11292 137.942784
35726 729686 14.90995812 8.63166314 10.16555548 0.006290396 0.209517511 0.876470183 0.535473611 2.315761414 1.068671359 0.62534491 0.003121611 0.168651399 0.071708428 0.027796481 0.152851331 0.011349719 2.250527155 0.037130152 0.397240176 177.0804 0.023673231 0.170788426 0.009840106 30153.6 1296 8899.2 34560 19230.968 0.10697 160.43832
35727 729687 14.68863342 8.61530944 10.14631173 0.006205811 0.212312883 0.878897506 0.544469012 2.294469453 1.054805251 0.62185527 0.003144577 0.157213593 0.070562508 0.025746742 0.159679882 0.011053672 2.631358826 0.04660107 0.386878509 175.266 0.02356627 0.17413192 0.009723032 26179.2 1296 8899.2 34560 19230.968 0.10059 74.36772
35728 729688 14.46213554 8.597663851 10.12753101 0.006116674 0.215344341 0.881548276 0.55432583 2.271769332 1.041109171 0.618177846 0.003168063 0.145360795 0.069341916 0.023697197 0.166875888 0.010741693 3.031567473 0.057048507 0.375959263 173.4642 0.023460711 0.17778571 0.009578626 26179.2 1296 8899.2 34560 19230.968 0.09386 44.3394
35729 729689 14.23156994 8.578859577 10.1090009 0.006024124 0.218592332 0.884409401 0.565002577 2.247892188 1.027658573 0.614359585 0.003191849 0.133222567 0.06805933 0.021662023 0.174347485 0.010417767 3.446165137 0.068443444 0.364621833 171.675 0.023356806 0.181711767 0.009409621 22550.4 1296 8899.2 34560 19230.968 0.086876 94.49868522
35730 729690 13.99804205 8.559029824 10.09050895 0.005929298 0.222037302 0.88746779 0.576457765 2.22306916 1.014528913 0.610447432 0.003215711 0.120928472 0.066727422 0.019655398 0.182002811 0.010085875 3.870163858 0.080756859 0.353005614 169.8984 0.023254808 0.185872065 0.00921875 22550.4 1296 8899.2 34560 19230.968 0.079721 101.67444
35731 729691 13.76265735 8.5383078 10.07184274 0.005833333 0.225659698 0.890710351 0.588649905 2.197531388 1.001795644 0.606488333 0.003239428 0.108608073 0.065358869 0.017691501 0.18975 0.00975 4.298575679 0.093959732 0.34125 168.1344 0.023154967 0.190228574 0.009008746 16502.4 1296 8899.2 34560 19230.968 0.07248 119.07
35732 729692 13.52652127 8.516826708 10.05278983 0.005737369 0.229439968 0.894123993 0.60153751 2.17151001 0.989534222 0.602529235 0.003262776 0.096390931 0.063966345 0.015784508 0.197497189 0.009414125 4.726412639 0.108023041 0.329494386 166.3956 0.023057538 0.194743266 0.008782343 16502.4 1296 8899.2 34560 19230.968 0.065239 51.12072
35733 729693 13.29073928 8.494719756 10.03313778 0.005642543 0.233358559 0.897695624 0.615079092 2.145236164 0.9778201 0.598617082 0.003285535 0.084406608 0.062562525 0.0139486 0.205152515 0.009082233 5.148686781 0.122917768 0.317878167 164.6568 0.022962772 0.199378114 0.008542274 16502.4 1296 8899.2 34560 19230.968 0.058084 14.0616
35734 729694 13.05641683 8.472120149 10.01267417 0.005549992 0.237395916 0.901412152 0.629233162 2.11894099 0.966728735 0.59479882 0.00330748 0.072784668 0.061160084 0.012197952 0.212624112 0.008758307 5.560410144 0.13861489 0.306540737 162.9432 0.022870921 0.20409509 0.008291272 22550.4 1296 8899.2 34560 19230.968 0.0511 33.1128
35735 729695 12.82465937 8.449161093 9.991186562 0.005460856 0.241532488 0.905260487 0.643958232 2.092855625 0.95633558 0.591121397 0.003328391 0.061654673 0.059771697 0.010546744 0.219820118 0.008446328 5.95659477 0.155085387 0.295621491 161.2422 0.022782238 0.208856165 0.00803207 22550.4 1296 11145.6 34560 20534.4 0.044374 16.39764
35736 729696 12.59657235 8.425975793 9.968462522 0.005376271 0.24574872 0.909227536 0.659212815 2.067211209 0.94671609 0.587631756 0.003348045 0.051146184 0.058410039 0.009009153 0.226648669 0.008150281 6.3322527 0.172300239 0.285259824 159.5538 0.022696975 0.213623312 0.007767402 22550.4 1296 11145.6 34560 20534.4 0.037992 43.61364
35737 729697 12.37326123 8.402697456 9.944289616 0.005297375 0.25002506 0.913300208 0.674955421 2.04223888 0.937945719 0.584376845 0.003366219 0.041388765 0.057087784 0.007599357 0.233017899 0.007874147 6.682395975 0.190230424 0.27559513 157.878 0.022615385 0.218358502 0.0075 22550.4 1296 11145.6 34560 20534.4 0.032039 45.927
35738 729698 12.15583147 8.379459287 9.918455413 0.005225307 0.254341955 0.917465412 0.691144563 2.018169776 0.930099923 0.581403609 0.003382691 0.032511977 0.055817608 0.006331534 0.238835947 0.007621909 7.002036636 0.208846923 0.266766803 156.2274 0.022537719 0.223023707 0.007232598 30153.6 1296 11145.6 34560 20534.4 0.026601 56.90412
35739 729699 11.94538851 8.356394492 9.890747477 0.005161205 0.258679852 0.921710055 0.707738753 1.995235038 0.923254156 0.578758993 0.003397238 0.024645382 0.054612186 0.005219862 0.244010947 0.00739755 7.286186723 0.228120714 0.258914239 154.5894 0.02246423 0.2275809 0.00696793 45100.8 1296 11145.6 34560 20534.4 0.021764 51.7104
35740 729700 11.74303781 8.333636277 9.860953377 0.005106205 0.263019197 0.926021047 0.724696503 1.973665802 0.917483872 0.576489945 0.00340964 0.017918544 0.053484192 0.00427852 0.248451036 0.007205052 7.529858279 0.248022777 0.252176832 152.9766 0.02239517 0.231992051 0.006708728 53827.2 1296 11145.6 34560 20534.4 0.017614 43.59096
35741 729701 11.54988482 8.311317848 9.82886068 0.005061447 0.267340438 0.930385295 0.741976323 1.953693209 0.912864527 0.574643408 0.003419672 0.012461025 0.052446302 0.003521684 0.252064349 0.007048399 7.728063343 0.268524091 0.246693977 151.3764 0.022330792 0.236219134 0.006457726 107136 3110.4 21513.6 34560 20534.4 0.014237 17.55432
35742 729702 11.367035 8.28957241 9.794256951 0.005028069 0.27162402 0.934789709 0.759536728 1.935548396 0.909471574 0.573266331 0.003427114 0.008402386 0.05151119 0.002963534 0.254759024 0.006931573 7.875813958 0.289595635 0.242605068 149.7888 0.022271347 0.24022412 0.006217657 74044.8 5788.8 30844.8 34560 20534.4 0.011718 55.4526
35743 729703 11.1955938 8.26853317 9.756929757 0.005007207 0.275850392 0.939221197 0.777336227 1.919462502 0.907380469 0.572405657 0.003431741 0.00587219 0.050691531 0.002618246 0.256443195 0.006858557 7.968122163 0.31120839 0.240049499 148.2264 0.022217089 0.24396898 0.005991254 53827.2 3888 26697.6 34560 20534.4 0.010144 106.45992
35744 729704 11.03666667 8.248333333 9.716666667 0.005 0.28 0.943666667 0.795333333 1.905666667 0.906666667 0.572108333 0.003433333 0.005 0.05 0.0025 0.257025 0.006833333 8 0.333333333 0.239166667 146.6892 0.022168269 0.247415688 0.00578125 74044.8 3110.4 21513.6 34560 20534.4 0.0096 36.49212
35745 729705 10.88422332 8.22735574 9.662875136 0.005041234 0.284499363 0.948501249 0.817210401 1.893303937 0.906974467 0.572196165 0.003430228 0.005 0.049389248 0.002530053 0.256226673 0.006839344 7.97965154 0.360118703 0.239377035 145.1646 0.02212514 0.250526215 0.005590379 74044.8 2419.2 18921.6 34560 20534.4 0.0096281 40.39308
35746 729706 10.73178087 8.204105725 9.58672171 0.00515997 0.289727041 0.954070005 0.846151698 1.881350077 0.907875969 0.572455203 0.0034213 0.005 0.048802557 0.002616454 0.253928088 0.006856624 7.920973466 0.395353539 0.239981843 143.6652 0.022087954 0.253262532 0.005421374 53827.2 1814.4 16243.2 34560 20534.4 0.009711 39.84876
35747 729707 10.57976586 8.17890024 9.490632586 0.005348754 0.295591546 0.960314739 0.881368612 1.869785303 0.909338328 0.572878763 0.003407131 0.005 0.048238548 0.002753569 0.250273838 0.006884047 7.827516733 0.438470024 0.240941648 142.1784 0.022056963 0.255586613 0.005276968 63504 2419.2 18921.6 34560 20534.4 0.0098468 74.54916
35748 729708 10.42860483 8.152056233 9.377033963 0.005600134 0.302001387 0.967177254 0.922072528 1.85858983 0.911328696 0.57346016 0.003388305 0.005 0.047695846 0.002935763 0.245408514 0.006920486 7.7028323 0.488900342 0.242217005 140.7294 0.02203242 0.257460427 0.005159894 45100.8 1814.4 16243.2 34560 20534.4 0.010033 103.12596
35749 729709 10.27872433 8.123890656 9.248352038 0.005906658 0.308865077 0.974599356 0.967474831 1.847743872 0.913814227 0.57419271 0.003365402 0.005 0.047173072 0.0031574 0.239476711 0.006964813 7.550471124 0.546076674 0.24376847 139.2804 0.022014577 0.258845949 0.005072886 37238.4 1814.4 13564.8 34560 20534.4 0.010269 63.6174
35750 729710 10.1305509 8.094720458 9.10701301 0.006260873 0.316091125 0.982522847 1.016786908 1.837227644 0.916762074 0.575069728 0.003339006 0.005 0.046668848 0.003412847 0.232623021 0.007015903 7.37398416 0.609431204 0.245556599 137.8692 0.022003686 0.259705149 0.005018677 37238.4 1296 13564.8 34560 20534.4 0.010551 35.31276
35751 729711 9.984511098 8.064862589 8.955443076 0.006655328 0.323588042 0.990889533 1.069220144 1.827021361 0.920139392 0.576084529 0.003309698 0.005 0.046181796 0.003696469 0.224992035 0.007072627 7.176922367 0.678396116 0.247541948 136.4832 0.022 0.26 0.005 30153.6 1296 11145.6 34560 20534.4 0.010878 7.0308
35752 729712 9.841031462 8.034633998 8.796068435 0.007082571 0.331264339 0.999641218 1.123985924 1.817105239 0.923913334 0.57723043 0.003278062 0.005 0.04571054 0.00400263 0.216728349 0.007133859 6.962836701 0.752403592 0.249685074 135.1098 0.022118562 0.259991724 0.005 16502.4 1296 11145.6 34560 20534.4 0.011248 27.216
35753 729713 9.700538541 8.004351637 8.631315284 0.007535148 0.339028526 1.008719706 1.180295634 1.807459491 0.928051053 0.578500744 0.003244678 0.005 0.045253702 0.004325695 0.207976553 0.007198472 6.735278119 0.830885815 0.251946531 133.7742 0.022458698 0.259967191 0.005 16502.4 1296 11145.6 34560 20534.4 0.011658 24.4944
35754 729714 9.56345888 7.974332454 8.463609821 0.008005607 0.346789114 1.0180668 1.23736066 1.798064333 0.932519703 0.579888787 0.00321013 0.005 0.044809904 0.00466003 0.198881241 0.007265339 6.497797578 0.913274968 0.254286877 132.4512 0.022997085 0.259926843 0.005 16502.4 1296 11145.6 34560 20534.4 0.012108 24.71444426
35755 729715 9.430219026 7.9448934 8.295378244 0.008486497 0.354454614 1.027624306 1.294392388 1.78889998 0.937286437 0.581387876 0.003175 0.005 0.044377768 0.005 0.189587006 0.007333333 6.253946036 0.999003235 0.256666667 131.1534 0.023710398 0.259871122 0.005 16502.4 1296 11145.6 34560 20534.4 0.012594 37.46736
35756 729716 9.301245523 7.916351425 8.129046752 0.008970365 0.361933536 1.037334027 1.350602203 1.779946647 0.942318409 0.582991324 0.00313987 0.005 0.043955917 0.00533997 0.18023844 0.007401327 6.007274449 1.087502798 0.259046456 129.8934 0.024575316 0.25980047 0.005 16502.4 1296 11145.6 34560 20534.4 0.013114 34.85916
35757 729717 9.176964919 7.889023479 7.967041541 0.009449759 0.369134392 1.047137767 1.405201491 1.771184548 0.947582773 0.584692449 0.003105322 0.005 0.043542973 0.005674305 0.170980136 0.007468194 5.761333775 1.178205841 0.261386802 128.646 0.025568513 0.259715329 0.005 16502.4 1296 11145.6 34560 20534.4 0.013668 18.43884
35758 729718 9.057803759 7.863226511 7.811788811 0.009917226 0.375965691 1.056977331 1.457401638 1.762593898 0.953046681 0.586484564 0.003071938 0.005 0.043137559 0.00599737 0.161956687 0.007532807 5.51967497 1.270544546 0.263648259 127.4364 0.026666667 0.25961614 0.005 22550.4 1296 11145.6 34560 20534.4 0.014252 7.09884
35759 729719 8.944188589 7.839277472 7.665714758 0.010365314 0.382335944 1.066794523 1.506414028 1.754154913 0.958677289 0.588360985 0.003040302 0.005 0.042738296 0.006303531 0.153312685 0.00759404 5.285848991 1.363951097 0.265791385 126.2394 0.027846453 0.259503345 0.005 26179.2 1296 11145.6 34560 20534.4 0.014864 19.0512
35760 729720 8.836545956 7.817493312 7.531245581 0.010786571 0.388153662 1.076531147 1.551450049 1.745847807 0.964441748 0.590315028 0.003010994 0.005 0.042343809 0.006587153 0.145192724 0.007650764 5.063406796 1.457857676 0.267776734 125.0802 0.029084548 0.259377387 0.005 26179.2 1296 11145.6 34560 20534.4 0.015504 11.04516
35761 729721 8.735302405 7.798190981 7.410807478 0.011173545 0.393327356 1.086129008 1.591721086 1.737652795 0.970307214 0.592340008 0.002984598 0.005 0.041952718 0.0068426 0.137741396 0.007701853 4.855899341 1.551696467 0.269564864 123.9462 0.030357629 0.259238708 0.005 30153.6 1296 11145.6 34560 20534.4 0.016168 7.89264
35762 729722 8.640884482 7.781687427 7.306826647 0.011518783 0.397765536 1.095529909 1.626438523 1.729550092 0.976240838 0.59442924 0.002961695 0.005 0.041563646 0.007064237 0.131103294 0.007746181 4.666877583 1.644899652 0.271116329 122.84118 0.031642371 0.259087749 0.005 45100.8 1296 11145.6 34560 20534.4 0.016854 79.47072
35763 729723 8.553718735 7.768299603 7.221729286 0.011814833 0.401376714 1.104675654 1.654813748 1.721519912 0.982209775 0.59657604 0.002942869 0.005 0.041175216 0.007246431 0.125423011 0.00778262 4.49989248 1.736899415 0.272391685 121.76388 0.032915452 0.258924952 0.005 63504 2419.2 16243.2 34560 20534.4 0.017561 17.96256
35764 729724 8.474231708 7.758344457 7.157941592 0.012054243 0.404069398 1.113508048 1.676058145 1.713542472 0.988181179 0.598773723 0.0029287 0.005 0.04078605 0.007383546 0.120845139 0.007810043 4.358494988 1.827127938 0.27335149 120.71682 0.034153547 0.258750759 0.005 63504 3110.4 16243.2 34560 20534.4 0.018287 78.56352
35765 729725 8.402849948 7.752138939 7.117889764 0.012229561 0.405752101 1.121968896 1.689383101 1.705597985 0.994122203 0.601015605 0.002919772 0.005 0.040394771 0.007469947 0.117514271 0.007827323 4.246236065 1.915017406 0.273956299 119.7 0.035333333 0.258565613 0.005 74044.8 3110.4 21513.6 34560 21154.065 0.01903 79.38
35766 729726 8.34 7.75 7.104 0.012333333 0.406333333 1.13 1.694 1.697666667 1 0.603295 0.002916667 0.005 0.04 0.0075 0.115575 0.007833333 4.166666667 2 0.274166667 118.70586 0.036431487 0.258369954 0.005 63504 2419.2 18921.6 34560 21154.065 0.019787 76.13676
35767 729727 8.281768627 7.750008094 7.105242544 0.012398382 0.406187631 1.137854914 1.693890659 1.68969947 1.006151112 0.606396079 0.002917772 0.004998162 0.039600768 0.007497243 0.11439683 0.007830821 4.104955103 2.082577557 0.274078743 117.72558 0.037424684 0.258164226 0.005 74044.8 3110.4 16243.2 34560 21154.065 0.021486 17.82648
35768 729728 8.223961635 7.750032419 7.10893691 0.012462499 0.405754872 1.145822959 1.693564086 1.681662923 1.012923581 0.611087517 0.00292107 0.004992702 0.039197158 0.007489053 0.113252429 0.00782336 4.043902835 2.163672113 0.273817595 116.75916 0.038289602 0.257948869 0.005 74044.8 2419.2 18921.6 34560 21154.065 0.02503 28.39536
35769 729729 8.166584136 7.750073045 7.1150332 0.012525689 0.40504158 1.153899595 1.693022456 1.673560606 1.020301813 0.61733939 0.002926537 0.004983704 0.038789368 0.007475556 0.112141137 0.007811062 3.983510543 2.243346155 0.27338716 115.8066 0.039002915 0.257724326 0.005 63504 1814.4 16243.2 34560 21154.065 0.030384 19.643904
35770 729730 8.109641245 7.750130037 7.123481516 0.012587956 0.404054281 1.162080283 1.692267944 1.665396097 1.028270211 0.625121771 0.002934147 0.004971248 0.038377598 0.007456872 0.111062295 0.007794039 3.923778913 2.321662167 0.272791376 114.8679 0.039541302 0.257491039 0.005 53827.2 1814.4 16243.2 34560 21154.065 0.037509 10.6596
35771 729731 8.053138073 7.750203464 7.134231959 0.012649305 0.402799497 1.170360482 1.691302726 1.657172976 1.03681318 0.634404736 0.002943875 0.004955418 0.037962049 0.007433128 0.110015243 0.007772405 3.864708625 2.398682635 0.272034179 113.94306 0.039881438 0.25724945 0.005 45100.8 1814.4 13564.8 34560 21154.065 0.046368 23.33772
35772 729732 7.997079735 7.750293394 7.147234632 0.01270974 0.401283753 1.178735652 1.690128975 1.648894821 1.045915125 0.64515836 0.002955696 0.004936296 0.03754292 0.007404444 0.108999321 0.007746272 3.806300364 2.474470044 0.271119506 113.02956 0.04 0.257 0.005 37238.4 1296 21513.6 34560 21154.065 0.056925 63.07163234
35773 729733 7.941471342 7.750399892 7.162439635 0.012769267 0.399513573 1.187201254 1.688748868 1.640565211 1.055560451 0.657352716 0.002969585 0.004913964 0.03712041 0.007370947 0.108013869 0.007715751 3.748554812 2.549086879 0.270051294 112.1274 0.039996148 0.256527371 0.005012012 37238.4 1296 21513.6 34560 21154.065 0.069143 40.12092
35774 729734 7.886318009 7.750523028 7.179797072 0.01282789 0.397495481 1.195752746 1.687164579 1.632187726 1.065733562 0.67095788 0.002985517 0.004888505 0.03669472 0.007332757 0.107058227 0.007680957 3.691472653 2.622595625 0.26883348 111.23784 0.039984757 0.255632816 0.005047114 33609.6 1296 16243.2 34560 21154.065 0.082984 26.24076
35775 729735 7.831624847 7.750662869 7.199257043 0.012885613 0.395236 1.20438559 1.685378283 1.623765944 1.076418864 0.685943926 0.003003466 0.00486 0.036266049 0.00729 0.106131737 0.007642 3.635054568 2.695058768 0.26747 110.35962 0.039966075 0.254341635 0.005103907 33609.6 1296 21513.6 34560 21154.065 0.098411 10.25136
35776 729736 7.777396971 7.750819481 7.220769651 0.012942442 0.392741655 1.213095244 1.683392155 1.615303444 1.08760076 0.702280929 0.003023407 0.004828532 0.035834597 0.007242798 0.105233737 0.007598994 3.579301242 2.766538793 0.265964792 109.49274 0.039940349 0.252679128 0.005180991 37238.4 1296 13564.8 34560 21154.065 0.11539 12.2472
35777 729737 7.723639492 7.750992933 7.244284997 0.01299838 0.39001897 1.22187717 1.68120837 1.606803806 1.099263656 0.719938964 0.003045316 0.004794184 0.035400565 0.007191276 0.104363569 0.007552051 3.524213357 2.837098186 0.264321792 108.63594 0.039907827 0.250670594 0.005276968 37238.4 1296 11145.6 34560 21154.065 0.13388 10.27404
35778 729738 7.670357525 7.751183292 7.269753182 0.013053433 0.387074469 1.230726826 1.678829104 1.598270608 1.111391956 0.738888105 0.003069168 0.004757037 0.03496415 0.007135556 0.103520572 0.007501284 3.469791595 2.906799431 0.262544938 107.78796 0.039868756 0.248341334 0.005390437 33609.6 1296 11145.6 34560 21154.065 0.15384 5.3298
35779 729739 7.617556181 7.751390626 7.29712431 0.013107605 0.383914676 1.239639673 1.676256531 1.589707429 1.123970065 0.759098427 0.003094936 0.004717174 0.034525555 0.007075761 0.102704087 0.007446805 3.416036641 2.975705013 0.260638166 106.95006 0.039823385 0.245716648 0.00552 33609.6 1296 11145.6 34560 21154.065 0.17524 27.35208
35780 729740 7.565240575 7.751615002 7.326348481 0.013160901 0.380546114 1.24861117 1.673492826 1.581117848 1.136982387 0.780540004 0.003122596 0.004674678 0.034084977 0.007012016 0.101913454 0.007388726 3.362949177 3.043877419 0.258605414 106.12224 0.03977196 0.242821835 0.005664257 30153.6 1296 11145.6 34560 21154.065 0.19804 14.08428
35781 729741 7.513415819 7.751856487 7.357375797 0.013213325 0.376975309 1.257636779 1.670540165 1.572505445 1.150413328 0.803182912 0.003152123 0.00462963 0.033642617 0.006944444 0.101148013 0.00732716 3.310529885 3.111379133 0.256450617 105.30198 0.039714729 0.239682196 0.005821808 30153.6 1296 11145.6 34560 21154.065 0.22221 19.9584
35782 729742 7.462087027 7.752115149 7.39015636 0.013264882 0.373208783 1.266711957 1.667400722 1.563873798 1.164247292 0.826997225 0.003183492 0.004582112 0.033198675 0.006873169 0.100407104 0.00726222 3.25877945 3.17827264 0.254177714 104.49054 0.03965194 0.23632303 0.005991254 37238.4 1814.4 13564.8 34560 21154.065 0.2477 15.9894
35783 729743 7.41125931 7.752391056 7.424640273 0.013315577 0.369253061 1.275832167 1.664076672 1.555226486 1.178468684 0.851953018 0.003216678 0.004532209 0.03275335 0.006798313 0.099690068 0.007194018 3.207698553 3.244620427 0.25179064 103.68666 0.03958384 0.232769638 0.006171195 45100.8 2419.2 13564.8 34560 21154.065 0.27448 67.22352
35784 729744 7.360937783 7.752684274 7.460777635 0.013365414 0.365114667 1.284992866 1.660570191 1.546567088 1.193061908 0.878020365 0.003251655 0.00448 0.032306843 0.00672 0.098996244 0.007122667 3.157287877 3.310484977 0.249293333 102.89034 0.039510678 0.229047318 0.006360233 74044.8 4838.4 26697.6 34560 21154.065 0.30252 6.84936
35785 729745 7.311127558 7.752994872 7.49851855 0.013414398 0.360800124 1.294189516 1.656883453 1.537899184 1.208011369 0.905169341 0.003288398 0.004425569 0.031859353 0.006638354 0.098324974 0.007048278 3.107548107 3.375928777 0.24668973 102.10158 0.0394327 0.225181372 0.006556968 63504 3888 18921.6 34560 21154.065 0.33177 20.61612
35786 729746 7.261833748 7.753322917 7.53781312 0.013462533 0.356315958 1.303417576 1.653018633 1.529226352 1.223301472 0.933370021 0.003326883 0.004368999 0.031411079 0.006553498 0.097675597 0.006970965 3.058479924 3.441014311 0.243983768 101.31912 0.039350154 0.221197099 0.00676 63504 3110.4 16243.2 34560 21154.065 0.36219 27.60156
35787 729747 7.213061467 7.753668476 7.578611445 0.013509825 0.351668691 1.312672507 1.648977907 1.52055217 1.238916622 0.962592479 0.003367083 0.00431037 0.030962222 0.006465556 0.097047453 0.00689084 3.010084011 3.505804066 0.241179383 100.5417 0.039263288 0.217119799 0.00696793 53827.2 3110.4 11145.6 34560 21154.065 0.39376 31.95612
35788 729748 7.164815827 7.754031618 7.620863628 0.013556277 0.346864849 1.321949767 1.644763449 1.51188022 1.254841223 0.99280679 0.003408975 0.004249767 0.030512982 0.00637465 0.096439883 0.006808015 2.962361052 3.570360525 0.238280512 99.77184 0.039172349 0.212974771 0.007179359 53827.2 2419.2 11145.6 34560 21154.065 0.42644 67.1482417
35789 729749 7.117101942 7.754412408 7.66451977 0.013601895 0.341910954 1.331244818 1.640377435 1.503214078 1.271059679 1.023983029 0.003452533 0.00418727 0.030063557 0.006280905 0.095852227 0.006722603 2.91531173 3.634746175 0.235291093 99.00576 0.039077585 0.208787317 0.007392886 53827.2 2419.2 11145.6 34560 21154.065 0.46018 16.98732
35790 729750 7.069924924 7.754810916 7.709529974 0.013646683 0.336813531 1.340553119 1.635822039 1.494557324 1.287556397 1.056091271 0.003497732 0.004122963 0.029614148 0.006184444 0.095283825 0.006634716 2.868936727 3.699023501 0.232215062 98.24472 0.038979244 0.204582735 0.007607114 63504 2419.2 11145.6 34560 21154.065 0.49495 46.19620174
35791 729751 7.023289886 7.755227208 7.75584434 0.013690645 0.331579104 1.349870129 1.631099437 1.485913538 1.30431578 1.089101589 0.003544546 0.004056927 0.029164955 0.006085391 0.094734017 0.006544467 2.823236726 3.763254987 0.229056356 97.48872 0.038877573 0.200386326 0.007820641 86313.6 3110.4 13564.8 34560 21154.065 0.53071 10.18332
35792 729752 6.977201942 7.755661351 7.803412971 0.013733787 0.326214197 1.35919131 1.626211803 1.477286297 1.321322232 1.12298406 0.00359295 0.003989246 0.028716178 0.005983868 0.094202144 0.006451969 2.778212411 3.82750312 0.225818912 96.7365 0.038772819 0.196223389 0.00803207 74044.8 2419.2 13564.8 34560 21154.065 0.56743 13.3812
35793 729753 6.931666204 7.756113415 7.852185969 0.013776113 0.320725333 1.36851212 1.621161313 1.468679182 1.33856016 1.157708756 0.00364292 0.00392 0.028268015 0.00588 0.093687546 0.006357333 2.733864463 3.891830384 0.222506667 95.98806 0.038665231 0.192119225 0.00824 63504 1814.4 13564.8 34560 21154.065 0.60507 68.65236
35794 729754 6.886687786 7.756583465 7.902113436 0.013817628 0.315119038 1.37782802 1.615950141 1.460095771 1.356013967 1.193245754 0.003694431 0.003849273 0.027820668 0.005773909 0.093189563 0.006260673 2.690193567 3.956299265 0.219123557 95.24214 0.038555055 0.188099134 0.008443032 53827.2 1814.4 13564.8 34560 21154.065 0.64359 56.26908
35795 729755 6.8422718 7.757071569 7.953145472 0.013858335 0.309401834 1.387134469 1.610580463 1.451539643 1.373668058 1.229565128 0.003747457 0.003777147 0.027374335 0.00566572 0.092707536 0.006162101 2.647200405 4.020972247 0.215673521 94.5 0.03844254 0.184188414 0.008639767 45100.8 1814.4 13564.8 34560 21154.065 0.68295 80.01504
35796 729756 6.79842336 7.757577795 8.00523218 0.013898241 0.303580247 1.396426928 1.605054454 1.443014377 1.391506838 1.266636952 0.003801972 0.003703704 0.026929217 0.005555556 0.092240803 0.006061728 2.604885661 4.085911817 0.212160494 93 0.038327934 0.180412368 0.008828805 53308.8 1814.4 16243.2 34560 17539.2 0.72312 82.69128
35797 729757 6.755147578 7.75810221 8.058323662 0.013937349 0.297660799 1.405700857 1.599374288 1.434523552 1.409514711 1.304431301 0.003857953 0.003629026 0.026485513 0.005443539 0.091788707 0.005959669 2.563250016 4.15118046 0.208588413 94.5 0.038211482 0.176796293 0.009008746 53308.8 1814.4 16243.2 34560 17539.2 0.76407 89.49528
35798 729758 6.712449569 7.758644883 8.11237002 0.013975665 0.291650016 1.414951715 1.593542141 1.426070747 1.427676083 1.34291825 0.003915373 0.003553196 0.026043423 0.005329794 0.091350586 0.005856035 2.522294154 4.21684066 0.204961216 95.27616 0.038093434 0.17336549 0.009178192 61862.4 2419.2 16243.2 34560 17539.2 0.80574 30.618
35799 729759 6.670334443 7.759205879 8.167321354 0.014013192 0.28555442 1.424174963 1.587560187 1.417659541 1.445975358 1.382067874 0.003974208 0.003476296 0.025603146 0.005214444 0.090925782 0.005750938 2.482018758 4.282954904 0.20128284 96.0561 0.037974037 0.17014526 0.009335743 61862.4 1814.4 16243.2 34560 17539.2 0.84811 41.41368
35800 729760 6.628807316 7.759785267 8.223127768 0.014049935 0.279380536 1.43336606 1.581430602 1.409293513 1.46439694 1.421850246 0.004034433 0.003398409 0.025164884 0.005097613 0.090513634 0.005644492 2.442424511 4.349585675 0.19755722 96.8373 0.037853538 0.167160901 0.00948 61862.4 1296 13564.8 34560 17539.2 0.89114 77.92848
35801 729761 6.587873299 7.760383115 8.279739362 0.0140859 0.273134888 1.442520466 1.575155561 1.400976242 1.482925235 1.462235443 0.004096022 0.003319616 0.024728835 0.004979424 0.090113483 0.005536808 2.403512096 4.41679546 0.193788294 97.62354 0.037732186 0.164437715 0.009609563 53308.8 1296 13564.8 34560 17539.2 0.9348 91.42308
35802 729762 6.547537506 7.760999489 8.337106239 0.01412109 0.266824 1.451633641 1.568737239 1.392711308 1.501544646 1.503193538 0.004158951 0.00324 0.024295198 0.00486 0.089724668 0.005428 2.365282195 4.484646744 0.18998 98.4123 0.037610227 0.162001 0.009723032 42422.4 1296 13564.8 34560 17539.2 0.97903 53.61552
35803 729763 6.50780505 7.761634457 8.3951785 0.014155511 0.260454396 1.460701046 1.56217781 1.384502288 1.52023958 1.544694606 0.004223193 0.003159643 0.023864175 0.004739465 0.089346531 0.005318179 2.327735493 4.553202013 0.186136273 99.20484 0.037487908 0.159876057 0.009819009 42422.4 1296 13564.8 34560 17539.2 1.0238 11.81628
35804 729764 6.468681043 7.762288088 8.453906248 0.014189167 0.2540326 1.469718139 1.55547945 1.376352762 1.53899444 1.586708723 0.004288725 0.003078628 0.023435965 0.004617942 0.088978411 0.005207459 2.290872671 4.62252375 0.182261052 100.00242 0.037365479 0.158088185 0.009896093 42422.4 1296 13564.8 34560 17539.2 1.0691 13.01832
35805 729765 6.430170599 7.762960447 8.513239583 0.014222062 0.247565136 1.478680381 1.548644334 1.368266309 1.557793631 1.629205961 0.004355521 0.002997037 0.023010767 0.004495556 0.088619649 0.005095951 2.254694412 4.692674442 0.178358272 100.8063 0.037243186 0.156662685 0.009952886 42422.4 1296 13564.8 34560 17539.2 1.1149 36.87478468
35806 729766 6.392278831 7.763651603 8.573128607 0.014254201 0.241058528 1.487583233 1.541674636 1.360246508 1.576621558 1.672156397 0.004423555 0.002914952 0.022588781 0.004372428 0.088269584 0.004983768 2.2192014 4.763716574 0.17443187 101.61396 0.037121277 0.155624857 0.009987988 34041.6 1296 13564.8 34560 17539.2 1.1611 41.0508
35807 729767 6.355010852 7.764361623 8.633523424 0.01428559 0.234519299 1.496422153 1.534572533 1.352296938 1.595462625 1.715530105 0.004492804 0.002832455 0.022170207 0.004248683 0.087927557 0.004871022 2.184394318 4.835712631 0.170485784 102.42918 0.037 0.155 0.01 34041.6 1296 13564.8 34560 17539.2 1.2077 106.4826
35808 729768 6.318371775 7.765090575 8.694374133 0.014316231 0.227953975 1.505192602 1.527340198 1.344421178 1.614301238 1.75929716 0.004563241 0.00274963 0.021755245 0.004124444 0.087592909 0.004757827 2.150273848 4.908725099 0.166523951 103.2507 0.036869745 0.154594287 0.009991632 34041.6 1296 18748.8 34560 17539.2 1.2547 8.89056
35809 729769 6.282366713 7.765838526 8.755630837 0.014346131 0.221369079 1.51389004 1.519979807 1.336622807 1.633121801 1.803427635 0.004634841 0.002666557 0.021344094 0.003999835 0.087264979 0.004644294 2.116840674 4.982816462 0.162550306 104.07852 0.036721437 0.154197068 0.009967066 34041.6 1296 18748.8 34560 17539.2 1.302 35.90244
35810 729770 6.247000778 7.766605544 8.817243638 0.014375294 0.214771135 1.522509926 1.512493535 1.328905404 1.651908718 1.847891607 0.00470758 0.00258332 0.020936955 0.003874979 0.086943107 0.004530537 2.084095478 5.058049206 0.158568788 104.91516 0.036556122 0.153808404 0.009927114 34041.6 1296 18748.8 34560 17539.2 1.3495 57.42576
35811 729771 6.212279085 7.767391696 8.879162638 0.014403724 0.208166667 1.531047721 1.504883557 1.321272547 1.670646394 1.892659149 0.004781432 0.0025 0.020534026 0.00375 0.086626635 0.004416667 2.052038943 5.134485816 0.154583333 105.75936 0.036374847 0.15342836 0.009872584 34041.6 1296 16243.2 34560 17539.2 1.3974 39.84876
35812 729772 6.178206746 7.768197049 8.941337938 0.014431426 0.201562198 1.539498884 1.497152048 1.313727817 1.689319235 1.937700337 0.004856372 0.00241668 0.020135509 0.003625021 0.086314901 0.004302797 2.020671752 5.212188778 0.150597878 106.61112 0.036178659 0.153056999 0.009804287 34041.6 1296 16243.2 34560 17539.2 1.4454 11.907
35813 729773 6.144788873 7.769021672 9.003719639 0.014458405 0.194964254 1.547858876 1.489301183 1.306274791 1.707911645 1.982985244 0.004932376 0.002333443 0.019741602 0.003500165 0.086007248 0.004189039 1.989994589 5.291220577 0.14661636 107.47296 0.035968603 0.152694385 0.009723032 34041.6 1296 13737.6 34560 17539.2 1.4937 88.08912
35814 729774 6.112030581 7.769865631 9.066257845 0.014484665 0.188379358 1.556123156 1.481333137 1.298917049 1.726408028 2.028483946 0.005009417 0.00225037 0.019352506 0.003375556 0.085703013 0.004075506 1.960008136 5.371643697 0.142642716 108.34362 0.035745726 0.15234058 0.00962963 34041.6 1296 13737.6 34560 17539.2 1.542 53.16192
35815 729775 6.079936982 7.770728994 9.128902656 0.014510212 0.181814034 1.564287185 1.473250084 1.29165817 1.744792789 2.074166518 0.005087471 0.002167545 0.018968419 0.003251317 0.085401539 0.003962311 1.930713076 5.453520625 0.138680882 109.22436 0.035511076 0.151995648 0.009524889 34041.6 1296 13737.6 34560 17539.2 1.5905 84.9366
35816 729776 6.048513188 7.771611829 9.191604175 0.014535048 0.175274806 1.572346422 1.465054201 1.284501733 1.763050333 2.120003033 0.005166512 0.002085048 0.018589543 0.003127572 0.085102164 0.003849566 1.902110092 5.536913845 0.134734797 110.11518 0.035265699 0.151659653 0.009409621 30326.4 1296 13737.6 34560 17539.2 1.639 88.52004
35817 729777 6.017764314 7.772514203 9.254312503 0.01455918 0.168768198 1.580296327 1.456747662 1.277451317 1.781165064 2.165963567 0.005246516 0.002002963 0.018216076 0.003004444 0.08480423 0.003737383 1.874199866 5.621885843 0.130808395 111.01734 0.03501064 0.151332657 0.009284634 34041.6 1296 13737.6 34560 17539.2 1.6876 126.71316
35818 729778 5.987695472 7.773436183 9.316977741 0.014582612 0.162300733 1.58813236 1.448332641 1.2705105 1.799121388 2.212018195 0.005327458 0.001921372 0.017848219 0.002882058 0.084507076 0.003625875 1.846983083 5.708499104 0.126905615 111.93084 0.034746947 0.151014725 0.00915074 34041.6 1296 13737.6 34560 17539.2 1.7361 101.13012
35819 729779 5.958311776 7.774377837 9.379549993 0.014605348 0.155878937 1.595849981 1.439811315 1.263682863 1.816903709 2.25813699 0.005409312 0.001840357 0.017486171 0.002760535 0.084210043 0.003515154 1.820460425 5.796816114 0.123030393 112.85568 0.034475667 0.15070592 0.009008746 34041.6 1296 13737.6 34560 17539.2 1.7846 126.53172
35820 729780 5.929618337 7.775339233 9.441979359 0.014627394 0.149509333 1.60344465 1.431185858 1.256971983 1.834496431 2.304290029 0.005492053 0.00176 0.017130132 0.00264 0.08391247 0.003405333 1.794632575 5.886899356 0.119186667 113.79312 0.034197846 0.150406304 0.008859464 34041.6 1296 13737.6 34560 17539.2 1.8331 89.04168
35821 729781 5.90162027 7.776320438 9.504215941 0.014648753 0.143198445 1.610911827 1.422458445 1.25038144 1.85188396 2.350447384 0.005575656 0.001680384 0.016780302 0.002520576 0.083613699 0.003296525 1.769500215 5.978811318 0.115378372 114.7419 0.03391453 0.150115942 0.008703704 34041.6 1296 13737.6 34560 17539.2 1.8814 56.67732
35822 729782 5.874322687 7.77732152 9.566209841 0.01466943 0.136952797 1.618246971 1.413631251 1.243914812 1.8690507 2.396579132 0.005660096 0.001601591 0.016436881 0.002402387 0.08331307 0.003188841 1.745064029 6.072614484 0.111609447 115.7058 0.033626766 0.149834897 0.008542274 34041.6 1296 13737.6 34560 17539.2 1.9295 95.86836
35823 729783 5.847730701 7.778342545 9.627911161 0.014689431 0.130778914 1.625445544 1.404706451 1.23757568 1.885981055 2.442655346 0.005745347 0.001523704 0.016100067 0.002285556 0.083009922 0.003082395 1.7213247 6.168371339 0.107883827 116.6823 0.033335601 0.149563232 0.008375985 34041.6 1296 13737.6 34560 17539.2 1.9775 127.89252
35824 729784 5.821849426 7.779383582 9.689270002 0.014708759 0.124683318 1.632503004 1.39568622 1.231367621 1.902659431 2.488646102 0.005831386 0.001446804 0.015770062 0.002170206 0.082703596 0.002977299 1.698282911 6.266144369 0.10420545 117.67392 0.033042081 0.14930101 0.008205647 42422.4 1296 13737.6 34560 17539.2 2.0252 111.3726052
35825 729785 5.796683974 7.780444698 9.750236467 0.014727419 0.118672534 1.639414812 1.386572734 1.225294215 1.919070232 2.534521473 0.005918186 0.001370974 0.015447065 0.002056461 0.082393431 0.002873664 1.675939344 6.365996059 0.100578253 118.6794 0.032747253 0.149048295 0.00803207 42422.4 1296 13737.6 34560 17539.2 2.0727 139.1418
35826 729786 5.772239458 7.78152596 9.810760657 0.014745417 0.112753086 1.646176427 1.377368167 1.21935904 1.935197863 2.580251536 0.006005722 0.001296296 0.015131275 0.001944444 0.08207877 0.002771605 1.654294682 6.467988893 0.097006173 119.7 0.032452163 0.148805151 0.007856063 34041.6 1296 13737.6 34560 17539.2 2.1198 126.98532
35827 729787 5.748520991 7.782627437 9.870792674 0.014762756 0.106931499 1.65278331 1.368074694 1.213565677 1.951026729 2.625806364 0.00609397 0.001222853 0.014822893 0.00183428 0.08175895 0.002671233 1.633349609 6.572185359 0.093493146 120.74328 0.032157858 0.14857164 0.007678436 20563.2 1296 13737.6 38262.85714 16243.2 2.1666 139.61808
35828 729788 5.725533687 7.783749194 9.930282619 0.014779441 0.101214295 1.65923092 1.35869449 1.207917702 1.966541234 2.671156032 0.006182904 0.001150727 0.014522118 0.001726091 0.081433314 0.00257266 1.613104808 6.678647939 0.090043109 121.8168 0.031865385 0.148347826 0.0075 20563.2 864 16243.2 38262.85714 16243.2 2.2131 87.02316
35829 729789 5.703282659 7.784891301 9.989180595 0.014795477 0.095608 1.665514718 1.34922973 1.202418697 1.981725783 2.716270615 0.006272499 0.00108 0.014229149 0.00162 0.0811012 0.002476 1.59356096 6.787439121 0.08666 122.9193 0.031575789 0.148133773 0.007321564 20563.2 1296 16243.2 38262.85714 16243.2 2.2591 106.9646706
35830 729790 5.681773019 7.786053824 10.0474367 0.014810869 0.090119137 1.671630163 1.33968259 1.197072239 1.99656478 2.761120187 0.00636273 0.001010754 0.013944188 0.001516132 0.08076195 0.002381364 1.574718751 6.898621389 0.083347755 124.05078 0.031290119 0.147929543 0.007143937 15292.8 1296 16243.2 38262.85714 16243.2 2.3046 180.185472
35831 729791 5.66100988 7.787236831 10.10500105 0.01482562 0.08475423 1.677572715 1.330055244 1.191881908 2.011042631 2.805674823 0.006453572 0.000943073 0.013667433 0.001414609 0.080414903 0.002288866 1.556578861 7.012257229 0.080110311 125.20998 0.031009419 0.147735201 0.00696793 20563.2 1296 13737.6 38262.85714 16243.2 2.3497 147.69216
35832 729792 5.640998356 7.788440389 10.16182372 0.014839736 0.079519802 1.683337834 1.320349867 1.186851283 2.02514374 2.849904598 0.006544999 0.000877037 0.013399084 0.001315556 0.080059399 0.002198617 1.539141975 7.128409125 0.076951605 126.3906 0.030734737 0.147550809 0.006794353 20563.2 1296 13737.6 38262.85714 16243.2 2.3943 121.51944
35833 729793 5.621743559 7.789664566 10.21785484 0.014853222 0.07442238 1.688920981 1.310568634 1.181983942 2.038852512 2.893779587 0.006636988 0.00081273 0.013139342 0.001219095 0.07969478 0.002110731 1.522408775 7.247139563 0.073875574 127.6128 0.03046712 0.147376431 0.006624015 20563.2 1296 16243.2 38262.85714 16243.2 2.4382 54.86292
35834 729794 5.603250604 7.790909429 10.27304449 0.014866082 0.069468485 1.694317614 1.300713721 1.177283465 2.052153351 2.937269864 0.006729511 0.000750233 0.012888405 0.00112535 0.079320384 0.002025319 1.506379944 7.368511028 0.070886155 128.8476 0.030207614 0.147212131 0.006457726 26784 1296 16243.2 38262.85714 16243.2 2.4816 138.86964
35835 729795 5.585524601 7.792175047 10.32734279 0.01487832 0.064664642 1.699523194 1.290787302 1.17275343 2.065030663 2.980345503 0.006822545 0.00068963 0.012646473 0.001034444 0.078935553 0.001942494 1.491056165 7.492586006 0.067987284 130.1202 0.029957265 0.147057971 0.006296296 26784 1296 13737.6 38262.85714 16243.2 2.5244 145.76436
35836 729796 5.568570665 7.793461485 10.38069983 0.014889942 0.060017375 1.704533182 1.280791553 1.168397417 2.077468851 3.02297658 0.006916065 0.000631001 0.012413748 0.000946502 0.078539627 0.001862369 1.476438121 7.619426982 0.065182899 131.418 0.02971712 0.146914015 0.006140536 34041.6 1296 13737.6 38262.85714 16243.2 2.5664 128.23272
35837 729797 5.552393909 7.794768813 10.43306571 0.014900951 0.055533209 1.709343036 1.270728648 1.164219005 2.089452321 3.06513317 0.007010044 0.000574431 0.012190427 0.000861646 0.078131945 0.001785055 1.462526494 7.749096441 0.062476936 132.7284 0.029488226 0.146780327 0.005991254 34041.6 2419.2 13737.6 38262.85714 16243.2 2.6078 131.12064
35838 729798 5.536999446 7.796097096 10.48439054 0.014911353 0.051218667 1.713948217 1.260600763 1.160221772 2.100965477 3.106785346 0.007104459 0.00052 0.011976711 0.00078 0.077711848 0.001710667 1.449321969 7.881656868 0.059873333 134.0766 0.029271629 0.14665697 0.00584926 26784 3888 13737.6 38262.85714 16243.2 2.6484 143.1108
35839 729799 5.522392388 7.797446404 10.53462442 0.014921153 0.047080273 1.718344184 1.250410072 1.156409298 2.111992724 3.147903184 0.007199283 0.000467791 0.0117728 0.000701687 0.077278677 0.001639315 1.436825228 8.017170748 0.057376027 135.4374 0.029068376 0.146544006 0.005715366 26784 5788.8 13737.6 38262.85714 16243.2 2.6882 168.08148
35840 729800 5.508577849 7.798816803 10.58371745 0.014930354 0.043124551 1.722526398 1.24015875 1.152785161 2.122518467 3.188456758 0.007294492 0.000417888 0.011578893 0.000626831 0.076831771 0.001571113 1.425036954 8.155700568 0.054988953 136.836 0.028879513 0.146441501 0.005590379 34041.6 5788.8 16243.2 38262.85714 16243.2 2.7272 147.46536
35841 729801 5.495560942 7.80020836 10.63161973 0.014938961 0.039358025 1.726490319 1.229848973 1.149352941 2.13252711 3.228416142 0.007390061 0.00037037 0.01139519 0.000555556 0.07637047 0.001506173 1.413957829 8.297308811 0.052716049 138.2472 0.028706088 0.146349516 0.005475111 34041.6 5788.8 16243.2 38262.85714 16243.2 2.7653 156.58272
35842 729802 5.483346779 7.801621144 10.67828136 0.01494698 0.035787219 1.730231406 1.219482915 1.146116216 2.142003058 3.267751413 0.007485964 0.000325322 0.011221891 0.000487984 0.075894116 0.001444607 1.403588537 8.442057964 0.050561253 139.6836 0.028549145 0.146268116 0.00537037 42422.4 5788.8 16243.2 38262.85714 16243.2 2.8025 82.50984
35843 729803 5.471940474 7.803055222 10.72365245 0.014954414 0.032418658 1.733745119 1.209062752 1.143078566 2.150930716 3.306432643 0.007582177 0.000282826 0.011059197 0.000424239 0.075402048 0.001386529 1.393929761 8.590010512 0.0485285 141.1452 0.028409733 0.146197363 0.005276968 42422.4 2419.2 13737.6 38262.85714 16243.2 2.8388 45.17856
35844 729804 5.461347141 7.80451066 10.76768309 0.014961269 0.029258864 1.737026919 1.198590658 1.140243569 2.159294489 3.344429909 0.007678673 0.000242963 0.010907305 0.000364444 0.074893606 0.001332049 1.384982183 8.741228939 0.046621728 142.632 0.028288898 0.146137322 0.005195713 42422.4 1814.4 13737.6 38262.85714 16243.2 2.8741 146.33136
35845 729805 5.451571891 7.805987528 10.8103234 0.014967549 0.026314363 1.740072265 1.188068809 1.137614805 2.167078781 3.381713284 0.00777543 0.000205816 0.010766417 0.000308724 0.07436813 0.001281282 1.376746487 8.895775731 0.044844874 144.1314 0.028187685 0.146088055 0.005127416 34041.6 1296 13737.6 38262.85714 16243.2 2.9085 102.69504
35846 729806 5.442619837 7.807485891 10.85152346 0.014973258 0.023591678 1.742876617 1.17749938 1.135195852 2.174267996 3.418252843 0.00787242 0.000171468 0.010636732 0.000257202 0.073824962 0.001234339 1.369223355 9.053713374 0.043201875 145.656 0.028107143 0.146049626 0.005072886 34041.6 1296 13737.6 38262.85714 16243.2 2.9417 141.70464
35847 729807 5.434496094 7.809005819 10.89123339 0.014978401 0.021097333 1.745435436 1.166884545 1.13299029 2.18084654 3.454018662 0.007969619 0.00014 0.01051845 0.00021 0.07326344 0.001191333 1.362413471 9.215104353 0.041696667 147.2058 0.028048317 0.146022098 0.005032934 34041.6 1296 11318.4 38262.85714 16243.2 2.9739 175.40712
35848 729808 5.427205774 7.810547377 10.92940328 0.014982984 0.018837853 1.74774418 1.15622648 1.131001697 2.186798818 3.488980813 0.008067002 0.000111495 0.01041177 0.000167243 0.072682906 0.001152377 1.356317517 9.380011152 0.040333187 148.7682 0.028012254 0.146005535 0.005008368 34041.6 1296 13737.6 38262.85714 16243.2 3.005 136.9872
35849 729809 5.420753989 7.812110635 10.96598324 0.01498701 0.01681976 1.749798311 1.145527359 1.129233653 2.192109233 3.523109374 0.008164543 8.60E-05 0.010316893 0.000129053 0.072082699 0.001117582 1.350936176 9.548496258 0.039115373 150.3558 0.028 0.146 0.005 34041.6 1296 13737.6 38262.85714 16243.2 3.0349 15.21729391
35850 729810 5.415145854 7.813695658 11.00092336 0.014990484 0.01504958 1.751593287 1.134789358 1.127689736 2.196762191 3.556374417 0.008262218 6.37E-05 0.010234018 9.56E-05 7.15E-02 0.001087062 1.346270132 9.720622155 0.03804716 151.956 0.028015665 0.146182914 0.005233236 34041.6 1296 13737.6 38262.85714 16243.2 3.0636 56.45052
35851 729811 5.410386481 7.815302515 11.03417376 0.014993411 0.013533836 1.75312457 1.124014652 1.126373525 2.200742097 3.588746018 0.008360002 4.46E-05 0.010163345 6.69E-05 7.08E-02 0.001060928 1.34E+00 9.896451329 0.037132487 153.5814 0.028060979 0.146697351 0.005886297 34041.6 1296 13737.6 38262.85714 16243.2 3.091 139.50468
35852 729812 5.406480982 7.816931273 11.06568452 0.014995795 0.012279053 1.754387618 1.113205416 1.1252886 2.204033355 3.620194251 0.008457869 2.88E-05 0.010105073 4.31E-05 7.02E-02 0.001039294 1.34E+00 10.07604626 0.03637529 155.2194 0.028133423 0.147491858 0.006889213 34041.6 1296 13737.6 38262.85714 16243.2 3.1172 71.07912
35853 729813 5.403434472 7.818582 11.09540576 0.014997642 0.011291753 1.755377892 1.102363824 1.124438539 2.206620369 3.650689191 0.008555794 1.63E-05 0.010059403 2.44E-05 6.95E-02 0.001022272 1.34E+00 10.25946945 0.035779506 156.8826 0.028230476 0.14851498 0.008172012 34041.6 1296 13737.6 38262.85714 16243.2 3.1421 4.78548
35854 729814 5.401252063 7.820254763 11.12328757 0.014998955 0.010578462 1.756090851 1.091492052 1.123826922 2.208487545 3.680200913 0.008653752 7.30E-06 0.010026535 1.09E-05 6.88E-02 0.001009973 1.33E+00 10.44678336 0.035349072 158.5584 0.028349616 0.149715263 0.009664723 34041.6 1296 13737.6 38262.85714 16243.2 3.1657 158.94144
35855 729815 5.399938868 7.821949629 11.14928006 0.01499974 0.010145703 1.756521956 1.080592274 1.123457327 2.209619287 3.708699491 0.008751718 1.84E-06 0.010006667 2.76E-06 6.80E-02 0.001002512 1.33E+00 10.6380505 0.035087924 160.2468 0.028488325 0.151041251 0.011297376 34041.6 1296 11318.4 34560 16243.2 3.1879 170.25876
35856 729816 5.3995 7.823666667 11.17333333 0.015 0.01 1.756666667 1.069666667 1.123333333 2.21 3.736155 0.008849667 0 0.01 0 6.73E-02 0.001 1.33E+00 10.83333333 0.035 161.9604 0.028644082 0.152441489 0.013 42422.4 1814.4 13737.6 34560 16243.2 3.2086 101.92392
35857 729817 5.402351947 7.825995794 11.19652245 0.015 0.010001761 1.756249462 1.058012251 1.124846803 2.209952983 3.763499693 0.008954976 3.20E-05 0.010072578 0 0.066467254 0.001002469 1.359358601 11.08639589 0.035086404 163.674 0.028814366 0.153864525 0.014702624 42422.4 1296 11318.4 34560 16243.2 3.2288 152.88588
35858 729818 5.410778315 7.829483952 11.21992068 0.015 0.01000703 1.755030251 1.044981262 1.12926966 2.209813622 3.791623223 0.009074358 0.000125637 0.010285294 0 6.56E-02 0.001009824 1.435413022 11.44641143 0.035343856 165.4128 0.028996657 0.155258901 0.016335277 42422.4 1814.4 11318.4 34560 16243.2 3.2493 196.36344
35859 729819 5.424584894 7.834066746 11.24347541 0.015 0.010015783 1.75305764 1.030658697 1.136425578 2.209584452 3.820431767 0.009206789 0.000277085 0.010630624 0 0.064632933 0.001021992 1.558464529 11.90655629 0.035769711 167.1642 0.029188434 0.156573165 0.017827988 53308.8 2419.2 11318.4 34560 16243.2 3.2699 153.40752
35860 729820 5.443577477 7.839679778 11.26713401 0.015 0.010027998 1.750380237 1.015129551 1.146138231 2.209268008 3.8498315 0.009351249 0.000482643 0.01110104 0 0.06361644 0.001038895 1.72548105 12.4600068 0.036361327 168.9408 0.029387177 0.157755862 0.019110787 61862.4 1814.4 13737.6 34560 16243.2 3.2907 220.97124
35861 729821 5.467561853 7.846258651 11.29084388 0.015 0.010043653 1.747046647 0.99847882 1.158231293 2.208866824 3.879728599 0.009506714 0.000738581 0.011689018 0 0.062540449 0.001060459 1.933430515 13.09993929 0.037116062 170.7174 0.029590366 0.158755536 0.020113703 61862.4 1296 13737.6 34560 16243.2 3.3116 191.624832
35862 729822 5.496343813 7.853738969 11.31455239 0.015 0.010062724 1.743105477 0.980791501 1.172528435 2.208383436 3.91002924 0.009672162 0.001041166 0.012387032 0 0.061410001 0.001086608 2.179280855 13.81953011 0.038031273 172.5066 0.029795481 0.159520734 0.020766764 41385.6 1296 11318.4 34560 16243.2 3.3326 158.28372
35863 729823 5.529729149 7.862056335 11.33820694 0.015 0.010085189 1.738605333 0.962152588 1.188853333 2.207820377 3.940639598 0.00984657 0.001386667 0.013187556 0 0.060230136 0.001117266 2.46 14.61195559 0.039104317 174.321 0.03 0.16 0.021 41385.6 1296 11318.4 34560 16243.2 3.3535 51.50628
35864 729824 5.567523652 7.871146352 11.36175489 0.015 0.010111025 1.733594822 0.942647079 1.20702966 2.207180184 3.97146585 0.010028916 0.001771351 0.014083063 0 0.059005898 0.001152359 2.772555879 15.47039207 0.04033255 176.1354 0.030220573 0.160307649 0.020989711 33264 1296 11318.4 34560 16243.2 3.3744 60.7824
35865 729825 5.609533111 7.880944624 11.38514365 0.015 0.01014021 1.72812255 0.92235997 1.226881088 2.20646539 4.002414173 0.010218177 0.002191487 0.015066029 0 0.057742326 0.001191809 3.113916424 16.38801588 0.041713331 177.9624 0.030474417 0.160593128 0.020959491 25920 1296 11318.4 34560 16243.2 3.3953 123.56064
35866 729826 5.655563319 7.891386753 11.40832058 0.015 0.010172721 1.722237123 0.901376255 1.248231293 2.20567853 4.033390741 0.010413331 0.002643343 0.016128928 0 0.056444464 0.001235543 3.481049563 17.35800336 0.043244017 179.8146 0.030759865 0.160857682 0.02091031 25920 1296 11318.4 34560 16243.2 3.4159 167.35572
35867 729827 5.705420066 7.902408344 11.43123308 0.015 0.010208535 1.715987149 0.879780931 1.270903946 2.20482214 4.064301732 0.010613356 0.003123188 0.017264233 0 0.055117353 0.001283485 3.870923226 18.37353085 0.044921964 181.6668 0.031075251 0.161102557 0.020843138 25920 1296 11318.4 34560 16243.2 3.4364 148.2680348
35868 729828 5.758909142 7.913944999 11.45382853 0.015 0.010247629 1.709421232 0.857658994 1.294722721 2.203898754 4.095053321 0.010817228 0.003627289 0.01846442 0 0.053766033 0.001335558 4.280505345 19.42777468 0.046744531 183.519 0.031418907 0.161328998 0.020758946 25920 1296 11318.4 34560 16243.2 3.4566 203.71176
35869 729829 5.815836339 7.925932322 11.47605431 0.015 0.010289981 1.702587981 0.835095441 1.319511293 2.202910906 4.125551684 0.011023927 0.004151914 0.019721962 0 0.052395548 0.001391688 4.706763848 20.51391119 0.048709074 185.3964 0.031789166 0.161538251 0.020658704 25920 1296 11318.4 34560 16243.2 3.4766 120.56688
35870 729830 5.876007448 7.938305915 11.4978578 0.015 0.010335568 1.695536 0.812175266 1.345093333 2.201861132 4.155702998 0.011232428 0.004693333 0.021029333 0 0.051010938 0.001451799 5.146666667 21.62511671 0.05081295 187.2738 0.032184363 0.16173156 0.020543381 25920 1296 11318.4 34560 16243.2 3.4962 161.05068
35871 729831 5.93922826 7.951001383 11.5191864 0.015 0.010384367 1.688313897 0.788983466 1.371292517 2.200751967 4.185413438 0.011441709 0.005247813 0.022379009 0 0.049617245 0.001515815 5.59718173 22.75456758 0.053053516 189.1638 0.032602829 0.161910171 0.020413948 25920 1296 11318.4 34560 16243.2 3.5154 134.946
35872 729832 6.005304565 7.963954328 11.53998748 0.015 0.010436356 1.680970278 0.765605037 1.397932517 2.199585944 4.214589181 0.011650749 0.005811623 0.023763462 0 0.04821951 0.001583661 6.055276968 23.89544014 0.055428131 191.0664 0.033042898 0.16207533 0.020271375 25920 1296 11318.4 34560 16243.2 3.5341 263.90448
35873 729833 6.074042154 7.977100353 11.56020842 0.015 0.010491512 1.673553749 0.742124975 1.424837007 2.1983656 4.243136403 0.011858525 0.00638103 0.025175168 0 0.046822775 0.001655261 6.517920311 25.04091073 0.057934151 192.969 0.033502904 0.162228282 0.020116632 25920 1296 11318.4 34560 16243.2 3.5524 254.28816
35874 729834 6.145246819 7.990375063 11.57979662 0.015 0.010549812 1.666112917 0.718628276 1.45182966 2.197093468 4.270961279 0.012064014 0.006952303 0.026606601 0 0.045432083 0.001730541 6.982079689 26.18415567 0.060568933 194.8842 0.033981179 0.162370271 0.01995069 22636.8 1296 11318.4 34560 16243.2 3.5701 134.31744
35875 729835 6.218724349 8.00371406 11.59869944 0.015 0.010611234 1.658696389 0.695199936 1.47873415 2.195772084 4.297969987 0.012266193 0.00752171 0.028050234 0 0.044052473 0.001809424 7.444723032 27.31835131 0.063329834 196.812 0.034476056 0.162502545 0.019774518 22636.8 1296 11318.4 34560 16243.2 3.5872 25.03872
35876 729836 6.294280537 8.017052947 11.61686429 0.015 0.010675754 1.65135277 0.671924951 1.50537415 2.194403983 4.324068701 0.012464041 0.00808552 0.029498542 0 0.042688989 0.001891835 7.90281827 28.43667399 0.066214212 198.7398 0.034985869 0.162626346 0.019589087 22636.8 1296 11318.4 34560 16243.2 3.6036 344.41344
35877 729837 6.371721173 8.030327328 11.63423854 0.015 0.010743351 1.644130667 0.648888316 1.531573333 2.192991698 4.349163599 0.012656534 0.00864 0.030944 0 0.041346671 0.001977698 8.353333333 29.53230003 0.069219424 200.6676 0.03550895 0.162742922 0.019395367 22636.8 1296 11318.4 34560 16243.2 3.6194 242.76672
35878 729838 6.450852047 8.043472806 11.65076957 0.015 0.010814002 1.637078686 0.626175028 1.557155374 2.191537766 4.373160855 0.012842651 0.009181419 0.032379081 0 0.040030561 0.002066938 8.793236152 30.59840578 0.072342828 202.608 0.036043634 0.162853518 0.019194328 22636.8 1296 11318.4 34560 16243.2 3.6344 232.509312
35879 729839 6.531478951 8.056424984 11.66640477 0.015 0.010887683 1.630245434 0.603870083 1.581943946 2.19004472 4.395966647 0.013021368 0.009706045 0.03379626 0 0.038745701 0.002159479 9.219494655 31.62816756 0.075581779 204.5484 0.036588252 0.162959378 0.01898694 22636.8 1296 11318.4 34560 16243.2 3.6486 248.84496
35880 729840 6.613407676 8.069119466 11.68109152 0.015 0.010964372 1.623679518 0.582058476 1.605762721 2.188515095 4.417487151 0.013191664 0.010210146 0.035188012 0 0.037497133 0.002255247 9.629076774 32.61476173 0.078933637 206.5014 0.037141139 0.163061748 0.018774174 19526.4 1296 11318.4 34560 16243.2 3.662 256.2327235
35881 729841 6.696444012 8.081491855 11.69477721 0.015 0.011044047 1.617429543 0.560825204 1.628435374 2.186951427 4.437628541 0.013352516 0.01068999 0.036546809 0 0.036289897 0.002354164 10.01895044 33.55136461 0.082395757 208.4544 0.037700627 0.163161874 0.018556999 19526.4 1296 11318.4 34560 16243.2 3.6744 139.00572
35882 729842 6.78039375 8.093477753 11.70740922 0.015 0.011126684 1.611544117 0.540255262 1.649785578 2.185356251 4.456296996 0.013502901 0.011141846 0.037865127 0 0.035129036 0.002456157 10.38608358 34.43115254 0.085965497 210.4074 0.038265049 0.163261 0.018336386 19526.4 1296 11318.4 34560 16243.2 3.6859 71.73684
35883 729843 6.865062682 8.105012765 11.71893493 0.015 0.011212262 1.606071845 0.520433647 1.669637007 2.1837321 4.47339869 0.013641798 0.011561983 0.03913544 0 0.03401959 0.002561149 10.72744412 35.24730186 0.089640214 212.373 0.038832739 0.163360373 0.018113305 19526.4 1296 8899.2 34560 16243.2 3.6965 20.93364
35884 729844 6.950256598 8.116032494 11.72930173 0.015 0.011300757 1.601061333 0.501445355 1.687813333 2.182081509 4.4888398 0.013768182 0.011946667 0.040350222 0 0.032966603 0.002669065 11.04 35.9929889 0.093417266 214.326 0.039402029 0.163461237 0.017888726 19526.4 1296 11318.4 34560 16243.2 3.7059 32.68286609
35885 729845 7.035781289 8.126472542 11.738457 0.015 0.011392146 1.59656119 0.483375381 1.704138231 2.180407015 4.502526501 0.013881033 0.012292167 0.041501948 0 0.031975115 0.002779829 11.32071914 36.66139 0.09729401 216.2916 0.039971253 0.163564838 0.017663619 19526.4 1296 8899.2 34560 16243.2 3.7143 94.902192
35886 729846 7.121442546 8.136268514 11.74634813 0.015 0.011486408 1.592620019 0.466308722 1.718435374 2.17871115 4.514364971 0.013979328 0.012594752 0.04258309 0 0.031050168 0.002893366 11.56656948 37.24568149 0.101267802 218.2572 0.040538744 0.16367242 0.017438955 19526.4 1296 8899.2 34560 16243.2 3.7215 206.97768
35887 729847 7.207046159 8.145356012 11.75292249 0.015 0.011583518 1.58928643 0.450330373 1.730528435 2.176996451 4.524261384 0.014062043 0.01285069 0.043586125 0 0.030196803 0.0030096 11.77451895 37.73903972 0.105336001 220.2228 0.041102836 0.163785231 0.017215703 19526.4 1296 6566.4 34560 16243.2 3.7275 164.29392
35888 729848 7.292397921 8.15367064 11.75812748 0.015 0.011683456 1.586609026 0.43552533 1.740241088 2.175265451 4.532121918 0.014128157 0.013056249 0.044503526 0 0.029420062 0.003128456 11.94153547 38.13464101 0.109495962 222.1884 0.04166186 0.163904514 0.016994834 25920 1296 6566.4 34560 16243.2 3.7323 66.06684
35889 729849 7.377303621 8.161148 11.76191047 0.015 0.011786197 1.584636416 0.42197859 1.747397007 2.173520687 4.537852747 0.014176647 0.013207697 0.045327767 0 0.028724987 0.003249858 12.06458698 38.42566171 0.113745045 224.154 0.042214151 0.164031515 0.016777317 33264 1296 6566.4 34560 16243.2 3.7358 126.3517277
35890 729850 7.46156905 8.167723697 11.76421885 0.015 0.011891719 1.583417205 0.409775148 1.751819864 2.171764691 4.54136005 0.014206491 0.013301302 0.046051322 0 0.028116619 0.003373732 12.1406414 38.60527815 0.118080605 226.1196 0.042758042 0.16416748 0.016564124 50457.6 1296 6566.4 34560 16243.2 3.7379 180.71424
35891 729851 7.545 8.173333333 11.765 0.015 0.012 1.583 0.399 1.753333333 2.17 4.54255 0.014216667 0.013333333 0.046666667 0 0.0276 0.0035 12.16666667 38.66666667 0.1225 228.0852 0.043291865 0.164313654 0.016356224 70156.8 1814.4 11318.4 34560 16243.2 3.7386 120.06792
35892 729852 7.630388824 8.178294395 11.76181291 0.015 0.012217187 1.583069668 0.388961082 1.752284315 2.168003083 4.533756983 0.014190834 0.013331331 0.047204798 0.001179396 0.027132493 0.003669911 12.1418309 38.57938192 0.128446878 230.0508 0.043813953 0.164471282 0.016154588 70156.8 1814.4 11318.4 34560 16243.2 3.73 73.80072
35893 729853 7.720522539 8.182978614 11.75249916 0.015 0.012640967 1.583273259 0.378921283 1.749218737 2.165568449 4.508060885 0.014115342 0.013325481 0.047703557 0.004629731 0.026668498 0.003921321 12.06920505 38.32430709 0.137246248 232.0038 0.044322641 0.164641609 0.015960185 70156.8 1814.4 13737.6 34560 16243.2 3.7049 210.924
35894 729854 7.815198933 8.187402963 11.73743009 0.015 0.013258632 1.583602659 0.368898029 1.744258814 2.162725686 4.466486135 0.0139932 0.013316016 0.048165682 0.010219227 0.026208615 0.004249072 11.95161127 37.91161127 0.148717507 233.9694 0.044816261 0.164825881 0.015773985 70156.8 1814.4 13737.6 34560 16243.2 3.6644 154.2162791
35895 729855 7.914215792 8.191584415 11.71697699 0.015 0.014057469 1.584049749 0.358908745 1.737526764 2.159504385 4.410057163 0.013827418 0.013303168 0.048593913 0.017816106 0.025753444 0.004648002 11.79187172 37.35146356 0.162680054 235.9224 0.045293146 0.165025343 0.01559696 61084.8 1814.4 13737.6 34560 16243.2 3.6092 83.28096
35896 729856 8.017370902 8.195539941 11.69151118 0.015 0.015024768 1.584606414 0.348970858 1.729144801 2.155934136 4.339798397 0.013621006 0.013287172 0.048990988 0.02728859 0.025303584 0.005112951 11.59280855 36.65403304 0.178953286 237.8754 0.045751629 0.165241241 0.015430078 61084.8 1814.4 13737.6 34560 16243.2 3.5406 52.30008
35897 729857 8.124462051 8.199286513 11.66140397 0.015 0.016147819 1.585264536 0.339101794 1.719235141 2.152044531 4.256734266 0.013376973 0.01326826 0.049359645 0.038504901 0.024859634 0.00563876 11.35724393 35.82948882 0.197356603 239.8158 0.046190044 0.165474819 0.015274311 61084.8 1814.4 16243.2 34560 16243.2 3.4594 97.02504
35898 729858 8.235287025 8.202841106 11.62702667 0.015 0.01741391 1.586016 0.329318978 1.70792 2.147865157 4.1618892 0.013098329 0.013246667 0.049702625 0.051333261 0.024422193 0.006220269 11.088 34.888 0.2177094 241.7688 0.046606723 0.165727324 0.015130628 50457.6 1814.4 18748.8 34560 16243.2 3.3667 188.33472
35899 729859 8.34964361 8.206220689 11.58875059 0.015 0.018810331 1.586852688 0.319639837 1.695321594 2.143425607 4.056287628 0.012788083 0.013222624 0.050022664 0.065641892 0.023991861 0.006852317 10.78789893 33.83973567 0.239831078 243.7092 0.047 0.166 0.015 50457.6 1814.4 18748.8 34560 16243.2 3.2635 298.26468
35900 729860 8.467329595 8.209442237 11.54694706 0.015 0.020324371 1.587766484 0.310081797 1.681562138 2.138755469 3.940953979 0.012449246 0.013196365 0.050322503 0.081299015 0.023569237 0.007529744 10.45976288 32.69486492 0.263541034 245.637 0.047385484 0.166345024 0.014878818 50457.6 2419.2 13737.6 34560 16243.2 3.1506 293.11632
35901 729861 8.588142764 8.212522722 11.50198737 0.015 0.021943319 1.588749271 0.300662284 1.666763848 2.133884335 3.816912682 0.012084827 0.013168124 0.05060488 0.098172852 0.023154921 0.00824739 10.10641399 31.46355685 0.288658665 247.5648 0.047779292 0.166809425 0.014762632 70156.8 3110.4 28425.6 34560 16243.2 3.0292 151.79724
35902 729862 8.711880906 8.215479115 11.45424284 0.015 0.023654465 1.589792933 0.291398723 1.651048941 2.128841795 3.685188167 0.011697835 0.013138134 0.050872533 0.116131626 0.022749512 0.009000096 9.730674441 30.15598056 0.31500337 249.4926 0.048180522 0.167386727 0.014651149 70156.8 2419.2 21513.6 34560 16243.2 2.9002 142.9129532
35903 729863 8.838341806 8.218328389 11.40408478 0.015 0.025445098 1.590889353 0.282308541 1.634539631 2.123657438 3.546804862 0.011291281 0.013106628 0.051128202 0.135043558 0.022353608 0.009782701 9.335366375 28.78230515 0.342394547 251.4078 0.04858827 0.168070454 0.014544075 61084.8 3110.4 16243.2 34560 16243.2 2.7646 230.9958
35904 729864 8.967323251 8.221087517 11.35188451 0.015 0.027302507 1.592030414 0.273409164 1.617358134 2.118360854 3.402787197 0.010868174 0.013073839 0.051374625 0.15477687 0.02196781 0.010590046 8.923311953 27.35269971 0.370651594 253.3104 0.049001632 0.16885413 0.014441116 61084.8 2419.2 16243.2 34560 16243.2 2.6234 253.35828
35905 729865 9.098623029 8.22377347 11.29801333 0.015 0.029213982 1.593208 0.264718017 1.599626667 2.112981635 3.2541596 0.010431523 0.01304 0.05161454 0.175199783 0.021592717 0.011416969 8.497333333 25.87733333 0.399593909 255.213 0.049419705 0.169731278 0.014341979 61084.8 2419.2 13564.8 34560 16243.2 2.4776 277.35372
35906 729866 9.232038925 8.226403222 11.24284257 0.015 0.031166811 1.594413994 0.256252527 1.581467444 2.10754937 3.101946501 0.009984338 0.013005345 0.051850688 0.196180521 0.021228928 0.012258311 8.060252672 24.36637512 0.42904089 257.103 0.049841585 0.170695422 0.014246371 61084.8 1814.4 13564.8 34560 16243.2 2.3282 267.69204
35907 729867 9.367368727 8.228993745 11.18674352 0.015 0.033148284 1.59564028 0.24803012 1.563002682 2.102093649 2.94717233 0.009529629 0.012970107 0.052085806 0.217587305 0.020877043 0.013108912 7.614892128 22.82999417 0.458811935 258.993 0.050266369 0.171740087 0.014153998 61084.8 1814.4 13564.8 34560 16243.2 2.1762 144.31284
35908 729868 9.504410221 8.23156201 11.1300875 0.015 0.03514569 1.596878741 0.240068221 1.544354597 2.096644063 2.790861515 0.009070406 0.012934519 0.052322634 0.239288356 0.02053766 0.013963613 7.164073858 21.27835957 0.488726442 260.8704 0.050693153 0.172858797 0.014064567 45792 3110.4 11145.6 34560 16243.2 2.0225 134.1522
35909 729869 9.642961194 8.234124991 11.07324583 0.015 0.037146319 1.598121259 0.232384257 1.525645403 2.091230202 2.634038485 0.008609678 0.012898814 0.052563909 0.261151897 0.02021138 0.014817252 6.710620019 19.72164043 0.518603809 262.7352 0.051121034 0.174045074 0.013977785 41385.6 2419.2 11145.6 34560 16243.2 1.8681 189.55944
35910 729870 9.782819432 8.23669966 11.01658982 0.015 0.03913746 1.59935972 0.224995654 1.506997318 2.085881655 2.47772767 0.008150454 0.012863226 0.052812371 0.283046149 0.019898801 0.01566467 6.25735277 18.17000583 0.548263434 264.5874 0.051549109 0.175292444 0.013893357 41385.6 1814.4 11145.6 34560 16243.2 1.7141 174.7503861
35911 729871 9.923782723 8.239302988 10.96049077 0.015 0.041106401 1.600586006 0.217919838 1.488532556 2.080628014 2.322953499 0.007695745 0.012827988 0.053070759 0.304839335 0.019600523 0.016500706 5.807094266 16.63362488 0.577524715 266.427 0.051976473 0.17659443 0.01381099 41385.6 1814.4 11145.6 34560 16243.2 1.5615 225.46188
35912 729872 10.06564885 8.241951949 10.90532 0.015 0.043040432 1.601792 0.211174234 1.470373333 2.075498868 2.1707404 0.007248561 0.012793333 0.053341811 0.326399675 0.019317145 0.017320201 5.362666667 15.12266667 0.60620705 268.254 0.052402224 0.177944556 0.013730392 41385.6 1814.4 13564.8 34560 16243.2 1.4111 297.24408
35913 729873 10.20821561 8.244663515 10.85144882 0.015 0.044926843 1.602969586 0.204776268 1.452641866 2.070523807 2.022112803 0.00681191 0.012759495 0.053628266 0.347595393 0.019049266 0.018117995 4.926892128 13.64730029 0.634129838 270.081 0.052825458 0.179336346 0.013651268 41385.6 1814.4 21513.6 34560 16243.2 1.2641 103.96512
35914 729874 10.35128078 8.247454658 10.79924855 0.015 0.046752923 1.604110647 0.198743368 1.435460369 2.065732422 1.878095138 0.006388802 0.012726706 0.053932863 0.36829471 0.018797487 0.018888928 4.502592809 12.21769485 0.661112476 271.8954 0.053245272 0.180763323 0.013573325 80179.2 2505.6 18921.6 34560 16243.2 1.1214 328.0350809
35915 729875 10.49464214 8.250342351 10.7490905 0.015 0.048505961 1.605207067 0.193092958 1.418951059 2.061154303 1.739711833 0.005982248 0.012695199 0.05425834 0.388365847 0.018562405 0.019627839 4.092590865 10.84401944 0.686974362 273.6846 0.053660761 0.182219013 0.01349627 61084.8 1382.4 16243.2 34560 16243.2 0.98392 278.3907268
35916 729876 10.6380975 8.253343565 10.70134597 0.015 0.050173246 1.606250729 0.187842465 1.403236152 2.05681904 1.607987318 0.005595256 0.012665209 0.054607437 0.407677028 0.018344621 0.020329568 3.699708455 9.536443149 0.711534895 275.4738 0.054071023 0.183696938 0.013419809 61084.8 950.4 16243.2 34560 22291.2 0.85278 209.26836
35917 729877 10.78144462 8.256475274 10.65638628 0.015 0.051742068 1.607233516 0.183009314 1.388437862 2.052756223 1.483946021 0.005230837 0.012636968 0.054982892 0.426096473 0.018144734 0.020988956 3.326767736 8.305135083 0.734613471 277.2378 0.054475154 0.185190622 0.013343648 50457.6 950.4 16243.2 34560 22291.2 0.72891 345.16692
35918 729878 10.92448131 8.259754449 10.61458274 0.015 0.053199715 1.608147312 0.178610932 1.374678406 2.048995443 1.368612372 0.004892 0.012610709 0.055387444 0.443492405 0.017963344 0.021600843 2.976590865 7.160264334 0.756029491 278.9892 0.05487225 0.18669359 0.013267495 50457.6 950.4 16243.2 34560 22291.2 0.61331 338.29488
35919 729879 11.06700534 8.263198063 10.57630667 0.015 0.054533477 1.608984 0.174664745 1.36208 2.045566289 1.2630108 0.004581755 0.012586667 0.055823832 0.459733045 0.017801048 0.022160067 2.652 6.112 0.77560235 280.7406 0.055261409 0.188199366 0.013191055 50457.6 950.4 16243.2 34560 22291.2 0.50696 343.30716
35920 729880 11.20881451 8.266823089 10.54192937 0.015 0.055730644 1.609735464 0.171188178 1.350764859 2.042498352 1.168165734 0.004303111 0.012565073 0.056294794 0.474686615 0.017658448 0.02266147 2.355817298 5.170511176 0.793151448 282.4668 0.055641726 0.189701472 0.013114036 41385.6 950.4 16243.2 34560 22291.2 0.41087 333.4481157
35921 729881 11.34970659 8.270646498 10.51182216 0.015 0.056778504 1.610393586 0.168198658 1.340855199 2.039821222 1.085101603 0.004059078 0.012546161 0.056803069 0.488221338 0.017536142 0.023099891 2.090864917 4.345966958 0.808496183 284.1678 0.056012298 0.191193434 0.013036144 41385.6 950.4 16243.2 34560 22291.2 0.32602 298.33272
35922 729882 11.48947938 8.274685264 10.48635635 0.015 0.057664348 1.610950251 0.16571361 1.332473236 2.037564489 1.014842837 0.003852666 0.012530165 0.057351396 0.500205434 0.017434729 0.02347017 1.859965015 3.648536443 0.821455952 285.8688 0.056372222 0.192668775 0.012957085 41385.6 950.4 18921.6 34560 22291.2 0.25339 296.06472
35923 729883 11.62793066 8.278956357 10.46590325 0.015 0.058375463 1.611397341 0.163750461 1.325741186 2.035757744 0.958413865 0.003686884 0.012517318 0.057942514 0.510507127 0.017354809 0.023767147 1.665939747 3.088388727 0.831850153 287.5446 0.056720593 0.194121019 0.012876566 41385.6 950.4 18921.6 34560 22291.2 0.19398 207.77148
35924 729884 11.76485822 8.283476752 10.45083417 0.015 0.058899139 1.611726741 0.162326637 1.320781263 2.034430576 0.916839115 0.003564742 0.012507852 0.058579162 0.518994638 0.017296981 0.023985662 1.511611273 2.675692906 0.839498185 289.2078 0.05705651 0.19554369 0.012794294 33264 950.4 18921.6 34560 22291.2 0.14879 297.26676
35925 729885 11.90005985 8.28826342 10.44152043 0.015 0.059222666 1.611930332 0.161459564 1.317715685 2.033612576 0.891143017 0.00348925 0.012502002 0.059264077 0.525536188 0.017261845 0.024120556 1.399801749 2.420618076 0.844219446 290.8458 0.057379067 0.196930312 0.012709974 33264 950.4 16243.2 34560 22291.2 0.1188 302.82336
35926 729886 12.03333333 8.293333333 10.43833333 0.015 0.059333333 1.612 0.161166667 1.316666667 2.033333333 0.88235 0.003463417 0.0125 0.06 0.53 0.01725 0.024166667 1.333333333 2.333333333 0.845833333 292.4712 0.057687363 0.198274408 0.012623314 33264 950.4 16243.2 34560 22291.2 0.105 236.0988
35927 729887 12.16771097 8.299242895 10.44780886 0.015 0.059149052 1.61165426 0.162076865 1.31828531 2.033582362 0.883346301 0.003468306 0.012577118 0.061691053 0.533349276 0.017345942 0.02408511 1.290992468 2.336446186 0.842978848 294.084 0.057980492 0.199569503 0.012534021 33264 950.4 18921.6 34560 22291.2 0.09975 177.40296
35928 729888 12.30606436 8.306460554 10.47531098 0.015 0.058614189 1.610638468 0.164718659 1.322986173 2.034305151 0.886241934 0.003482497 0.012806085 0.065155232 0.536632278 0.017628028 0.023848397 1.249708455 2.34548105 0.834693878 295.6716 0.058257552 0.200809121 0.0124418 33264 950.4 18921.6 34560 22291.2 0.094741 91.42259745
35929 729889 12.44795026 8.314871356 10.51945305 0.015 0.057755709 1.608984765 0.16895885 1.330536659 2.035465258 0.890896995 0.003505274 0.013183324 0.070266084 0.539844815 0.018087651 0.023468461 1.209517736 2.359982386 0.821396152 297.234 0.05851764 0.201986785 0.012346358 50457.6 950.4 18921.6 34560 22291.2 0.089965 290.37204
35930 729890 12.59292543 8.324360344 10.5788484 0.015 0.056600583 1.606725291 0.174664237 1.34070417 2.037026239 0.897171578 0.003535922 0.013705253 0.076897158 0.542982697 0.018716204 0.02295724 1.170456754 2.379494655 0.803503401 298.7838 0.058759851 0.20309602 0.012247402 41385.6 950.4 18921.6 34560 22291.2 0.085415 278.78256
35931 729891 12.74054662 8.334812562 10.65211036 0.015 0.055175777 1.603892188 0.181701622 1.353256108 2.038951652 0.904925781 0.003573725 0.014368296 0.084922001 0.546041732 0.019505077 0.022326667 1.132561953 2.403562318 0.781433355 300.321 0.058983282 0.204130349 0.012144638 33264 950.4 21513.6 34560 22291.2 0.081084 229.9752
35932 729892 12.89037058 8.346113055 10.73785228 0.015 0.05350826 1.600517596 0.189937804 1.367959875 2.041205053 0.914019697 0.003617968 0.015168871 0.094214161 0.549017731 0.020445665 0.021588678 1.095869776 2.431729835 0.755603741 301.8204 0.05918703 0.205083296 0.012037773 33264 1382.4 21513.6 34560 22291.2 0.076964 288.2579745
35933 729893 13.04195407 8.358146867 10.8346875 0.015 0.051625 1.596633657 0.199239583 1.384582874 2.04375 0.924313422 0.003667935 0.0161034 0.104647185 0.551906504 0.021529358 0.020755208 1.060416667 2.463541667 0.726432292 303.3072 0.059370192 0.205948386 0.011926514 41385.6 1382.4 21513.6 34560 22291.2 0.073049 92.99765106
35934 729894 13.19485383 8.370799041 10.94122935 0.015 0.049552964 1.592272512 0.209473761 1.402892507 2.046550049 0.935667053 0.00372291 0.017168305 0.116094621 0.554703859 0.022747549 0.019838192 1.026239067 2.498542274 0.694336735 304.7688 0.059531863 0.206719141 0.011810567 41385.6 1382.4 24105.6 34560 22291.2 0.06933 101.8332
35935 729895 13.34862662 8.383954622 11.05609117 0.015 0.047319121 1.5874663 0.220507137 1.422656176 2.049568756 0.947940684 0.003782179 0.018360006 0.128430017 0.557405606 0.024091631 0.018849566 0.993373421 2.536276118 0.6597348 306.2178 0.05967114 0.207389087 0.011689638 41385.6 950.4 21513.6 34560 22291.2 0.0658 340.3134
35936 729896 13.50282919 8.397498655 11.1778863 0.015 0.044950437 1.582247165 0.232206511 1.443641282 2.052769679 0.96099441 0.003845025 0.019674923 0.141526921 0.560007555 0.025552995 0.017801263 0.961856171 2.576287658 0.623044218 307.6416 0.05978712 0.207951746 0.011563434 33264 950.4 18921.6 34560 22291.2 0.062453 343.53396
35937 729897 13.6570183 8.411316183 11.30522807 0.015 0.042473882 1.576647246 0.244438684 1.465615229 2.056116375 0.974688328 0.003910733 0.021109478 0.15525888 0.562505515 0.027123034 0.01670522 0.931723761 2.618121356 0.584682717 309.0276 0.0598789 0.208400643 0.011431662 33264 950.4 18921.6 34560 22291.2 0.059281 277.2789243
35938 729898 13.8107507 8.425292249 11.43672983 0.015 0.039916424 1.570698684 0.257070457 1.488345419 2.0595724 0.988882532 0.003978588 0.022660092 0.169499441 0.564895296 0.028793139 0.015573372 0.903012634 2.661321672 0.545068027 310.401 0.059945575 0.208729302 0.011294028 33264 950.4 18921.6 34560 22291.2 0.056276 143.08812
35939 729899 13.96358314 8.4393119 11.57100492 0.015 0.037305029 1.564433621 0.269968629 1.511599254 2.063101312 1.003437118 0.004047874 0.024323185 0.184122153 0.567172708 0.030554704 0.014417654 0.875759232 2.705433066 0.504617878 311.7492 0.059986243 0.208931246 0.011150238 33264 950.4 18921.6 34560 22291.2 0.053431 174.8628
35940 729900 14.11507238 8.453260178 11.70666667 0.015 0.034666667 1.557884197 0.283 1.535144135 2.066666667 1.018212182 0.004117875 0.026095179 0.199000564 0.569333559 0.032399121 0.01325 0.85 2.75 0.46375 313.0722 0.06 0.209 0.011 41385.6 950.4 18921.6 34560 22291.2 0.05074 332.51148
35941 729901 14.26477516 8.467022127 11.84232841 0.015 0.032028304 1.551082553 0.296031371 1.558747466 2.070232021 1.033067819 0.004187876 0.027972494 0.21400822 0.57137366 0.034317781 0.012082346 0.82577138 2.794566934 0.422882122 314.37 0.059988917 0.208574718 0.010821196 37152 950.4 18921.6 34560 22291.2 0.048193 210.5335096
35942 729902 14.41224824 8.480482793 11.9766035 0.015 0.02941691 1.54406083 0.308929543 1.582176648 2.073760933 1.047864124 0.004257162 0.029951551 0.22901867 0.573288819 0.036302077 0.010926628 0.803109815 2.838678328 0.382431973 315.6426 0.059956069 0.20735173 0.010595694 33264 950.4 18921.6 34560 22291.2 0.045785 348.22872
35943 729903 14.55704837 8.493527218 12.10810526 0.015 0.026859451 1.53685117 0.321561316 1.605199083 2.077216958 1.062461193 0.004325017 0.032028771 0.243905461 0.575074847 0.038343401 0.00979478 0.782051749 2.881878644 0.342817283 316.89 0.059902061 0.205410321 0.010329179 33264 950.4 18921.6 34560 22291.2 0.043508 344.53188
35944 729904 14.69873231 8.506040447 12.23544704 0.015 0.024382896 1.529485713 0.333793489 1.627582175 2.080563654 1.076719122 0.004390725 0.034200576 0.258542142 0.576727553 0.040433146 0.008698737 0.762633625 2.923712342 0.304455782 318.1122 0.059827496 0.202829775 0.010027337 33264 950.4 18921.6 34560 22291.2 0.041354 293.50188
35945 729905 14.83685681 8.517907524 12.35724216 0.015 0.022014213 1.5219966 0.345492863 1.649093324 2.083764577 1.090498005 0.004453571 0.036463385 0.272802259 0.578242747 0.042562703 0.007650434 0.744891885 2.963723882 0.2677652 319.2966 0.059732979 0.199689378 0.009695853 41385.6 950.4 18921.6 34560 22291.2 0.039317 318.49524
35946 729906 14.97097862 8.529013494 12.47210398 0.015 0.019780369 1.514415973 0.356526239 1.669499934 2.086783285 1.103657938 0.00451284 0.03881362 0.28655936 0.579616237 0.044723465 0.006661808 0.728862974 3.001457726 0.233163265 320.4684 0.059619114 0.196068416 0.009340413 41385.6 950.4 18921.6 34560 22291.2 0.037388 342.62676
35947 729907 15.1006545 8.5392434 12.57864583 0.015 0.017708333 1.506775971 0.366760417 1.688569406 2.089583333 1.116059017 0.004567815 0.041247701 0.299686994 0.580843835 0.046906824 0.005744792 0.714583333 3.036458333 0.201067708 321.6024 0.059486504 0.192046173 0.008966701 33264 950.4 18921.6 34560 23155.2 0.035561 303.70788
35948 729908 15.22544119 8.548482286 12.67548105 0.015 0.015825073 1.499108737 0.376062196 1.706069143 2.09212828 1.127561338 0.004617782 0.04376205 0.312058707 0.581921348 0.049104172 0.004911322 0.702089407 3.068270165 0.171896259 322.7112 0.059335753 0.187701934 0.008580403 33264 950.4 18921.6 34560 23155.2 0.033828 102.5136
35949 729909 15.34489545 8.556615198 12.76122297 0.015 0.014157556 1.49144641 0.384298378 1.721766547 2.094381681 1.138024994 0.004662025 0.046353088 0.323548048 0.582844587 0.051306901 0.004173333 0.691417638 3.096437682 0.146066645 323.7822 0.059167466 0.183114985 0.008187205 33264 950.4 18921.6 34560 23155.2 0.032182 281.39076
35950 729910 15.45857404 8.563527177 12.83448494 0.015 0.01273275 1.483821133 0.391335763 1.735429019 2.096307094 1.147310083 0.004699828 0.049017235 0.334028564 0.583609361 0.053506405 0.00354276 0.68260447 3.120505345 0.123996599 324.8406 0.058982246 0.178364611 0.00779279 33264 950.4 18921.6 34560 23155.2 0.030616 326.88684
35951 729911 15.5660337 8.56910327 12.89388028 0.015 0.011577624 1.476265046 0.39704115 1.746823963 2.097868076 1.155276699 0.004730476 0.051750912 0.343373803 0.58421148 0.055694074 0.003031539 0.675686346 3.140017614 0.106103848 325.8612 0.058780697 0.173530097 0.007402846 33264 950.4 18921.6 34560 23155.2 0.029122 84.12012
35952 729912 15.66683119 8.57322852 12.93802235 0.015 0.010719145 1.468810289 0.401281341 1.755718781 2.099028183 1.161784938 0.004753253 0.05455054 0.351457312 0.584646753 0.057861302 0.002651603 0.670699708 3.15451895 0.092806122 326.844 0.058563424 0.168690729 0.007023056 33264 950.4 16243.2 34560 23155.2 0.027693 187.94916
35953 729913 15.76052326 8.575787971 12.96552448 0.015 0.010184281 1.461489005 0.403923135 1.761880874 2.099750972 1.166694896 0.004767444 0.05741254 0.35815264 0.58491099 0.059999479 0.00241489 0.667681001 3.163553814 0.084521152 327.8016 0.05833103 0.16392579 0.006659107 33264 950.4 16243.2 34560 23155.2 0.026321 236.39364
35954 729914 15.84666667 8.576666667 12.975 0.015 0.01 1.454333333 0.404833333 1.765077645 2.1 1.169866667 0.004772333 0.060333333 0.363333333 0.585 0.0621 0.002333333 0.666666667 3.166666667 0.081666667 328.7214 0.058084119 0.159314568 0.006316684 37152 950.4 16243.2 34560 23155.2 0.025 279.57636
35955 729915 15.92710532 8.575085926 12.97329975 0.015 0.010090716 1.446915205 0.404554123 1.766644376 2.097664198 1.172058605 0.004763405 0.06421155 0.367693518 0.583256296 0.0643349 0.002362667 0.680246914 3.165908581 0.082693333 329.616 0.057823295 0.154936346 0.006001471 41385.6 950.4 16243.2 34560 23155.2 0.023705 265.9987609
35956 729916 16.00411546 8.570487407 12.96835358 0.015 0.010354617 1.438822809 0.403741877 1.768077444 2.090869136 1.17412657 0.004737431 0.069859264 0.372006896 0.578183704 0.066864615 0.002448 0.719753086 3.163662259 0.08568 330.4854 0.057549162 0.15087041 0.005719155 41385.6 950.4 16243.2 34560 23155.2 0.022419 187.2234
35957 729917 16.07790232 8.563086667 12.96039333 0.015 0.010779333 1.430112678 0.402434667 1.769385898 2.079933333 1.176076917 0.004695629 0.077143062 0.376266378 0.57002 0.069663139 0.002585333 0.783333333 3.159969603 0.090486667 331.3044 0.057262323 0.147196045 0.00547542 50457.6 950.4 16243.2 34560 23155.2 0.021145 117.77724
35958 729918 16.14867112 8.553099259 12.94965086 0.015 0.011352494 1.420841343 0.400670568 1.770578782 2.065175309 1.177916002 0.004639216 0.085929528 0.380464878 0.559002963 0.072704463 0.002770667 0.869135802 3.154872517 0.096973333 332.0982 0.056963384 0.143992536 0.005275952 50457.6 1382.4 16243.2 34560 23155.2 0.019884 314.75304
35959 729919 16.21662711 8.540740741 12.93635802 0.015 0.012061728 1.411065334 0.398487654 1.771665146 2.04691358 1.179650181 0.00456941 0.09608525 0.384595305 0.54537037 0.075962578 0.003 0.975308642 3.148412903 0.105 332.8668 0.056652948 0.141339169 0.005126435 41385.6 950.4 16243.2 34560 23155.2 0.018639 219.79188
35960 729920 16.28197552 8.526226667 12.92074667 0.015 0.012894667 1.400841183 0.395924 1.772654034 2.025466667 1.181285809 0.00448743 0.107476813 0.388650573 0.52936 0.079411479 0.003269333 1.1 3.140632664 0.114426667 333.585 0.056331619 0.139315229 0.005032556 41385.6 950.4 16243.2 34560 23155.2 0.017414 346.2102
35961 729921 16.34492157 8.509772593 12.90304864 0.015 0.013838938 1.390225421 0.393017679 1.773554494 2.001153086 1.182829241 0.004394491 0.119970803 0.392623594 0.51120963 0.083025156 0.003574667 1.241358025 3.131573702 0.125113333 334.278 0.056 0.138 0.005 33264 691.2 16243.2 34560 23155.2 0.016209 330.19812
35962 729922 16.4056705 8.491594074 12.8834958 0.015 0.014882173 1.37927458 0.389806765 1.774375574 1.974291358 1.184286833 0.004291812 0.133433806 0.396507278 0.491157037 0.086777601 0.003912 1.397530864 3.121277921 0.13692 334.9332 0.055502045 0.137107038 0.005 41385.6 691.2 21513.6 34560 23155.2 0.015028 265.40136
35963 729923 16.46442754 8.471906667 12.86232 0.015 0.016012 1.36804519 0.386329333 1.775126319 1.9452 1.185664941 0.00418061 0.147732408 0.400294539 0.46944 0.090642808 0.004277333 1.566666667 3.109787223 0.149706667 335.5506 0.054711202 0.136292179 0.005 50457.6 691.2 18921.6 34560 23155.2 0.013874 62.77824
35964 729924 16.52139793 8.450925926 12.83975309 0.015 0.017216049 1.356593782 0.382623457 1.775815776 1.914197531 1.186969921 0.004062103 0.162733194 0.403978287 0.446296296 0.094594767 0.004666667 1.74691358 3.097143511 0.163333333 336.1428 0.053672317 0.135548127 0.005 41385.6 691.2 18921.6 34560 23155.2 0.012747 266.76216
35965 729925 16.5767869 8.428867407 12.81602691 0.015 0.018481951 1.344976888 0.37872721 1.776452993 1.881602469 1.188208127 0.003937509 0.178302751 0.407551435 0.421963704 0.098607472 0.005076 1.936419753 3.083388689 0.17766 336.6846 0.052430236 0.134867588 0.005 41385.6 950.4 18921.6 34560 23155.2 0.011652 281.14128
35966 729926 16.63079968 8.405946667 12.79137333 0.015 0.019797333 1.33325104 0.374678667 1.777047016 1.847733333 1.189385915 0.003808044 0.194307665 0.411006895 0.39668 0.102654914 0.005501333 2.133333333 3.068564657 0.192546667 337.1886 0.051029805 0.134243269 0.005 33264 950.4 18921.6 34560 23155.2 0.01059 283.90824
35967 729927 16.6836415 8.382379259 12.7660242 0.015 0.021149827 1.321472767 0.370515901 1.777606892 1.812908642 1.190509641 0.003674927 0.210614521 0.414337578 0.370682963 0.106711085 0.005938667 2.335802469 3.052713321 0.207853333 337.6674 0.04951587 0.133667874 0.005 33264 950.4 18921.6 34560 23155.2 0.0095646 301.3038
35968 729928 16.7355176 8.358380741 12.74021136 0.015 0.022527062 1.309698602 0.366276988 1.778141668 1.777446914 1.191585661 0.003539374 0.227089905 0.417536397 0.34421037 0.110749978 0.006384 2.541975309 3.035876581 0.22344 338.0958 0.047933279 0.133134109 0.005 25920 950.4 16243.2 34560 23155.2 0.0085772 235.9854
35969 729929 16.7866332 8.334166667 12.71416667 0.015 0.023916667 1.297985075 0.362 1.77866039 1.741666667 1.192620329 0.003402604 0.243600404 0.420596263 0.3175 0.114745585 0.006833333 2.75 3.018096342 0.239166667 338.4864 0.046326876 0.13263468 0.005 22636.8 691.2 16243.2 34560 23155.2 0.0076306 173.36592
35970 729930 16.83719355 8.309952593 12.68812198 0.015 0.025306272 1.286388718 0.357723012 1.779172106 1.70588642 1.193620002 0.003265834 0.260012602 0.423510088 0.29078963 0.118671897 0.007282667 2.958024691 2.999414506 0.254893333 338.8392 0.044741509 0.132162292 0.005 25920 691.2 18921.6 34560 23155.2 0.0067273 213.26004
35971 729931 16.88740388 8.285954074 12.66230914 0.015 0.026683506 1.274966062 0.353484099 1.779685862 1.670424691 1.194591035 0.003130282 0.276193087 0.426270784 0.264317037 0.122502908 0.007728 3.164197531 2.979872975 0.27048 339.1542 0.043222022 0.13170965 0.005 41385.6 950.4 18921.6 34560 23155.2 0.0058697 233.3949496
35972 729932 16.93746941 8.262386667 12.63696 0.015 0.028036 1.263773638 0.349321333 1.780210706 1.6356 1.195539784 0.002997164 0.292008443 0.428871263 0.23832 0.126212609 0.008165333 3.366666667 2.959513653 0.285786667 339.4314 0.041813264 0.131269462 0.005 33264 950.4 18921.6 34560 23155.2 0.0050603 118.66176
35973 729933 16.98759538 8.239465926 12.61230642 0.015 0.029351383 1.252867977 0.34527279 1.780755683 1.601730864 1.196472603 0.0028677 0.307325258 0.431304437 0.213036296 0.129774992 0.008590667 3.563580247 2.938378442 0.300673333 339.6582 0.040560079 0.130834431 0.005 41385.6 691.2 18921.6 34560 23155.2 0.0043016 165.40524
35974 729934 17.03798703 8.217407407 12.58858025 0.015 0.030617284 1.242305611 0.341376543 1.781329841 1.569135802 1.19739585 0.002743105 0.322010116 0.433563218 0.188703704 0.13316405 0.009 3.75308642 2.916509245 0.315 339.8598 0.039507313 0.130397264 0.005 33264 691.2 18921.6 34560 23155.2 0.0035959 308.7882
35975 729935 17.08884958 8.196426667 12.56601333 0.015 0.031821333 1.23214307 0.337670667 1.781942227 1.538133333 1.198315878 0.002624598 0.335929603 0.435640517 0.16556 0.136353775 0.009389333 3.933333333 2.893947965 0.328626667 340.011 0.038699815 0.129950666 0.005 25920 691.2 18921.6 34560 23155.2 0.0029458 198.58608
35976 729936 17.14038826 8.176739259 12.54483753 0.015 0.03295116 1.222436886 0.334193235 1.782601887 1.509041975 1.199239044 0.002513396 0.348950307 0.437529246 0.143842963 0.139318158 0.009754667 4.102469136 2.870736505 0.341413333 340.1118 0.038182428 0.129487343 0.005 25920 691.2 18921.6 34560 23155.2 0.0023537 307.81296
35977 729937 17.19280832 8.158560741 12.52528469 0.015 0.033994395 1.21324359 0.330982321 1.783317868 1.482180247 1.200171704 0.002410717 0.360938811 0.439222318 0.12379037 0.142031192 0.010092 4.258641975 2.846916767 0.35322 340.1748 0.038 0.129 0.005 33264 950.4 18921.6 29310.96774 23155.2 0.0018221 110.49696
35978 729938 17.24631499 8.142106667 12.50758667 0.015 0.034938667 1.204619713 0.328076 1.784099217 1.457866667 1.201120213 0.002317779 0.371761703 0.440712643 0.10564 0.14446687 0.010397333 4.4 2.822530654 0.363906667 340.2 0.038010177 0.128489134 0.005010662 33264 950.4 18921.6 29310.96774 23155.2 0.0013534 212.03532
35979 729939 17.30111348 8.127592593 12.49197531 0.015 0.035771605 1.196621786 0.325512346 1.784954982 1.436419753 1.202090925 0.002235798 0.381285569 0.441993135 0.08962963 0.146599182 0.010666667 4.524691358 2.79762007 0.373333333 340.1748 0.038039894 0.127961423 0.005041881 45792 1900.8 20649.6 29310.96774 23155.2 0.00095011 281.52684
35980 729940 17.35740905 8.115234074 12.47868247 0.015 0.03648084 1.189306341 0.323329432 1.785894208 1.418158025 1.203090198 0.002165992 0.389376993 0.443056705 0.075997037 0.148402122 0.010896 4.630864198 2.772226916 0.38136 340.1118 0.03808793 0.127418841 0.005092504 41385.6 1382.4 20649.6 29310.96774 23155.2 0.00061462 291.98232
35981 729941 17.41540692 8.105246667 12.46794 0.015 0.037054 1.182729909 0.321565333 1.786925943 1.4034 1.204124387 0.00210958 0.395902562 0.443896264 0.06498 0.149849682 0.011081333 4.716666667 2.746393096 0.387846667 340.011 0.038153063 0.126863363 0.005161378 33264 950.4 18230.4 29310.96774 23155.2 0.0003494 265.83228
35982 729942 17.47531233 8.097845926 12.45997975 0.015 0.037478716 1.176949021 0.320258123 1.788059233 1.392464198 1.205199846 0.002067778 0.400728863 0.444504725 0.056816296 0.150915853 0.011218667 4.780246914 2.720160513 0.392653333 339.8598 0.038234073 0.126296965 0.005247353 33264 950.4 16588.8 29310.96774 23155.2 0.00015693 122.90292
35983 729943 17.5373305 8.093247407 12.45503358 0.015 0.037742617 1.172020207 0.319445877 1.789303125 1.385669136 1.206322932 0.002041804 0.40372248 0.444875 0.051743704 0.151574629 0.011304 4.819753086 2.693571069 0.39564 339.6708 0.038329737 0.125721623 0.005349275 33264 950.4 16588.8 29310.96774 23155.2 3.96E-05 311.0730894
35984 729944 17.60166667 8.091666667 12.45333333 0.015 0.037833333 1.168 0.319166667 1.790666667 1.383333333 1.2075 0.002032875 0.40475 0.445 0.05 0.1518 0.011333333 4.833333333 2.666666667 0.396666667 339.4314 0.038438836 0.12513931 0.005465993 45792 1900.8 20649.6 29310.96774 23155.2 0 15.37704
35985 729945 17.66998835 8.092411353 12.45677927 0.015 0.037803642 1.164567556 0.319899941 1.792423035 1.389649386 1.208737517 0.002036046 0.404495498 0.444975232 0.050749019 0.151789238 0.011329124 4.820737216 2.634802201 0.396519334 339.1668 0.038560147 0.124552004 0.005596354 41385.6 1382.4 19353.6 29310.96774 23155.2 0 149.1200139
35986 729946 17.74351682 8.094596711 12.46683288 0.015 0.037717019 1.161355305 0.322039286 1.79481038 1.408076634 1.21003362 0.002045402 0.403745508 0.444901153 0.052934302 0.151757108 0.011316754 4.783987719 2.593722192 0.396086378 338.8518 0.038692449 0.123961678 0.005739206 33264 950.4 18230.4 29310.96774 23155.2 0 272.0006868
35987 729947 17.82178799 8.098149686 12.48306787 0.015 0.037577135 1.158349684 0.325493989 1.797785203 1.437833709 1.211382171 0.002060709 0.4025203 0.444778105 0.056463186 0.151703848 0.01129661 4.724643125 2.544052985 0.395381362 338.499 0.038834521 0.123370308 0.005893398 33264 950.4 16588.8 29310.96774 23155.2 0 315.1386
35988 729948 17.90433776 8.102997224 12.50505793 0.015 0.037387665 1.155537132 0.330173336 1.80130401 1.478139244 1.212777033 0.002081734 0.400840145 0.444606425 0.061243009 0.151629692 0.011269081 4.644261717 2.486420924 0.394417851 338.1084 0.038985141 0.12277987 0.006057775 33264 950.4 16588.8 29310.96774 23155.2 0 332.57952
35989 729949 17.99070201 8.109066271 12.53237675 0.015 0.03715228 1.152904089 0.335986611 1.805323302 1.528211871 1.214212067 0.002108241 0.398725315 0.444386454 0.067181109 0.151534876 0.011234555 4.544401777 2.421452353 0.393209408 337.68 0.03914309 0.122192339 0.006231188 33264 950.4 16588.8 29310.96774 23155.2 0 278.94132
35990 729950 18.08041666 8.116283774 12.56459805 0.015 0.036874656 1.150436992 0.3428431 1.809799583 1.587270223 1.215681136 0.002139997 0.396196082 0.444118532 0.074184823 0.151419637 0.011193417 4.426621588 2.349773616 0.391769597 337.2138 0.039307144 0.121609689 0.006412483 45792 1900.8 18230.4 29310.96774 23155.2 0 339.72372
35991 729951 18.17301759 8.124576678 12.60129551 0.015 0.036558463 1.148122281 0.35065209 1.814689356 1.654532933 1.217178102 0.002176768 0.393272716 0.443802998 0.082161491 0.15128421 0.011146057 4.292479432 2.272011057 0.390111982 336.7098 0.039476084 0.121033897 0.006600508 61084.8 3369.6 20649.6 29310.96774 23155.2 0 345.43908
35992 729952 18.26804072 8.133871929 12.64204283 0.015 0.036207377 1.145946394 0.359322866 1.819949124 1.729218633 1.218696827 0.002218318 0.389975488 0.443440191 0.091018449 0.151128831 0.011092861 4.143533591 2.188791021 0.388250128 336.168 0.039648687 0.120466938 0.006794111 55296 1900.8 19353.6 29310.96774 23155.2 0 314.18604
35993 729953 18.36502193 8.144096473 12.68641372 0.015 0.035825069 1.143895769 0.368764713 1.825535392 1.810545955 1.220231173 0.002264415 0.386324671 0.443030452 0.100663035 0.150953736 0.011034217 3.981342349 2.100739852 0.386197596 335.5884 0.039823733 0.119910786 0.00699214 50457.6 950.4 19353.6 29310.96774 23155.2 0 320.71788
35994 729954 18.46349712 8.155177257 12.73398188 0.015 0.035415213 1.141956845 0.378886918 1.831404661 1.897733534 1.221775003 0.002314823 0.382340534 0.442574121 0.111002588 0.150759162 0.010970513 3.807463988 2.008483894 0.383967953 334.971 0.04 0.119367417 0.007193443 50457.6 950.4 19353.6 29310.96774 23155.2 0 314.9118
35995 729955 18.5630022 8.167041227 12.78432099 0.015 0.034981481 1.140116062 0.389598765 1.837513436 1.99 1.223322177 0.002369309 0.37804335 0.442071535 0.121944444 0.150545343 0.010902136 3.62345679 1.91264949 0.381574761 334.3158 0.040176267 0.118838807 0.007396867 50457.6 950.4 18230.4 29310.96774 23155.2 0 317.529072
35996 729956 18.66307306 8.179615328 12.83700476 0.015 0.034527548 1.138359856 0.400809542 1.843818219 2.086563987 1.224866559 0.002427638 0.37345339 0.441523036 0.133395943 0.150312516 0.010829474 3.430879038 1.813862986 0.379031584 333.6354 0.040351313 0.118326931 0.00760126 50457.6 950.4 18230.4 29310.96774 23155.2 0 226.219392
35997 729957 18.7632456 8.192826507 12.89160689 0.015 0.034057086 1.136674668 0.412428532 1.850275514 2.186644127 1.226402011 0.002489577 0.368590925 0.440928963 0.145264421 0.150060916 0.010752914 3.231289015 1.712750726 0.376351986 332.9172 0.040523916 0.117833763 0.007805471 45792 950.4 18230.4 29310.96774 23155.2 0 149.66532
35998 729958 18.86305572 8.20660171 12.94770107 0.015 0.033573768 1.135046936 0.424365023 1.856841823 2.289459053 1.227922394 0.00255489 0.363476226 0.440289656 0.157457217 0.14979078 0.010672844 3.026245003 1.609939052 0.373549532 332.1612 0.040692856 0.117361279 0.008008347 45792 950.4 18230.4 29310.96774 23155.2 0 290.48544
35999 729959 18.96203932 8.220867883 13.00486101 0.015 0.033081267 1.133463098 0.4365283 1.863473651 2.394227398 1.229421572 0.002623344 0.358129565 0.439605454 0.169881668 0.149502344 0.010589651 2.817305284 1.506054311 0.370637784 331.3674 0.04085691 0.116911455 0.008208735 45792 950.4 16588.8 29310.96774 23155.2 0 319.83336
36000 729960 19.0597323 8.235551971 13.0626604 0.015 0.032583257 1.131909593 0.448827647 1.870127501 2.500167794 1.230893405 0.002694705 0.352571213 0.438876696 0.182445112 0.149195842 0.010503723 2.606028142 1.401722846 0.367630307 330.5484 0.041014859 0.116486266 0.008405484 45792 691.2 16588.8 29310.96774 23155.2 0 305.79444
36001 729961 19.15567055 8.250580921 13.12067294 0.015 0.03208341 1.13037286 0.461172353 1.876759875 2.606498873 1.232331756 0.002768738 0.34682144 0.438103724 0.195054888 0.148871512 0.010415448 2.393971858 1.297571001 0.364540665 329.6916 0.041165479 0.116087686 0.008597441 45792 691.2 16588.8 29310.96774 23155.2 0 224.28252
36002 729962 19.24938998 8.265881679 13.17847233 0.015 0.031585399 1.128839337 0.4734717 1.883327277 2.712439269 1.233730488 0.00284521 0.340900519 0.437286875 0.207618332 0.148529589 0.010325212 2.182694716 1.19422512 0.361382421 328.8096 0.041307551 0.115717692 0.008783455 45792 691.2 14515.2 29310.96774 23155.2 0 291.68748
36003 729963 19.34042648 8.281381192 13.23563226 0.015 0.031092899 1.127295463 0.485634977 1.88978621 2.817207613 1.235083462 0.002923885 0.334828721 0.43642649 0.220042783 0.148170309 0.010233404 1.973754997 1.092311548 0.358169139 327.8898 0.041439853 0.115378258 0.008962373 41385.6 691.2 14515.2 29310.96774 23155.2 0 259.1194826
36004 729964 19.42831595 8.297006404 13.29172645 0.015 0.030609581 1.125727677 0.497571468 1.896093177 2.920022539 1.23638454 0.00300453 0.328626317 0.435522909 0.232235579 0.147793908 0.010140411 1.768710985 0.992456628 0.354914384 326.9322 0.041561164 0.11507136 0.009133042 41385.6 691.2 14515.2 29310.96774 23155.2 0 258.46128
36005 729965 19.51259429 8.312684263 13.34632858 0.015 0.030139118 1.124122417 0.509190458 1.902204683 3.02010268 1.237627585 0.00308691 0.322313578 0.434576471 0.244104057 0.147400622 0.010046621 1.569120962 0.895286705 0.351631718 325.962 0.041670263 0.114798974 0.009294312 41385.6 691.2 14515.2 29310.96774 23155.2 0 182.0808306
36006 729966 19.5927974 8.328341714 13.39901235 0.015 0.029685185 1.122466121 0.520401235 1.908077229 3.116666667 1.238806459 0.003170792 0.315910775 0.433587515 0.255555556 0.146990686 0.00995242 1.37654321 0.801428123 0.348334707 324.9414 0.041765927 0.114563073 0.009445029 41385.6 691.2 14515.2 29310.96774 23155.2 0 332.9424
36007 729967 19.66846117 8.343905703 13.44935146 0.015 0.029251454 1.120745229 0.531113082 1.913667319 3.208933133 1.239915024 0.003255941 0.30943818 0.432556382 0.266497412 0.146564337 0.009858198 1.192536012 0.711507227 0.345036913 323.9082 0.041846937 0.114365634 0.009584041 41385.6 691.2 14515.2 29310.96774 23155.2 0 290.013696
36008 729968 19.73912151 8.359303176 13.49691961 0.015 0.028841598 1.118946179 0.541235287 1.918931457 3.296120711 1.240947141 0.003342123 0.302916064 0.43148341 0.276836965 0.14612181 0.00976434 1.018657651 0.62615036 0.341751901 322.8372 0.04191207 0.114208632 0.009710196 41385.6 691.2 16588.8 34374.19355 23155.2 0 319.13028
36009 729969 19.80431432 8.37446108 13.5412905 0.015 0.02845929 1.11705541 0.550677134 1.923826146 3.377448034 1.241896674 0.003429103 0.296364698 0.430368941 0.286481551 0.145663341 0.009671235 0.856466409 0.545983866 0.338493234 321.7284 0.041960106 0.114094042 0.009822343 33264 691.2 16588.8 34374.19355 23155.2 0 321.87456
36010 729970 19.86357549 8.38930636 13.58203783 0.015 0.028108203 1.115059361 0.55934791 1.928307888 3.452133734 1.242757484 0.003516649 0.289804354 0.429213313 0.295338509 0.145189167 0.009579271 0.707520568 0.47163409 0.335274477 320.607 0.041989823 0.11402384 0.009919328 41385.6 691.2 14515.2 34374.19355 23155.2 0 311.78196
36011 729971 19.91644092 8.403765963 13.61873529 0.015 0.027792011 1.112944469 0.5671569 1.932333188 3.519396444 1.243523433 0.003604524 0.283255302 0.428016865 0.303315177 0.144699523 0.009488834 0.573378412 0.403727376 0.332109192 319.4478 0.042 0.114 0.01 41385.6 691.2 12009.6 34374.19355 23155.2 0 298.809
36012 729972 19.96244651 8.417766835 13.65095658 0.015 0.027514386 1.110697174 0.574013389 1.935858547 3.578454796 1.244188383 0.003692495 0.276737815 0.426779938 0.310318891 0.144194645 0.009400313 0.455598223 0.342890068 0.329010945 318.2634 0.041996805 0.114070283 0.010070299 41385.6 950.4 14515.2 34374.19355 23155.2 0 300.9636
36013 729973 20.00112817 8.431235921 13.67827541 0.015 0.027279002 1.108303914 0.579826664 1.938840471 3.628527423 1.244746198 0.003780329 0.270272163 0.425502872 0.316256991 0.143674768 0.009314094 0.355738283 0.289748511 0.325993299 317.0538 0.041987422 0.114276705 0.010137051 33264 691.2 14515.2 34374.19355 23155.2 0 306.92844
36014 729974 20.03202177 8.444100168 13.70026546 0.015 0.027089532 1.105751128 0.584506011 1.941235461 3.668832958 1.245190738 0.00386779 0.263878617 0.424186005 0.321036814 0.14314013 0.009230566 0.275356875 0.244929048 0.323069817 315.819 0.041972153 0.114612625 0.010200432 22636.8 691.2 12009.6 34374.19355 23155.2 0 225.7794
36015 729975 20.05466324 8.456286521 13.71650045 0.015 0.026949648 1.103025255 0.587960714 1.943000022 3.698590033 1.245515866 0.003954644 0.25757745 0.422829678 0.324565698 0.142590965 0.009150116 0.216012281 0.209058023 0.320254065 314.5464 0.0419513 0.115071403 0.01026062 22636.8 691.2 12009.6 34374.19355 23155.2 0 277.08156
36016 729976 20.06858846 8.467721928 13.72655406 0.015 0.026863024 1.100112732 0.590100059 1.944090656 3.71701728 1.245715443 0.004040658 0.251388931 0.421434229 0.326750981 0.14202751 0.009073132 0.179262784 0.182761781 0.317559604 313.2612 0.041925164 0.115646396 0.010317791 22636.8 691.2 12009.6 34374.19355 23155.2 0 202.44168
36017 729977 20.07333333 8.478333333 13.73 0.015 0.026833333 1.097 0.590833333 1.944463867 3.723333333 1.245783333 0.004125597 0.245333333 0.42 0.3275 0.14145 0.009 0.166666667 0.166666667 0.315 311.9508 0.041894047 0.116330965 0.010372121 22636.8 691.2 12009.6 34374.19355 23155.2 0 303.54912
36018 729978 20.06986627 8.48846179 13.72127501 0.015 0.026870688 1.093374573 0.590765333 1.94307293 3.72071527 1.242166162 0.004216827 0.238962539 0.417481142 0.326388712 0.140571476 0.008926439 0.167673752 0.156014981 0.312425382 310.6026 0.041858251 0.117118468 0.010423788 22636.8 691.2 12009.6 34374.19355 23155.2 0.00011072 238.79772
36019 729979 20.05968927 8.498497993 13.69589911 0.015 0.026979106 1.088978424 0.590565516 1.939035822 3.713061235 1.231667541 0.004321049 0.231863232 0.412938049 0.323163265 0.139134527 0.008848276 0.170608797 0.145637173 0.309689657 309.2418 0.041818079 0.118002264 0.010472968 22636.8 691.2 12009.6 34374.19355 23155.2 0.00043207 124.15032
36020 729980 20.04313866 8.508443347 13.65507093 0.015 0.027153122 1.083879679 0.590240159 1.932556094 3.700671464 1.214816815 0.004437032 0.224107888 0.406530425 0.317986288 0.137183716 0.008766059 0.175342487 0.135541807 0.30681205 307.8558 0.041773831 0.118975713 0.010519837 22636.8 691.2 12009.6 34374.19355 23155.2 0.00094785 168.10416
36021 729981 20.02055075 8.51829926 13.59998908 0.015 0.027387269 1.078146462 0.589795541 1.923837297 3.683846193 1.192143324 0.004563545 0.21576898 0.398417974 0.311020408 0.134763603 0.008680337 0.181745509 0.125737446 0.30381179 306.4446 0.04172581 0.120032173 0.010564573 22636.8 691.2 12009.6 34374.19355 23155.2 0.0016419 248.64084
36022 729982 19.99226186 8.528067139 13.53185219 0.015 0.027676081 1.071846899 0.589237937 1.913082983 3.662885655 1.164176411 0.004699357 0.206918985 0.388760399 0.302428253 0.13191875 0.00859166 0.189688548 0.116232654 0.300708104 305.0208 0.041674318 0.121165004 0.010607351 22636.8 691.2 12009.6 34374.19355 23155.2 0.0024979 92.89728
36023 729983 19.95860829 8.53774839 13.45185886 0.015 0.028014091 1.065049116 0.588573626 1.900496705 3.638090085 1.131445418 0.004843236 0.197630375 0.377717404 0.292372449 0.128693719 0.008500578 0.19904229 0.107035994 0.297520218 303.5592 0.041619656 0.122367565 0.01064835 22636.8 691.2 12009.6 34374.19355 23155.2 0.0034998 125.9874
36024 729984 19.91992637 8.547344421 13.36120773 0.015 0.028395833 1.057821236 0.587808884 1.886282013 3.609759719 1.094479688 0.004993953 0.187975626 0.365448692 0.281015625 0.12513307 0.008407639 0.209677419 0.098156031 0.29426736 302.085 0.041562127 0.123633215 0.010687744 22636.8 691.2 12009.6 34374.19355 23155.2 0.0046312 187.2234
36025 729985 19.8765524 8.556856638 13.2610974 0.015 0.028815841 1.050231386 0.586949989 1.870642459 3.578194792 1.053808562 0.005150275 0.178027212 0.352113966 0.268520408 0.121281365 0.008313393 0.221464623 0.089601328 0.290968756 300.5856 0.041502031 0.124955312 0.010725711 22636.8 691.2 12009.6 34374.19355 23155.2 0.0058762 260.04888
36026 729986 19.8288227 8.566286448 13.1527265 0.015 0.029268647 1.042347691 0.586003217 1.853781595 3.543695537 1.009961383 0.005310973 0.167857607 0.337872931 0.255049426 0.117183165 0.00821839 0.234274585 0.081380449 0.287643635 299.061 0.041439672 0.126327216 0.010762428 50457.6 1382.4 14515.2 34374.19355 23155.2 0.0072183 242.60796
36027 729987 19.77707358 8.575635259 13.03729365 0.015 0.029748785 1.034238275 0.584974846 1.835902973 3.506562191 0.963467493 0.005474813 0.157539287 0.322885289 0.240765306 0.112883033 0.008123178 0.247977993 0.073501957 0.284311223 297.5238 0.041375351 0.127742287 0.01079807 22636.8 950.4 12009.6 34374.19355 23155.2 0.0086414 195.88716
36028 729988 19.72164136 8.584904476 12.91599746 0.015 0.03025079 1.025971264 0.583871153 1.817210144 3.467094988 0.914856234 0.005640567 0.147144725 0.307310744 0.225830676 0.108425528 0.008028307 0.262445531 0.065974416 0.280990747 295.974 0.041309369 0.129193882 0.010832816 25920 691.2 12009.6 34374.19355 23155.2 0.010129 160.59708
36029 729989 19.66286235 8.594095507 12.79003655 0.015 0.030769193 1.017614784 0.582698415 1.79790666 3.425594162 0.864656948 0.005807002 0.136746396 0.291308999 0.210408163 0.103855212 0.007934327 0.277547886 0.058806391 0.277701435 294.3864 0.041242029 0.130675362 0.010866841 41385.6 691.2 12009.6 34374.19355 23155.2 0.011666 163.27332
36030 729990 19.60107286 8.603209758 12.66060954 0.015 0.03129853 1.009236959 0.581462909 1.778196072 3.38235995 0.813398979 0.005972888 0.126416774 0.275039759 0.194660395 0.099216648 0.007841786 0.293155742 0.052006444 0.274462513 292.7988 0.041173633 0.132180085 0.010900322 41385.6 1382.4 16588.8 34374.19355 23155.2 0.013235 273.0672
36031 729991 19.53660921 8.612248637 12.52891506 0.015 0.031833333 1.000905914 0.580170913 1.758281933 3.337692585 0.761611667 0.006136993 0.116228334 0.258662726 0.17875 0.094554395 0.007751235 0.309139785 0.045583139 0.271293209 291.1734 0.041104481 0.13370141 0.010933436 41385.6 950.4 12009.6 34374.19355 23155.2 0.01482 236.41632
36032 729992 19.46980771 8.62121355 12.39615171 0.015 0.032368137 0.992689775 0.578828703 1.738367794 3.291892302 0.709824355 0.006298087 0.106253551 0.242337604 0.162839605 0.089913017 0.007663221 0.325370701 0.03954504 0.268212749 289.548 0.041034877 0.135232696 0.01096636 41385.6 1382.4 14515.2 34374.19355 23155.2 0.016405 162.0683847
36033 729993 19.40100467 8.630105905 12.26351812 0.015 0.032897473 0.984656666 0.577442558 1.718657207 3.245259337 0.658566385 0.006454938 0.096564899 0.226224097 0.147091837 0.085337073 0.007578296 0.341719176 0.033900711 0.265240362 287.8974 0.040965123 0.136767304 0.010999269 33264 950.4 14515.2 34374.19355 23155.2 0.017974 188.85636
36034 729994 19.33053641 8.638927107 12.13221291 0.015 0.033415877 0.976874714 0.576018753 1.699353723 3.198093924 0.608367099 0.006606315 0.087234852 0.210481907 0.131669324 0.080871125 0.007497008 0.358055895 0.028658716 0.262395273 286.2342 0.040895519 0.13829859 0.011032341 22636.8 950.4 14515.2 34374.19355 23155.2 0.019511 208.45188
36035 729995 19.25873925 8.647678565 12.00343469 0.015 0.033917881 0.969412043 0.574563566 1.680660894 3.150696298 0.559755841 0.006750988 0.078335885 0.195270739 0.116734694 0.076559735 0.007419906 0.374251544 0.023827618 0.259696711 284.5458 0.040826367 0.139819915 0.011065753 91584 2505.6 18230.4 34374.19355 23155.2 0.020999 167.80932
36036 729996 19.18594949 8.656361684 11.87838208 0.015 0.03439802 0.962336778 0.573083274 1.662782272 3.103366694 0.513261951 0.006887725 0.069940472 0.180750295 0.102450574 0.072447463 0.00734754 0.390176808 0.019415981 0.257163902 282.8448 0.040757971 0.141324638 0.011099681 41385.6 1900.8 16588.8 34374.19355 23155.2 0.022422 18.52956
36037 729997 19.11250345 8.664977871 11.75825371 0.015 0.034850826 0.955717044 0.571584155 1.645921408 3.056405346 0.469414772 0.007015295 0.062121089 0.16708028 0.088979592 0.068578873 0.007280459 0.405702373 0.015432368 0.254816074 281.1312 0.040690631 0.142806118 0.011134301 41385.6 950.4 14515.2 34374.19355 23155.2 0.023764 231.4494
36038 729998 19.03873744 8.673528535 11.64424819 0.015 0.035270833 0.949620968 0.570072485 1.630281854 3.010112491 0.428743646 0.007132467 0.054950209 0.154420397 0.076484375 0.064998523 0.007219213 0.420698925 0.011885344 0.252672453 279.405 0.040624649 0.144257713 0.01116979 33264 950.4 14515.2 34374.19355 23155.2 0.025009 215.21052
36039 729999 18.96498778 8.68201508 11.53756414 0.015 0.035652575 0.944116673 0.568554542 1.616067162 2.964788362 0.391777915 0.00723801 0.048500306 0.14293035 0.065127551 0.061750977 0.00716435 0.435037148 0.008783472 0.250752267 277.6536 0.040560328 0.145672784 0.011206326 25920 1382.4 14515.2 34560 23155.2 0.02614 51.9372
36040 730000 18.89159078 8.690438915 11.43940017 0.015 0.035990586 0.939272285 0.567036603 1.603480883 2.920733195 0.359046923 0.007330694 0.042843856 0.132769841 0.055071747 0.058880795 0.007116421 0.44858773 0.006135315 0.249074743 275.9022 0.040497969 0.147044688 0.011244084 25920 1382.4 12009.6 34560 23155.2 0.027142 195.8418
36041 730001 18.81888275 8.698801446 11.35095492 0.015 0.036279397 0.93515593 0.565524945 1.59272657 2.878247224 0.33108001 0.007409286 0.038053333 0.124098574 0.046479592 0.056432539 0.007075975 0.461221355 0.003949438 0.247659108 274.1256 0.040437873 0.148366785 0.011283242 25920 1382.4 9244.8 34560 23155.2 0.027998 178.35552
36042 730002 18.74720002 8.707104079 11.27342699 0.015 0.036513545 0.931835732 0.564025846 1.584007773 2.837630684 0.308406519 0.007472557 0.034201212 0.117076253 0.039513712 0.05445077 0.00704356 0.472808709 0.002234405 0.246524589 272.3364 0.040380344 0.149632435 0.011323975 29462.4 1382.4 14515.2 34560 23155.2 0.028692 141.38712
36043 730003 18.67687888 8.715348223 11.208015 0.015 0.036687561 0.929379816 0.562545581 1.577528045 2.79918381 0.291555792 0.007519274 0.031359966 0.111862581 0.034336735 0.05298005 0.007019726 0.483220477 0.000998778 0.245690413 270.5346 0.040325682 0.150834996 0.011366461 110592 1900.8 14515.2 34560 23155.2 0.029208 38.1024
36044 730004 18.60825566 8.723535283 11.15591758 0.015 0.036795979 0.927856308 0.561090429 1.573490936 2.763206837 0.281057172 0.007548207 0.029602071 0.108617263 0.031111288 0.052064939 0.007005023 0.492327346 0.000251122 0.245175808 268.7328 0.04027419 0.151967827 0.011410876 95904 1900.8 20649.6 34560 23155.2 0.029529 125.57916
36045 730005 18.54166667 8.731666667 11.11833333 0.015 0.036833333 0.927333333 0.559666667 1.5721 2.73 0.27744 0.007558125 0.029 0.1075 0.03 0.05175 0.007 0.5 0 0.245 266.9058 0.040226169 0.153024287 0.011457397 68688 1900.8 16588.8 34560 23155.2 0.02964 134.24292
36046 730006 18.47605607 8.73988957 11.08912809 0.015 0.0367985 0.927390989 0.558174925 1.572502191 2.698582748 0.278368953 0.00755276 0.029122519 0.107722216 0.030180175 0.052163657 0.007001701 0.506710591 0 0.24505954 265.0788 0.040181921 0.153997736 0.011506201 45100.8 1382.4 16588.8 34560 23155.2 0.029569 185.81724
36047 730007 18.41010246 8.748333514 11.06132605 0.015 0.036696704 0.927559479 0.556519872 1.573677525 2.667749465 0.281092348 0.007537083 0.02948056 0.108371603 0.030706706 0.053373855 0.007006797 0.513033996 0 0.245237879 263.2392 0.040141749 0.154881532 0.011557464 45100.8 1382.4 14515.2 34560 23155.2 0.029361 148.7808
36048 730008 18.34374378 8.756973392 11.03486337 0.015 0.036532004 0.927832086 0.55471384 1.575579146 2.637462791 0.285514992 0.007511718 0.030059848 0.109422274 0.031558601 0.055334432 0.007015274 0.518994994 0 0.245534594 261.3744 0.040105953 0.155669035 0.011611363 45100.8 1382.4 14515.2 34560 23155.2 0.029024 82.57788
36049 730009 18.27691795 8.765784098 11.00967625 0.015 0.036308459 0.928202091 0.552769161 1.578160195 2.607685367 0.29154169 0.00747729 0.030846111 0.110848338 0.032714869 0.05799923 0.007027122 0.524618363 0 0.245949261 259.5222 0.040074836 0.156353604 0.011668074 41040 1382.4 14515.2 34560 23155.2 0.028567 149.18904
36050 730010 18.20956292 8.774740525 10.98570085 0.015 0.036030126 0.928662779 0.550698167 1.581373817 2.57837983 0.299077248 0.007434424 0.031825073 0.112623907 0.034154519 0.061322087 0.007042327 0.52992888 0 0.246481458 257.6448 0.0400487 0.156928597 0.011727774 45100.8 2505.6 20649.6 34560 23155.2 0.027998 139.09644
36051 730011 18.14161662 8.783817568 10.96287336 0.015 0.035701065 0.929207432 0.548513191 1.585173153 2.549508821 0.308026471 0.007383746 0.032982461 0.11472309 0.03585656 0.065256843 0.007060879 0.534951324 0 0.247130761 255.7674 0.040027847 0.157387375 0.01179064 53827.2 2505.6 26265.6 34560 23155.2 0.027325 94.96116
36052 730012 18.07301699 8.792990119 10.94112994 0.015 0.035325333 0.929829333 0.546226565 1.589511347 2.521034979 0.318294165 0.00732588 0.034304 0.11712 0.0378 0.069757338 0.007082764 0.539710471 0 0.247896747 253.8774 0.040012578 0.157723295 0.011856849 53827.2 2505.6 23587.2 34560 23155.2 0.026557 180.16992
36053 730013 18.00370196 8.802233074 10.92040679 0.015 0.034906989 0.930521765 0.543850621 1.594341542 2.492920943 0.329785136 0.007261451 0.035775417 0.119788746 0.039963848 0.074777411 0.007107971 0.544231101 0 0.248778994 251.9748 0.040003195 0.157929717 0.011926577 53827.2 1900.8 20649.6 34560 23155.2 0.025702 211.69512
36054 730014 17.93360949 8.811521324 10.90064008 0.015 0.034450091 0.93127801 0.541397691 1.599616879 2.465129353 0.34240419 0.007191085 0.037382437 0.12270344 0.042327114 0.080270902 0.007136488 0.548537991 0 0.249777077 250.0722 0.04 0.158 0.012 53827.2 1382.4 20649.6 34560 23155.2 0.024768 205.75296
36055 730015 17.86267749 8.820829765 10.88176598 0.015 0.033958698 0.932091351 0.538880107 1.605290503 2.437622848 0.356056132 0.007115406 0.039110787 0.125838192 0.044868805 0.08619165 0.007168302 0.552655918 0 0.250890575 248.157 0.040025443 0.157986247 0.01208623 49420.8 1382.4 20649.6 34560 23155.2 0.023764 199.017
36056 730016 17.79084391 8.83013329 10.86372068 0.015 0.033436867 0.932955071 0.536310203 1.611315555 2.410364068 0.370645768 0.00703504 0.040946192 0.129167114 0.04756793 0.092493496 0.007203402 0.556609662 0 0.252119063 246.2418 0.040099735 0.157945504 0.012193298 45100.8 1382.4 16588.8 34560 23155.2 0.022697 138.350592
36057 730017 17.71804669 8.839406792 10.84644035 0.015 0.032888657 0.933862453 0.53370031 1.617645179 2.383315653 0.386077903 0.006950611 0.042874379 0.132664315 0.050403499 0.099130279 0.007241775 0.560423998 0 0.253462119 244.314 0.040219825 0.157878538 0.012319764 41040 1382.4 16588.8 34560 23155.2 0.021577 80.1738
36058 730018 17.64422376 8.848625165 10.82986116 0.015 0.032318126 0.934806779 0.53106276 1.624232518 2.356440241 0.402257344 0.006862744 0.044881073 0.136303907 0.053354519 0.106055838 0.007283409 0.564123707 0 0.25491932 242.3862 0.040382658 0.157786123 0.012464187 37238.4 1382.4 16588.8 34560 23155.2 0.02041 52.86708
36059 730019 17.56931305 8.857763304 10.8139193 0.015 0.031729333 0.935781333 0.528409885 1.631030714 2.329700472 0.419088896 0.006772065 0.046952 0.14006 0.0564 0.113224013 0.007328293 0.567733564 0 0.256490242 240.4584 0.040585182 0.157669026 0.012625126 33609.6 1382.4 23587.2 34560 23155.2 0.019207 51.21144
36060 730020 17.49325252 8.866796101 10.79855095 0.015 0.031126336 0.936779397 0.525754019 1.63799291 2.303058986 0.436477364 0.006679198 0.049072886 0.143906706 0.05951895 0.120588644 0.007376413 0.571278349 0 0.258174463 238.518 0.040824344 0.15752802 0.01280114 30153.6 1382.4 23587.2 34560 23155.2 0.017974 191.10168
36061 730021 17.41598009 8.87569845 10.78369227 0.015 0.030513193 0.937794255 0.523107492 1.645072249 2.276478421 0.454327555 0.006584769 0.051229458 0.147818134 0.062690379 0.12810357 0.007427759 0.574782839 0 0.25997156 236.5776 0.041097089 0.157363874 0.012990788 30153.6 1382.4 23587.2 34560 23155.2 0.016721 141.79536
36062 730022 17.3374337 8.884445245 10.76927946 0.015 0.029893963 0.938819188 0.520482638 1.652221873 2.249921418 0.472544274 0.006489402 0.05340744 0.151768397 0.065893294 0.135722632 0.007482317 0.578271811 0 0.261881108 234.6372 0.041400366 0.157177359 0.01319263 30153.6 1382.4 23587.2 34560 23155.2 0.015455 26.9892
36063 730023 17.25755129 8.89301138 10.75524868 0.015 0.029272704 0.939847479 0.517891789 1.659394927 2.223350616 0.491032326 0.006393723 0.05559256 0.155731603 0.069106706 0.143399668 0.007540077 0.581770045 0 0.263902686 232.6842 0.041731122 0.156969245 0.013405223 30153.6 1382.4 18230.4 34560 23155.2 0.014185 168.21756
36064 730024 17.17627079 8.901371749 10.74153612 0.015 0.028653473 0.940872412 0.515347276 1.666544551 2.196728654 0.509696518 0.006298356 0.057770542 0.159681866 0.072309621 0.151088518 0.007601025 0.585302317 0 0.26603587 230.7312 0.042086302 0.156740302 0.013627129 30153.6 1382.4 16588.8 34560 23155.2 0.012919 134.90064
36065 730025 17.09353015 8.909501245 10.72807795 0.015 0.02804033 0.941887269 0.512861432 1.67362389 2.170018172 0.528441655 0.006203927 0.059927114 0.163593294 0.07548105 0.158743022 0.00766515 0.588893405 0 0.268280237 228.7782 0.042462854 0.156491301 0.013856905 45100.8 1382.4 16588.8 34560 23155.2 0.011666 75.1842
36066 730026 17.0092673 8.917374762 10.71481035 0.015 0.027437333 0.942885333 0.51044659 1.680586086 2.143181809 0.547172543 0.00611106 0.062048 0.16744 0.0786 0.16631702 0.007732439 0.592568088 0 0.270635364 226.8252 0.042857724 0.156223012 0.01409311 53827.2 1382.4 16588.8 34560 23155.2 0.010433 33.453
36067 730027 16.92342017 8.924967193 10.7016695 0.015 0.02684854 0.943859887 0.508115082 1.687384282 2.116182205 0.565793988 0.006020381 0.064118927 0.171196093 0.081645481 0.17376435 0.007802881 0.596351144 0 0.273100827 224.8722 0.043267861 0.155936205 0.014334305 53827.2 1900.8 18230.4 34560 23155.2 0.0092297 18.98316
36068 730028 16.8359267 8.932253433 10.68859158 0.015 0.02627801 0.944804214 0.505879239 1.693971621 2.088981999 0.584210795 0.005932514 0.066125621 0.174835685 0.084596501 0.181038854 0.007876463 0.600267349 0 0.275676205 222.9192 0.04369021 0.155631651 0.014579047 53827.2 1382.4 18230.4 34560 23155.2 0.0080635 31.23036
36069 730029 16.74672484 8.939208374 10.67551275 0.015 0.0257298 0.945711596 0.503751394 1.700301245 2.06154383 0.602327769 0.005848085 0.068053808 0.178332886 0.08743207 0.18809437 0.007953174 0.604341482 0 0.278361073 220.9662 0.044121718 0.15531012 0.014825897 53827.2 1900.8 16588.8 25641.29032 20217.6 0.0069428 48.28572
36070 730030 16.65575252 8.945806912 10.66236921 0.015 0.025207969 0.946575316 0.50174388 1.706326297 2.033830339 0.620049718 0.005767719 0.069889213 0.181661808 0.090131195 0.194884738 0.008033 0.608598321 0 0.281155008 219.0006 0.044559332 0.154972383 0.015073412 53827.2 1900.8 14515.2 25641.29032 20217.6 0.0058762 103.3074
36071 730031 16.56294766 8.952023939 10.64909713 0.015 0.024716575 0.947388657 0.499869028 1.711999921 2.005804164 0.637281445 0.00569204 0.071617563 0.18479656 0.092672886 0.201363798 0.008115931 0.613062644 0 0.284057589 217.0476 0.045 0.15461921 0.015320153 49420.8 1900.8 9244.8 25641.29032 20217.6 0.0048717 88.92828
36072 730032 16.46824823 8.957834349 10.63563268 0.015 0.024259677 0.948144902 0.498139171 1.717275258 1.977427944 0.653927758 0.005621674 0.073224583 0.187711254 0.095036152 0.207485389 0.008201954 0.617759229 0 0.28706839 215.0946 0.045440668 0.154251371 0.015564679 49420.8 1900.8 9244.8 25641.29032 20217.6 0.0039377 164.52072
36073 730033 16.37159214 8.963213035 10.62191205 0.015 0.023841333 0.948837333 0.496566641 1.722105453 1.94866432 0.669893461 0.005557245 0.074696 0.19038 0.0972 0.213203351 0.008291057 0.622712853 0 0.29018699 213.1416 0.045878282 0.153869636 0.015805548 49420.8 1900.8 9244.8 25641.29032 20217.6 0.0030826 90.35712
36074 730034 16.27291733 8.968134893 10.60787141 0.015 0.023465602 0.949459234 0.495163771 1.726443647 1.919475931 0.68508336 0.005499379 0.076017539 0.19277691 0.09914344 0.218471523 0.008383228 0.627948294 0 0.293412965 211.2012 0.04630979 0.153474776 0.016041319 127008 9158.4 20649.6 25641.29032 20217.6 0.0023145 158.6466
36075 730035 16.17216175 8.972574814 10.59344693 0.015 0.02313654 0.950003887 0.493942892 1.730242983 1.889825416 0.699402262 0.005448701 0.077174927 0.194876093 0.100845481 0.223243746 0.008478454 0.633490331 0 0.296745892 209.2482 0.046732139 0.153067562 0.016270552 113184 7776 20649.6 25641.29032 20217.6 0.0016419 105.0084
36076 730036 16.06926333 8.976507694 10.57857481 0.015 0.022858208 0.950464575 0.492916337 1.733456605 1.859675414 0.712754971 0.005405835 0.078153889 0.196651662 0.102285131 0.227473859 0.008576724 0.63936374 0 0.300185348 207.3078 0.047142276 0.152648763 0.016491807 86313.6 6480 18230.4 25641.29032 20217.6 0.0010729 156.17448
36077 730037 15.96416001 8.979908425 10.56319121 0.015 0.022634663 0.950834581 0.492096438 1.736037654 1.828988566 0.725046294 0.005371407 0.078940152 0.198077726 0.103441399 0.231115701 0.008678026 0.645593301 0 0.30373091 205.3674 0.047537146 0.15221915 0.016703641 63504 4233.6 14515.2 25641.29032 20217.6 0.00061596 148.3272
36078 730038 15.85678972 8.982751902 10.54723231 0.015 0.022469963 0.951107188 0.491495527 1.737939275 1.79772751 0.736181036 0.005346042 0.07951944 0.199128397 0.104293294 0.234123112 0.008782347 0.65220379 0 0.307382155 203.4396 0.047913698 0.151779493 0.016904614 53827.2 2505.6 14515.2 25641.29032 20217.6 0.00027929 30.41388
36079 730039 15.74709041 8.985013018 10.53063429 0.015 0.022368167 0.951275677 0.491125937 1.739114609 1.765854886 0.746064003 0.005330365 0.079877481 0.199777784 0.104819825 0.236449932 0.008889676 0.659219986 0 0.311138659 201.5118 0.048268878 0.151330563 0.017093285 49420.8 2505.6 9244.8 25641.29032 20217.6 7.12E-05 25.19748
36080 730040 15.635 8.986666667 10.51333333 0.015 0.022333333 0.951333333 0.491 1.7395168 1.733333333 0.7546 0.005325 0.08 0.2 0.105 0.23805 0.009 0.666666667 0 0.315 199.584 0.048599634 0.15087313 0.017268214 45100.8 1900.8 9244.8 25641.29032 20217.6 0 22.63464
36081 730041 15.51695322 8.987993268 10.49595613 0.015 0.022367426 0.949322175 0.492170248 1.737806986 1.698735578 0.762048772 0.005347987 0.079575154 0.19983239 0.104624672 0.23926002 0.009182659 0.675819335 0 0.321393053 197.6688 0.048902911 0.150407964 0.017427959 37238.4 1900.8 9244.8 25641.29032 20217.6 0.00011609 80.89956
36082 730042 15.38989321 8.989287751 10.47910938 0.015 0.022466665 0.94355246 0.495527517 1.73290178 1.660960258 0.768790182 0.005413934 0.078356333 0.19934494 0.10354314 0.240445134 0.009497359 0.687718602 0 0.332407582 195.7536 0.049175656 0.149935836 0.01757108 37238.4 1900.8 12009.6 25641.29032 20217.6 0.00046048 110.97324
36083 730043 15.25452054 8.990546771 10.46269923 0.015 0.022626491 0.934419825 0.500841594 1.725137541 1.620458884 0.774909213 0.005518319 0.076427114 0.198560724 0.101822085 0.241601843 0.009929643 0.702036903 0 0.347537499 193.851 0.049414818 0.149457516 0.017696135 37238.4 1900.8 9244.8 25641.29032 20217.6 0.0010274 145.87776
36084 730044 15.11153579 8.991766985 10.44663185 0.015 0.022842346 0.922319908 0.507882266 1.714850625 1.577682965 0.780490846 0.005656619 0.073871072 0.197502812 0.099528188 0.242726646 0.010465049 0.718446677 0 0.366276716 191.9484 0.049617342 0.148973775 0.017801684 37238.4 1900.8 9244.8 25641.29032 20217.6 0.001811 140.57064
36085 730045 14.96163952 8.992945049 10.4308134 0.015 0.02310967 0.907648346 0.516419321 1.702377388 1.533084012 0.785620065 0.005824313 0.070771785 0.196194278 0.096728127 0.243816043 0.011089118 0.736620361 0 0.388119144 190.0584 0.049780175 0.148485382 0.017886286 37238.4 1900.8 9244.8 25641.29032 20217.6 0.0028056 59.10408
36086 730046 14.80553231 8.99407762 10.41515005 0.015 0.023423905 0.890800777 0.526222546 1.688054189 1.487113533 0.790381851 0.006016879 0.067212828 0.194658194 0.093488584 0.244866533 0.011787391 0.756230392 0 0.412558696 188.1684 0.049900265 0.147993108 0.0179485 45100.8 1900.8 12009.6 25641.29032 20217.6 0.0040053 23.814
36087 730047 14.64391473 8.995161354 10.39954794 0.015 0.023780491 0.87217284 0.537061728 1.672217383 1.44022304 0.794861189 0.006229793 0.063277778 0.192917632 0.089876238 0.245874618 0.012545408 0.776949209 0 0.439089282 186.3036 0.049974557 0.147497724 0.017986885 63504 4233.6 16588.8 25641.29032 20217.6 0.0054044 112.85568
36088 730048 14.47748736 8.996192907 10.38391325 0.015 0.024174871 0.85216017 0.548706655 1.655203328 1.39286404 0.79914306 0.006458535 0.059050211 0.190995664 0.085957769 0.246836795 0.013348709 0.798449247 0 0.467204814 184.4388 0.05 0.147 0.018 95904 4233.6 18230.4 25641.29032 20217.6 0.006997 119.4102
36089 730049 14.30695075 8.997168937 10.36815213 0.015 0.024602484 0.831158406 0.560927114 1.63734838 1.345488046 0.803312446 0.006698582 0.054613703 0.188915362 0.081799859 0.247749566 0.014182834 0.820402945 0 0.496399205 182.574 0.049943809 0.146462184 0.017975851 68688 2505.6 16588.8 25641.29032 20217.6 0.0087774 85.48092
36090 730050 14.13300549 8.998086098 10.35217075 0.015 0.025058773 0.809563186 0.573492891 1.618988897 1.298546565 0.807454332 0.006945413 0.05005183 0.186699799 0.077469186 0.24860943 0.015033325 0.842482741 0 0.526166365 180.7344 0.049780928 0.145849182 0.01790543 63504 1900.8 14515.2 25641.29032 20217.6 0.01074 9.93384
36091 730051 13.95635215 8.998941049 10.33587526 0.015 0.025539178 0.787770147 0.586173775 1.600461236 1.252491108 0.811653698 0.007194504 0.04544817 0.184372046 0.073032431 0.249412886 0.01588572 0.864361071 0 0.556000207 178.8948 0.04951989 0.14516575 0.017791778 58579.2 1900.8 9244.8 25641.29032 20217.6 0.012878 99.31572
36092 730052 13.7776913 8.999730444 10.31917182 0.015 0.02603914 0.766174927 0.598739553 1.582101753 1.207773185 0.815995528 0.007441334 0.040886297 0.181955177 0.068556274 0.250156435 0.016725561 0.885710372 0 0.585394642 177.0804 0.049169232 0.144416644 0.017637935 45100.8 1900.8 9244.8 25641.29032 20217.6 0.015187 137.25936
36093 730053 13.59772351 9.000450941 10.30196661 0.015 0.026554101 0.745173163 0.610960012 1.564246806 1.164844305 0.820564805 0.007681381 0.036449789 0.179472262 0.064107395 0.250836576 0.017538388 0.906203083 0 0.613843581 175.266 0.048737489 0.14360662 0.017446943 30153.6 1900.8 9244.8 25641.29032 20217.6 0.017661 9.91116
36094 730054 13.41714935 9.001099195 10.28416577 0.015 0.027079501 0.725160494 0.622604938 1.547232751 1.124155978 0.825446511 0.007910123 0.032222222 0.176946375 0.059752475 0.251449809 0.018309741 0.925511641 0 0.640840937 173.4642 0.048233196 0.142740434 0.01722184 30153.6 1382.4 9244.8 25641.29032 20217.6 0.020293 88.05024
36095 730055 13.23666939 9.001671864 10.26567547 0.015 0.027610782 0.706532556 0.633444121 1.531395945 1.086159714 0.830725628 0.008123038 0.028287172 0.174400588 0.055558194 0.251992634 0.019025161 0.943308484 0 0.665880621 171.675 0.047664888 0.141822842 0.016965668 30153.6 1382.4 9244.8 25641.29032 20217.6 0.023079 54.86292
36096 730056 13.05698422 9.002165604 10.24640187 0.015 0.028143385 0.689684987 0.643247345 1.517072745 1.051307023 0.836487139 0.008315603 0.024728215 0.171857972 0.051591231 0.25246155 0.019670187 0.959266047 0 0.688456545 169.8984 0.047041101 0.1408586 0.016681468 37238.4 1382.4 9244.8 25641.29032 20217.6 0.026011 10.72764
36097 730057 12.87879439 9.00257707 10.22625113 0.015 0.028672751 0.675013425 0.651784401 1.504599509 1.020049414 0.842816027 0.008483297 0.021628928 0.169341601 0.047918266 0.252853058 0.020230361 0.97305677 0 0.70806262 168.1344 0.04637037 0.139852465 0.016372279 45100.8 1382.4 9244.8 25641.29032 20217.6 0.029085 26.21808
36098 730058 12.70280048 9.00290292 10.20512941 0.015 0.029194321 0.662913508 0.658825073 1.494312592 0.992838398 0.849797275 0.008621598 0.019072886 0.166874546 0.044605981 0.253163657 0.020691222 0.984353089 0 0.724192758 166.3956 0.045661231 0.138809191 0.016041142 53827.2 2505.6 14515.2 25641.29032 20217.6 0.032295 49.03416
36099 730059 12.52970306 9.003139809 10.18294288 0.015 0.029703536 0.653780873 0.66413915 1.486548353 0.970125484 0.857515864 0.008725982 0.017143667 0.164479879 0.041721055 0.253389848 0.021038311 0.992827442 0 0.73634087 164.6568 0.044922217 0.137733535 0.015691098 53827.2 1900.8 14515.2 25641.29032 20217.6 0.035635 78.246
36100 730060 12.36020271 9.003284395 10.15959769 0.015 0.030195838 0.648011158 0.667496419 1.481643148 0.952362181 0.866056779 0.008791929 0.015924846 0.162180673 0.039330168 0.253528129 0.021257168 0.998152267 0 0.74400087 162.9432 0.044161866 0.136630253 0.015325187 49420.8 1900.8 12009.6 34560 16243.2 0.039098 110.65572
36101 730061 12.195 9.003333333 10.135 0.015 0.030666667 0.646 0.668666667 1.479933333 0.94 0.875505 0.008814917 0.0155 0.16 0.0375 0.253575 0.021333333 1 0 0.746666667 161.2422 0.043388711 0.135504102 0.014946449 45100.8 1900.8 12009.6 34560 16243.2 0.04268 67.72248
36102 730062 12.02897303 8.9993545 10.1071234 0.015 0.031146656 0.647565601 0.668666667 1.481521727 0.930600199 0.890696572 0.008806958 0.015546445 0.157801144 0.035979185 0.253378057 0.021291297 1 0.00141412 0.745195388 159.5538 0.042611289 0.134359836 0.014557926 45100.8 1900.8 12009.6 34560 16243.2 0.05077 61.37208
36103 730063 11.856914 8.987723954 10.07423565 0.015 0.031667305 0.652149349 0.668666667 1.486163538 0.921424938 0.915991214 0.008783701 0.015682173 0.155440967 0.034473072 0.252801287 0.021168404 1 0.00558615 0.740894139 157.878 0.041838134 0.133202213 0.014162657 53827.2 2505.6 16588.8 34560 16243.2 0.067413 63.36792
36104 730064 11.67939459 8.968900623 10.03668418 0.015 0.032225355 0.65958166 0.668666667 1.49367371 0.912477078 0.950759424 0.008746072 0.015901773 0.152932904 0.032983416 0.251865776 0.02096948 1 0.012410597 0.733931801 156.2274 0.041077783 0.132035987 0.013763682 214272 12441.6 20649.6 34560 16243.2 0.092085 122.08644
36105 730065 11.49698648 8.94334344 9.994816444 0.015 0.032817549 0.669692949 0.668666667 1.503867188 0.903759479 0.9943717 0.008694998 0.016199833 0.150290395 0.03151197 0.250592612 0.02069935 1 0.02178197 0.724477255 154.5894 0.040338769 0.130865916 0.013364043 117504 6480 14515.2 34560 16243.2 0.12426 112.22064
36106 730066 11.31026137 8.911511332 9.948979871 0.015 0.033440628 0.682313633 0.668666667 1.516558917 0.895275003 1.046198538 0.008631407 0.016570943 0.147526875 0.030060488 0.249002882 0.020362839 1 0.033594774 0.712699382 152.9766 0.03962963 0.129696755 0.01296678 80179.2 5270.4 14515.2 34560 16243.2 0.16341 95.27868
36107 730067 11.11979094 8.873863229 9.8995219 0.015 0.034091333 0.697274128 0.668666667 1.53156384 0.88702651 1.105610437 0.008556226 0.017009691 0.144655782 0.028630726 0.247117673 0.019964773 1 0.047743517 0.698767063 151.3764 0.038958899 0.12853326 0.012574933 61084.8 4233.6 12009.6 34560 16243.2 0.20902 51.75576
36108 730068 10.92614688 8.830858063 9.846789969 0.015 0.034766407 0.714404851 0.668666667 1.548696902 0.879016863 1.171977894 0.008470382 0.017510667 0.141690553 0.027224436 0.244958073 0.019509977 1 0.064122706 0.68284918 149.7888 0.038335112 0.127380187 0.012191543 41385.6 4233.6 9244.8 34560 16243.2 0.26056 36.94572
36109 730069 10.72990087 8.782954761 9.791131518 0.015 0.035462591 0.733536216 0.668666667 1.567773048 0.871248921 1.244671407 0.008374802 0.018068459 0.138644626 0.025843373 0.242545167 0.019003275 1 0.082626848 0.665114614 148.2264 0.037766804 0.126242292 0.01181965 50457.6 4233.6 9244.8 34560 16243.2 0.3175 98.13636
36110 730070 10.5316246 8.730612255 9.732893982 0.015 0.036176627 0.754498641 0.668666667 1.588607222 0.863725545 1.323061473 0.008270414 0.018677656 0.135531437 0.024489291 0.239900044 0.018449493 1 0.103150451 0.645732245 146.6892 0.037262511 0.125124331 0.011462295 55296 3369.6 9244.8 34560 16243.2 0.37932 112.06188
36111 730071 10.33188976 8.674289473 9.672424801 0.015 0.036905256 0.777122541 0.668666667 1.611014368 0.856449598 1.40651859 0.008158145 0.019332847 0.132364424 0.023163944 0.237043791 0.017853456 1 0.125588021 0.624870956 145.1646 0.036830768 0.124031061 0.011122518 50457.6 3369.6 9244.8 34560 16243.2 0.4455 118.23084
36112 730072 10.13126804 8.614445345 9.610071413 0.015 0.03764522 0.801238333 0.668666667 1.634809431 0.849423939 1.494413255 0.008038922 0.020028622 0.129157023 0.021869086 0.233997495 0.017219989 1 0.149834066 0.602699626 143.6652 0.03648011 0.122967236 0.010803359 41385.6 3369.6 9244.8 34560 16243.2 0.51551 96.82092
36113 730073 9.930331116 8.551538802 9.546181255 0.015 0.038393261 0.826676432 0.668666667 1.659807356 0.842651429 1.586115965 0.007913671 0.020759569 0.125922673 0.020606472 0.230782242 0.016553918 1 0.175783092 0.579387137 142.1784 0.036219072 0.121937614 0.01050786 41385.6 3369.6 9244.8 34560 16243.2 0.58882 85.9572
36114 730074 9.729650682 8.486028773 9.481101765 0.015 0.039146121 0.853267256 0.668666667 1.685823086 0.836134931 1.680997219 0.007783322 0.021520276 0.12267481 0.019377855 0.227419121 0.015860068 1 0.203329607 0.555102371 140.7294 0.036056191 0.12094695 0.01023906 41385.6 2505.6 9244.8 34560 16243.2 0.66492 16.28424
36115 730075 9.529798422 8.418374188 9.415180382 0.015 0.039900541 0.880841219 0.668666667 1.712671566 0.829877304 1.778427515 0.007648799 0.022305333 0.119426872 0.01818499 0.223929218 0.015143263 1 0.232368118 0.530014208 139.2804 0.036 0.12 0.01 41385.6 2505.6 9244.8 34560 16243.2 0.74327 13.58532
36116 730076 9.331346025 8.349033976 9.348764544 0.015 0.040653263 0.909228737 0.668666667 1.740167741 0.82388141 1.877777348 0.007511032 0.023109329 0.116192296 0.017029631 0.22033362 0.014408329 1 0.262793132 0.50429153 137.8692 0.036044825 0.119063062 0.009773803 41385.6 2505.6 9244.8 34560 16243.2 0.82336 24.24492
36117 730077 9.134865176 8.278467067 9.282201688 0.015 0.041401029 0.938260228 0.668666667 1.768126554 0.818150109 1.978417218 0.007370946 0.023926853 0.112984518 0.015913531 0.216653415 0.013660092 1 0.294499156 0.478103217 136.4832 0.036174927 0.118101603 0.009542248 41385.6 2505.6 9244.8 34560 16243.2 0.90465 20.09448
36118 730078 8.940927562 8.207132392 9.215839253 0.015 0.04214058 0.967766108 0.668666667 1.796362951 0.812686263 2.079717621 0.00722947 0.024752494 0.109816976 0.014838446 0.212909689 0.012903376 1 0.327380697 0.451618151 135.1098 0.036383746 0.117119135 0.009306361 41385.6 2505.6 12009.6 34560 16243.2 0.98663 24.06348
36119 730079 8.750104871 8.135488879 9.150024676 0.015 0.042868658 0.997576791 0.668666667 1.824691876 0.807492733 2.181049055 0.00708753 0.02558084 0.106703108 0.013806129 0.20912353 0.012143006 1 0.361332263 0.425005213 133.7742 0.036664723 0.116119169 0.009067166 41385.6 2505.6 12009.6 34560 16243.2 1.0688 31.5252
36120 730080 8.562968788 8.063995459 9.085105396 0.015 0.043582005 1.027522695 0.668666667 1.852928273 0.80257238 2.281782018 0.006946054 0.02640648 0.10365635 0.012818334 0.205316026 0.011383808 1 0.39624836 0.398433284 132.4512 0.037011297 0.115105216 0.00882569 41385.6 2505.6 12009.6 34560 16243.2 1.1505 44.04456
36121 730081 8.380091001 7.993111061 9.02142885 0.015 0.044277362 1.057434235 0.668666667 1.880887087 0.797928064 2.381287008 0.006805968 0.027224004 0.10069014 0.011876815 0.201508262 0.010630607 1 0.432023496 0.372071246 131.1534 0.03741691 0.114080788 0.008582957 41385.6 2505.6 12009.6 34560 16243.2 1.2314 21.4326
36122 730082 8.202043196 7.923294615 8.959342477 0.015 0.044951472 1.087141828 0.668666667 1.908383262 0.793562647 2.478934521 0.006668201 0.028028 0.097817915 0.010983327 0.197721327 0.009888228 1 0.468552177 0.346087979 129.8934 0.037875 0.113049396 0.008339992 41385.6 1900.8 12009.6 34560 16243.2 1.3109 12.99564
36123 730083 8.02939706 7.855005051 8.899193715 0.015 0.045601075 1.116475889 0.668666667 1.935231742 0.78947899 2.574095055 0.006533678 0.028813057 0.095053112 0.010139623 0.193976307 0.009161496 1 0.505728911 0.320652364 128.646 0.038379009 0.112014552 0.008097822 41385.6 1900.8 12009.6 34560 16243.2 1.3884 11.4534
36124 730084 7.862724281 7.788701298 8.841330001 0.015 0.046222914 1.145266836 0.668666667 1.961247472 0.785679953 2.666139109 0.006403329 0.029573765 0.092409168 0.009347458 0.190294289 0.008455237 1 0.543448205 0.295933283 127.4364 0.038922376 0.110979765 0.00785747 41385.6 1900.8 12009.6 34560 16243.2 1.4634 9.43488
36125 730085 7.702596544 7.724842287 8.786098774 0.015 0.04681373 1.173345083 0.668666667 1.986245396 0.782168398 2.754437179 0.006278078 0.030304711 0.08989952 0.008608586 0.186696361 0.007774275 1 0.581604567 0.272099616 126.2394 0.039498542 0.109948549 0.007619963 41385.6 1900.8 12009.6 34560 16243.2 1.5355 12.18350298
36126 730086 7.549585536 7.663886947 8.733847472 0.015 0.047370266 1.200541047 0.668666667 2.010040459 0.778947186 2.838359762 0.006158855 0.031000486 0.087537606 0.007924761 0.183203611 0.007123436 1 0.620092502 0.249320246 125.0802 0.040100948 0.108924414 0.007386325 41385.6 1900.8 9244.8 34560 16243.2 1.6041 4.85352
36127 730087 7.404262945 7.606294208 8.684923532 0.015 0.047889261 1.226685144 0.668666667 2.032447606 0.776019177 2.917277358 0.006046586 0.031655677 0.085336863 0.007297737 0.179837124 0.006507544 1 0.658806518 0.227764053 123.9462 0.040723032 0.107910871 0.007157582 50457.6 1900.8 9244.8 34560 16243.2 1.6686 9.09468
36128 730088 7.267200456 7.552522999 8.639674393 0.015 0.04836746 1.251607791 0.668666667 2.05328178 0.773387234 2.990560462 0.005942198 0.032264875 0.083310728 0.006729268 0.176617988 0.005931426 1 0.697641123 0.207599918 122.84118 0.041358236 0.106911433 0.00693476 50457.6 1900.8 9244.8 34560 16243.2 1.7285 14.69664
36129 730089 7.138969758 7.50303225 8.598447492 0.015 0.048801602 1.275139403 0.668666667 2.072357926 0.771054216 3.057579574 0.005846618 0.032822667 0.081472638 0.006221109 0.17356729 0.005399906 1 0.736490824 0.188996722 121.76388 0.042 0.105929609 0.006718882 50457.6 1900.8 9244.8 34560 16243.2 1.7834 73.84608
36130 730090 7.020142535 7.458280892 8.561590269 0.015 0.04918843 1.297110396 0.668666667 2.089490988 0.769022984 3.117705189 0.005760774 0.033323642 0.079836031 0.005775013 0.170706118 0.00491781 1 0.775250127 0.172123346 120.71682 0.042641764 0.104968912 0.006510975 50457.6 1900.8 9244.8 34560 16243.2 1.8326 64.32048
36131 730091 6.911290476 7.418727854 8.52945016 0.015 0.049524685 1.317351186 0.668666667 2.104495911 0.767296401 3.170307806 0.005685593 0.033762391 0.078414343 0.005392734 0.168055559 0.004489962 1 0.81381354 0.157148672 119.7 0.043276968 0.104032853 0.006312064 50457.6 1900.8 9244.8 34560 16243.2 1.8758 33.1776
36132 730092 6.812985267 7.384832065 8.502374604 0.015 0.04980711 1.335692191 0.668666667 2.117187639 0.765877326 3.214757923 0.005622002 0.0341335 0.077221012 0.005076028 0.165636699 0.004121188 1 0.85207557 0.144241581 118.70586 0.043899052 0.103124942 0.006123174 50457.6 1900.8 9244.8 34560 16243.2 1.9122 63.98028
36133 730093 6.725798595 7.357052455 8.480711038 0.015 0.050032445 1.351963825 0.668666667 2.127381118 0.764768621 3.250426036 0.005570928 0.034431561 0.076269475 0.004826647 0.163470626 0.003816313 1 0.889930724 0.133570954 117.72558 0.044501458 0.102248692 0.005945331 50457.6 1900.8 9244.8 34560 16243.2 1.9415 26.082
36134 730094 6.650302146 7.335847955 8.464806902 0.015 0.050197433 1.365996505 0.668666667 2.13489129 0.763973146 3.276682644 0.005533299 0.03465116 0.075573169 0.004646346 0.161578427 0.003580162 1 0.927273509 0.125305672 116.75916 0.045077624 0.101407614 0.005779559 50457.6 2505.6 12009.6 34560 16243.2 1.963 35.17668
36135 730095 6.587067608 7.321677493 8.455009632 0.015 0.050298815 1.377620647 0.668666667 2.139533101 0.763493763 3.292898244 0.005510042 0.034786888 0.075145532 0.004536879 0.159981189 0.00341756 1 0.963998432 0.119614616 115.8066 0.045620991 0.100605218 0.005626884 50457.6 1900.8 9244.8 34560 16243.2 1.9763 38.57868
36136 730096 6.536666667 7.315 8.451666667 0.015 0.050333333 1.386666667 0.668666667 2.141121494 0.763333333 3.298443333 0.005502083 0.034833333 0.075 0.0045 0.1587 0.003333333 1 1 0.116666667 114.8679 0.046125 0.099845017 0.005488331 50457.6 1900.8 9244.8 34560 16243.2 1.9809 28.19124
36137 730097 6.493093268 7.312241161 8.452047898 0.014998734 0.050322816 1.394336123 0.66901666 2.140963407 0.76365569 3.297728377 0.005502167 0.034824739 0.075092513 0.004500745 0.157587714 0.003290193 0.999976628 1.036497812 0.115156748 113.94306 0.04658309 0.099130522 0.005364925 50457.6 1900.8 9244.8 34560 16243.2 1.9803 79.35732
36138 730098 6.449960143 7.309520566 8.45318486 0.01499497 0.050291544 1.40194344 0.670057336 2.140493346 0.764615105 3.29560251 0.005502417 0.034799186 0.075367595 0.00450299 0.156483172 0.003247632 0.999907134 1.074753374 0.113667126 113.02956 0.046988703 0.098465243 0.005257692 50457.6 1900.8 7603.2 34560 16243.2 1.9787 48.6486
36139 730099 6.407267156 7.306837995 8.45506745 0.014988758 0.050239935 1.409488334 0.671774743 2.139717615 0.766200101 3.292094236 0.005502837 0.034757015 0.075821556 0.004506752 0.155386441 0.003205648 0.999792449 1.114724054 0.112197694 112.1274 0.047335277 0.097852693 0.005167657 50457.6 1900.8 7603.2 34560 16243.2 1.976 58.89996
36140 730100 6.365014174 7.304193234 8.457685568 0.014980148 0.050168411 1.416970518 0.674154927 2.138642516 0.768399198 3.287232058 0.005503427 0.03469857 0.076450709 0.004512049 0.154297588 0.003164238 0.999633505 1.156367219 0.110748346 111.23784 0.047616254 0.097296382 0.005095845 50457.6 1900.8 7603.2 34560 16243.2 1.9722 84.98196
36141 730101 6.32320106 7.301586064 8.461029114 0.014969192 0.050077389 1.424389709 0.677183935 2.137274352 0.771200916 3.281044479 0.005504189 0.034624193 0.077251365 0.004518898 0.15321668 0.003123399 0.999431234 1.19964024 0.109318976 110.35962 0.047825073 0.096799822 0.005043281 50457.6 1900.8 7603.2 34560 16243.2 1.9674 75.95532
36142 730102 6.281827681 7.299016269 8.465087987 0.014955939 0.049967289 1.431745621 0.680847814 2.135619424 0.774593776 3.273560002 0.005505125 0.034534228 0.078219836 0.004527316 0.152143784 0.003083128 0.999186568 1.244500482 0.107909479 109.49274 0.047955175 0.096366524 0.005010991 50457.6 1900.8 7603.2 34560 16243.2 1.9616 20.25324
36143 730103 6.240893902 7.296483632 8.469852086 0.01494044 0.04983853 1.43903797 0.68513261 2.133684035 0.778566298 3.264807131 0.005506236 0.034429015 0.079352434 0.00453732 0.151078966 0.003043421 0.998900438 1.290905316 0.106519747 108.63594 0.048 0.096 0.005 50457.6 1900.8 7603.2 34560 16243.2 1.9548 20.91096
36144 730104 6.200399587 7.293987936 8.475311311 0.014922746 0.049691533 1.44626647 0.690024371 2.131474489 0.783107003 3.254814369 0.005507523 0.034308899 0.08064547 0.004548927 0.150022293 0.003004276 0.998573776 1.338812109 0.105149676 107.78796 0.04796877 0.095678711 0.005026426 50457.6 1900.8 7603.2 34560 16243.2 1.947 79.38
36145 730105 6.160344602 7.291528964 8.481455561 0.014902907 0.049526715 1.453430837 0.695509143 2.128997086 0.788204413 3.243610219 0.005508989 0.034174221 0.082095257 0.004562154 0.148973832 0.00296569 0.998207514 1.388178229 0.103799159 106.95006 0.047877504 0.095377966 0.00510365 50457.6 1900.8 7603.2 34560 16243.2 1.9383 42.81984
36146 730106 6.120728812 7.2891065 8.488274736 0.014880973 0.049344496 1.460530785 0.701572973 2.126258131 0.793847046 3.231223185 0.005510634 0.034025325 0.083698105 0.004577018 0.14793365 0.00292766 0.997802584 1.438961045 0.10246809 106.12224 0.047729843 0.095096546 0.005228595 50457.6 1900.8 7603.2 34560 16243.2 1.9287 44.06724
36147 730107 6.081552083 7.286720325 8.495758734 0.014856996 0.049145296 1.46756603 0.708201907 2.123263925 0.800023425 3.217681769 0.00551246 0.033862553 0.085450328 0.004593536 0.146901813 0.002890182 0.997359917 1.491117924 0.101156364 105.30198 0.047529423 0.094833232 0.005398181 50457.6 1900.8 7603.2 34560 16243.2 1.9182 37.80756
36148 730108 6.042814278 7.284370225 8.503897456 0.014831024 0.048929534 1.474536287 0.715381994 2.12002077 0.806722069 3.203014475 0.005514469 0.033686247 0.087348236 0.004611726 0.145878389 0.002853254 0.996880446 1.544606236 0.099863874 104.49054 0.047279883 0.094586805 0.005609329 50457.6 1900.8 7603.2 34560 16243.2 1.9068 66.06684
36149 730109 6.004515264 7.28205598 8.512680799 0.01480311 0.048697629 1.481441271 0.723099278 2.11653497 0.813931499 3.187249806 0.005516662 0.033496751 0.089388142 0.004631604 0.144863444 0.002816872 0.996365101 1.599383348 0.098590514 103.68666 0.046984863 0.094356046 0.005858962 61084.8 1900.8 7603.2 34560 16243.2 1.8945 67.38228
36150 730110 5.966654906 7.279777376 8.522098665 0.014773302 0.04845 1.488280697 0.731339808 2.112812827 0.821640236 3.170416266 0.005519041 0.033294406 0.091566356 0.004653187 0.143857045 0.002781034 0.995814815 1.655406629 0.097336179 102.89034 0.046648 0.094139735 0.006144 61084.8 1900.8 9244.8 34560 16243.2 1.8814 35.81172
36151 730111 5.929233069 7.277534194 8.532140952 0.014741653 0.048187067 1.495054281 0.740089629 2.108860643 0.8298368 3.152542357 0.005521607 0.033079556 0.093879192 0.004676494 0.142859258 0.002745736 0.99523052 1.712633446 0.096100762 102.10158 0.046272933 0.093936655 0.006461364 50457.6 1900.8 9244.8 34560 16243.2 1.8675 89.33652
36152 730112 5.892249618 7.275326217 8.54279756 0.014708212 0.047909249 1.501761736 0.74933479 2.10468472 0.838509712 3.133656583 0.005524361 0.032852543 0.09632296 0.004701539 0.141870151 0.002710976 0.994613147 1.771021169 0.094884158 101.31912 0.0458633 0.093745585 0.006807977 50457.6 1900.8 9244.8 34560 16243.2 1.8529 25.80984
36153 730113 5.855704418 7.27315323 8.554058387 0.01467303 0.047616966 1.508402779 0.759061336 2.100291362 0.847647493 3.113787447 0.005527306 0.032613709 0.098893972 0.004728342 0.140889791 0.00267675 0.993963628 1.830527165 0.09368626 100.5417 0.045422741 0.093565306 0.007180758 50457.6 1900.8 9244.8 34560 16243.2 1.8374 21.52332
36154 730114 5.819597335 7.271015014 8.565913334 0.014636157 0.047310636 1.514977125 0.769255314 2.095686871 0.857238663 3.092963453 0.005530443 0.032363398 0.101588541 0.004756919 0.139918243 0.002643056 0.993282895 1.891108803 0.092506963 99.77184 0.044954892 0.093394601 0.00757663 50457.6 1900.8 9244.8 34560 16243.2 1.8213 24.33564
36155 730115 5.783928233 7.268911353 8.578352299 0.014597643 0.046990679 1.521484488 0.779902771 2.090877548 0.867271742 3.071213103 0.005533773 0.032101952 0.104402977 0.004787286 0.138955576 0.00260989 0.992571879 1.95272345 0.09134616 99.00576 0.044463394 0.093232249 0.007992513 50457.6 1900.8 9244.8 34560 16243.2 1.8044 29.73348
36156 730116 5.748696978 7.266842031 8.591365182 0.01455754 0.046657514 1.527924583 0.790989755 2.085869698 0.877735252 3.048564901 0.005537298 0.031829713 0.107333593 0.004819462 0.138001855 0.00257725 0.991831513 2.015328476 0.090203746 98.24472 0.043951883 0.093077032 0.008425329 50457.6 1900.8 9244.8 34560 16243.2 1.7868 39.39516
36157 730117 5.713903435 7.264806829 8.604941883 0.014515898 0.046311561 1.534297126 0.802502311 2.080669621 0.888617713 3.02504735 0.005541019 0.031547024 0.110376701 0.004853462 0.137057148 0.002545132 0.991062728 2.078881248 0.089079614 97.48872 0.043424 0.09292773 0.008872 50457.6 1900.8 12009.6 34560 16243.2 1.7685 30.66336
36158 730118 5.679547469 7.262805532 8.619072301 0.014472766 0.045953239 1.540601833 0.814426486 2.075283622 0.899907645 3.000688954 0.005544938 0.031254228 0.113528611 0.004889305 0.136121521 0.002513533 0.990266456 2.143339134 0.087973659 96.7365 0.042883382 0.092783125 0.009329446 50457.6 1900.8 12009.6 34560 16243.2 1.7496 38.1024
36159 730119 5.645628945 7.260837923 8.633746334 0.014428197 0.045582966 1.546838417 0.826748328 2.069718001 0.91159357 2.975518214 0.005549057 0.030951668 0.116785637 0.004927007 0.135195042 0.002482451 0.989443629 2.208659503 0.086885775 95.98806 0.042333668 0.092641998 0.009794589 50457.6 1900.8 9244.8 34560 16243.2 1.73 35.09568
36160 730120 5.612147729 7.258903783 8.648953883 0.014382239 0.045201163 1.553006594 0.839453883 2.063979062 0.923664007 2.949563636 0.005553376 0.030639685 0.120144089 0.004966586 0.134277776 0.002451882 0.988595178 2.274799724 0.085815856 95.24214 0.041778496 0.092503129 0.01026435 50457.6 1900.8 9244.8 34560 16243.2 1.7099 94.05396
36161 730121 5.579103686 7.257002897 8.664684847 0.014334944 0.044808249 1.559106079 0.852529198 2.058073107 0.936107478 2.922853722 0.005557898 0.030318623 0.12360028 0.005008057 0.133369791 0.002421823 0.987722035 2.341717164 0.084763795 94.5 0.041221504 0.0923653 0.01073565 50457.6 1555.2 15465.6 34560 7862.4 1.6891 10.95444
36162 730122 5.54649668 7.255135048 8.680929125 0.014286361 0.044404643 1.565136587 0.86596032 2.052006439 0.948912502 2.895416975 0.005562624 0.029988824 0.12715052 0.00505144 0.132471153 0.002392271 0.986825132 2.409369191 0.083729487 95.27616 0.040666332 0.092227291 0.011205411 50457.6 1555.2 15465.6 34560 7862.4 1.6678 10.93176
36163 730123 5.514326577 7.253300018 8.697676616 0.014236543 0.043990764 1.571097834 0.879733295 2.04578536 0.962067601 2.867281899 0.005567555 0.029650632 0.130791123 0.00509675 0.13158193 0.002363224 0.9859054 2.477713175 0.082712825 96.0561 0.040116618 0.092087883 0.011670554 50457.6 1555.2 17884.8 34560 7862.4 1.6459 31.25304
36164 730124 5.482593243 7.251497592 8.71491722 0.014185538 0.043567031 1.576989534 0.89383417 2.039416172 0.975561295 2.838476996 0.005572693 0.029304387 0.1345184 0.005144005 0.130702188 0.002334677 0.984963773 2.546706482 0.081713705 96.8373 0.039576 0.091945858 0.012128 50457.6 1555.2 15465.6 34560 7862.4 1.6236 8.188466087
36165 730125 5.451296542 7.249727551 8.732640837 0.014133397 0.043133864 1.582811403 0.908248993 2.032905179 0.989382105 2.809030771 0.00557804 0.028950434 0.138328662 0.005193222 0.129831994 0.002306629 0.98400118 2.616306482 0.080732019 97.62354 0.039048117 0.091799996 0.012574671 50457.6 1036.8 15465.6 34560 7862.4 1.6007 53.13924
36166 730126 5.420436339 7.247989679 8.750837365 0.014080172 0.042691683 1.588563155 0.922963809 2.026258682 1.003518551 2.778971726 0.005583596 0.028589114 0.142218221 0.005244417 0.128971414 0.002279076 0.983018555 2.686470542 0.079767663 98.4123 0.038536606 0.091649079 0.013007487 50457.6 1036.8 15465.6 34560 7862.4 1.5773 31.11696
36167 730127 5.3900125 7.246283759 8.769496704 0.014025912 0.042240906 1.594244506 0.937964666 2.019482984 1.017959155 2.748328364 0.005589365 0.028220771 0.146183389 0.005297609 0.128120516 0.002252015 0.982016828 2.757156031 0.078820529 99.20484 0.038045108 0.091491886 0.01342337 50457.6 1036.8 15465.6 34560 7862.4 1.5535 49.17024
36168 730128 5.360024891 7.244609574 8.788608753 0.013970667 0.041781953 1.599855171 0.95323761 2.012584387 1.032692435 2.717129189 0.005595346 0.027845747 0.150220478 0.005352813 0.127279367 0.002225443 0.980996932 2.828320317 0.077890512 100.00242 0.037577259 0.091327201 0.013819242 50457.6 691.2 15465.6 34560 7862.4 1.5293 93.53232
36169 730129 5.330473375 7.242966907 8.808163412 0.013914489 0.041315243 1.605394864 0.968768689 2.005569195 1.047706914 2.685402704 0.005601542 0.027464384 0.154325799 0.005410048 0.126448032 0.002199357 0.979959798 2.899920769 0.076977506 100.8063 0.0371367 0.091153802 0.014192023 50457.6 691.2 15465.6 34560 7862.4 1.5047 57.3804
36170 730130 5.301357818 7.241355542 8.82815058 0.013857428 0.040841195 1.610863302 0.984543949 1.998443709 1.062991112 2.653177412 0.005607954 0.027077026 0.158495665 0.00546933 0.125626579 0.002173754 0.978906358 2.971914754 0.076081405 101.61396 0.036727067 0.090970471 0.014538636 50457.6 691.2 17884.8 34560 7862.4 1.4796 96.00444
36171 730131 5.272678086 7.23977526 8.848560156 0.013799534 0.040360228 1.616260198 1.000549437 1.991214232 1.078533549 2.620481817 0.005614583 0.026684014 0.162726386 0.005530676 0.124815075 0.002148632 0.977837545 3.044259641 0.075202103 102.42918 0.036352 0.09077599 0.014856 70156.8 691.2 17884.8 34560 7862.4 1.4542 68.08536
36172 730132 5.244434043 7.238225847 8.86938204 0.013740857 0.039872763 1.621585269 1.016771199 1.983887066 1.094322746 2.587344421 0.005621432 0.026285691 0.167014275 0.005594104 0.124013587 0.002123986 0.976754288 3.116912799 0.074339494 103.2507 0.036015137 0.090569139 0.015141038 80179.2 1036.8 15465.6 34560 7862.4 1.4285 97.25184
36173 730133 5.216625555 7.236707084 8.890606131 0.013681449 0.039379218 1.626838229 1.033195283 1.976468515 1.110347223 2.553793729 0.005628501 0.025882401 0.171355644 0.00565963 0.123222181 0.002099813 0.975657521 3.189831594 0.073493472 104.07852 0.035720117 0.090348699 0.015390671 70156.8 1036.8 15465.6 34560 7862.4 1.4024 50.44032
36174 730134 5.189252487 7.235218754 8.912222329 0.01362136 0.038880012 1.632018793 1.049807735 1.96896488 1.126595502 2.519858242 0.005635793 0.025474485 0.175746804 0.005727272 0.122440924 0.002076112 0.974548176 3.262973396 0.072663932 104.91516 0.035470577 0.090113451 0.015601819 50457.6 1036.8 15465.6 34560 7862.4 1.376 25.37892
36175 730135 5.162314704 7.233760641 8.934220532 0.013560639 0.038375566 1.637126677 1.066594602 1.961382463 1.143056102 2.485566466 0.005643308 0.025062287 0.180184068 0.005797046 0.121669882 0.002052879 0.973427183 3.336295573 0.071850766 105.75936 0.035270157 0.089862176 0.015771405 50457.6 1036.8 15465.6 34560 7862.4 1.3494 26.49024
36176 730136 5.135812072 7.232332528 8.95659064 0.013499338 0.037866297 1.642161595 1.083541931 1.953727568 1.159717545 2.450946901 0.005651048 0.024646149 0.184663746 0.00586897 0.120909124 0.002030111 0.972295475 3.409755493 0.07105387 106.61112 0.035122496 0.089593656 0.01589635 50457.6 1036.8 15465.6 34560 7862.4 1.3225 40.16628
36177 730137 5.109744455 7.230934198 8.979322553 0.013437507 0.037352626 1.647123263 1.100635769 1.946006498 1.176568351 2.416028053 0.005659016 0.024226413 0.18918215 0.005943061 0.120158715 0.002007804 0.971153983 3.483310524 0.070273137 107.47296 0.03503123 0.08930667 0.015973574 50457.6 1036.8 15465.6 34560 7862.4 1.2954 32.27364
36178 730138 5.084111718 7.229565434 9.00240617 0.013375197 0.036834971 1.652011396 1.117862162 1.938225553 1.19359704 2.380838424 0.005667211 0.023803422 0.193735593 0.006019336 0.119418722 0.001985956 0.97000364 3.556918035 0.069508461 108.34362 0.035 0.089 0.016 50457.6 691.2 15465.6 34560 7862.4 1.268 74.02752
36179 730139 5.058913727 7.228226019 9.02583139 0.013312458 0.036313753 1.656825708 1.135207157 1.930391037 1.210792133 2.345406518 0.005675636 0.023377519 0.198320386 0.006097812 0.118689212 0.001964564 0.968845376 3.630535394 0.068759736 109.22436 0.035030053 0.088627091 0.015985177 41385.6 691.2 15465.6 34560 7862.4 1.2405 105.82488
36180 730140 5.034150348 7.226915736 9.049588113 0.01324934 0.035789389 1.661565915 1.152656802 1.922509253 1.228142151 2.309760837 0.005684293 0.022949046 0.20293284 0.006178506 0.117970252 0.001943624 0.967680125 3.704119969 0.068026857 110.11518 0.035116454 0.088150098 0.015941956 41385.6 691.2 15465.6 34560 7862.4 1.2128 22.49031273
36181 730141 5.009821444 7.225634368 9.073666238 0.013185894 0.035262301 1.666231732 1.170197142 1.914586503 1.245635615 2.273929885 0.005693182 0.022518346 0.207569269 0.006261435 0.117261909 0.001923135 0.966508816 3.777629128 0.067309717 111.01734 0.035253569 0.08758087 0.015872212 41385.6 691.2 15465.6 34560 7862.4 1.185 49.35168
36182 730142 4.985926882 7.224381699 9.098055664 0.013122171 0.034732906 1.670822875 1.187814225 1.906629088 1.263261044 2.237942165 0.005702306 0.022085762 0.212225982 0.006346616 0.11656425 0.001903092 0.965332383 3.85102024 0.06660821 111.93084 0.035435763 0.086931257 0.015777819 41385.6 691.2 15465.6 34560 7862.4 1.157 88.70049391
36183 730143 4.962466527 7.223157511 9.122746291 0.01305822 0.034201624 1.675339057 1.205494097 1.898643313 1.28100696 2.20182618 0.005711665 0.021651636 0.216899293 0.006434067 0.11587734 0.001883492 0.964151758 3.924250673 0.065922231 112.85568 0.0356574 0.086213108 0.015660651 41385.6 691.2 15465.6 34560 7862.4 1.129 127.21212
36184 730144 4.939440243 7.221961587 9.147728017 0.012994093 0.033668875 1.679779995 1.223222805 1.890635479 1.298861883 2.165610435 0.005721262 0.021216311 0.221585512 0.006523804 0.115201248 0.001864334 0.962967871 3.997277794 0.065251673 113.79312 0.035912847 0.08543827 0.015522581 41385.6 1036.8 15465.6 34560 7862.4 1.1008 83.50776
36185 730145 4.916847896 7.220793711 9.172990743 0.01292984 0.033135078 1.684145403 1.240986397 1.882611889 1.316814334 2.129323431 0.005731098 0.020780129 0.226280953 0.006615845 0.114536039 0.001845612 0.961781654 4.070058973 0.06459643 114.7419 0.036196469 0.084618594 0.015365483 41385.6 1036.8 15465.6 34560 7862.4 1.0727 103.69296
36186 730146 4.894689351 7.219653666 9.198524368 0.01286551 0.032600651 1.688434997 1.258770918 1.874578845 1.334852833 2.092993672 0.005741174 0.020343433 0.230981925 0.006710206 0.113881782 0.001827326 0.96059404 4.142551578 0.063956397 115.7058 0.03650263 0.083765927 0.015191232 41385.6 1036.8 15465.6 34560 7862.4 1.0444 54.11448
36187 730147 4.872964473 7.218541234 9.224318791 0.012801156 0.032066015 1.692648491 1.276562416 1.86654265 1.352965901 2.056649661 0.005751492 0.019906567 0.235684742 0.006806905 0.113238541 0.001809471 0.95940596 4.214712976 0.063331468 116.6823 0.036825695 0.082892119 0.015001701 41385.6 1036.8 15465.6 34560 7862.4 1.0162 107.66196
36188 730148 4.851673127 7.217456199 9.250363911 0.012736827 0.031531589 1.696785601 1.294346937 1.858509606 1.371142059 2.020319903 0.005762053 0.019469871 0.240385714 0.006905959 0.112606385 0.001792044 0.958218346 4.286500537 0.062721536 117.67392 0.03716003 0.082009019 0.014798765 41385.6 1036.8 15465.6 34560 7862.4 0.98798 84.7098
36189 730149 4.83081518 7.216398344 9.276649629 0.012672574 0.030997792 1.700846042 1.312110528 1.850486015 1.389369827 1.984032899 0.00577286 0.019033689 0.245081154 0.007007384 0.11198538 0.001775043 0.957032129 4.357871628 0.062126495 118.6794 0.0375 0.081128475 0.014584297 41385.6 691.2 15465.6 34560 7862.4 0.95979 108.88668
36190 730150 4.810390494 7.215367452 9.303165842 0.012608446 0.030465042 1.704829528 1.329839237 1.842478181 1.407637726 1.947817153 0.005783913 0.018598364 0.249767374 0.007111199 0.111375593 0.001758464 0.955848242 4.428783617 0.06154624 119.7 0.03783997 0.080262337 0.014360171 41385.6 691.2 15465.6 34560 7862.4 0.93166 100.0188
36191 730151 4.790398937 7.214363306 9.329902451 0.012544496 0.029933761 1.708735776 1.347519109 1.834492406 1.425934276 1.911701169 0.005795214 0.018164238 0.254440684 0.007217419 0.11077709 0.001742305 0.954667617 4.499193873 0.060980665 120.74328 0.038174305 0.079422452 0.014128261 41385.6 691.2 15465.6 34560 7862.4 0.9036 118.23084
36192 730152 4.770840373 7.213385689 9.356849355 0.012480772 0.029404366 1.712564499 1.365136192 1.826534992 1.444247998 1.875713449 0.005806765 0.017731654 0.259097398 0.007326063 0.110189939 0.001726562 0.953491184 4.569059764 0.060429664 121.8168 0.03849737 0.078620671 0.013890441 41385.6 1036.8 15465.6 38262.85714 10108.8 0.87564 95.55084
36193 730153 4.751714667 7.212434385 9.383996453 0.012417327 0.028877277 1.716315414 1.382676532 1.818612241 1.462567412 1.839882497 0.005818566 0.017300954 0.263733826 0.007437147 0.109614206 0.001711232 0.952319875 4.638338659 0.05989313 122.9193 0.038803531 0.077868842 0.013648586 41385.6 691.2 13132.8 38262.85714 10108.8 0.84781 18.16668
36194 730154 4.733021685 7.211509175 9.411333645 0.012354209 0.028352914 1.719988235 1.400126176 1.810730457 1.48088104 1.804236816 0.00583062 0.016872481 0.268346281 0.007550688 0.109049958 0.001696313 0.951154624 4.706987925 0.059370957 124.05078 0.039087153 0.077178814 0.013404568 41385.6 691.2 13132.8 38262.85714 10108.8 0.82012 7.921593191
36195 730155 4.714761291 7.210609845 9.438850829 0.01229147 0.027831695 1.723582677 1.417471171 1.802895941 1.499177401 1.768804909 0.005842929 0.016446578 0.272931074 0.007666704 0.108497262 0.001681801 0.94999636 4.774964931 0.058863041 125.20998 0.0393426 0.076562436 0.013160262 50457.6 691.2 13132.8 38262.85714 10108.8 0.79259 53.80661106
36196 730156 4.696933351 7.209736175 9.466537906 0.012229159 0.027314041 1.727098455 1.434697564 1.795114997 1.517445017 1.73361528 0.005855493 0.016023587 0.277484517 0.007785211 0.107956185 0.001667694 0.948846017 4.842227045 0.058369274 126.3906 0.039564237 0.076031556 0.012917542 50457.6 1036.8 15465.6 38262.85714 10108.8 0.76525 154.4508
36197 730157 4.679537731 7.20888795 9.494384775 0.012167328 0.02680037 1.730535285 1.451791402 1.787393926 1.535672408 1.698696432 0.005868314 0.015603851 0.282002921 0.007906226 0.107426793 0.001653987 0.947704525 4.908731636 0.057889551 127.6128 0.039746431 0.075598023 0.012678282 50457.6 1036.8 15465.6 38262.85714 10108.8 0.73813 100.65384
36198 730158 4.662574294 7.208064953 9.522381334 0.012106028 0.026291101 1.733892882 1.468738731 1.779739031 1.553848094 1.664076868 0.005881393 0.015187713 0.286482599 0.008029768 0.106909153 0.001640679 0.946572817 4.974436071 0.057423766 128.8476 0.039883546 0.075273687 0.012444356 50457.6 1036.8 15465.6 38262.85714 10108.8 0.71123 101.35692
36199 730159 4.646042906 7.207266967 9.550517485 0.012045307 0.025786654 1.73717096 1.485525598 1.772156615 1.571960596 1.629785091 0.005894733 0.014775515 0.290919862 0.008155852 0.106403332 0.001627766 0.945451824 5.039297718 0.056971813 130.1202 0.039969947 0.075070397 0.012217637 50457.6 1036.8 15465.6 38262.85714 10108.8 0.68459 114.96492
36200 730160 4.629943433 7.206493774 9.578783124 0.011985218 0.025287449 1.740369236 1.50213805 1.76465298 1.589998436 1.595849605 0.005908335 0.014367599 0.295311022 0.008284495 0.105909397 0.001615245 0.944342479 5.103273947 0.056533585 131.418 0.04 0.075 0.012 50457.6 1036.8 15465.6 38262.85714 10108.8 0.65823 136.01196
36201 730161 4.61427574 7.205745159 9.607168153 0.011925809 0.024793904 1.743487423 1.518562134 1.757234428 1.607950132 1.562298912 0.005922199 0.013964309 0.299652391 0.008415716 0.105427415 0.001603114 0.943245712 5.166322126 0.056108978 132.7284 0.039988956 0.075132449 0.01177488 70156.8 1036.8 15465.6 38262.85714 10108.8 0.63217 76.68108
36202 730162 4.599039692 7.205020903 9.635662471 0.011867133 0.024306438 1.746525237 1.534783896 1.749907263 1.625804207 1.529161517 0.005936329 0.013565986 0.303940281 0.00854953 0.104957452 0.001591368 0.942162455 5.228399621 0.055697884 134.0766 0.039956678 0.075516385 0.011526144 80179.2 1036.8 15465.6 38262.85714 10108.8 0.60642 162.23004
36203 730163 4.584235153 7.204320791 9.664255976 0.011809239 0.023825472 1.749482393 1.550789384 1.742677786 1.64354918 1.496465921 0.005950725 0.013172974 0.308171002 0.008685956 0.104499576 0.001580006 0.941093642 5.289463803 0.055300199 135.4374 0.03990445 0.076131687 0.011256309 61084.8 1036.8 15465.6 38262.85714 10108.8 0.58102 157.69404
36204 730164 4.56986199 7.203644604 9.692938568 0.011752178 0.023351424 1.752358606 1.566564644 1.7355523 1.661173572 1.46424063 0.005965388 0.012785616 0.312340868 0.00882501 0.104053852 0.001569023 0.940040202 5.349472038 0.054915815 136.836 0.039833553 0.076958238 0.010967895 50457.6 1036.8 15465.6 38262.85714 10108.8 0.55599 115.01028
36205 730165 4.555920067 7.202992127 9.721700147 0.011696 0.022884714 1.755153591 1.582095723 1.728537107 1.678665904 1.432514145 0.005980321 0.012404253 0.316446189 0.008966709 0.103620348 0.001558418 0.939003068 5.408381696 0.054544628 138.2472 0.039745269 0.077975918 0.01066342 50457.6 1036.8 15465.6 38262.85714 10108.8 0.53134 18.62028
36206 730166 4.54240925 7.202363143 9.750530612 0.011640755 0.022425761 1.757867064 1.597368667 1.721638511 1.696014697 1.40131497 0.005995524 0.012029229 0.320483278 0.00911107 0.103199131 0.001548187 0.937983172 5.466150145 0.05418653 139.6836 0.039640882 0.079164609 0.010345405 50457.6 1036.8 15465.6 38262.85714 10108.8 0.5071 12.31524
36207 730167 4.529329403 7.201757433 9.779419863 0.011586495 0.021974984 1.760498739 1.612369524 1.714862813 1.71320847 1.370671608 0.006011 0.011660886 0.324448446 0.009258111 0.102790267 0.001538326 0.936981445 5.522734752 0.053841417 141.1452 0.039521674 0.080504191 0.010016367 50457.6 1036.8 15465.6 38262.85714 10108.8 0.4833 163.4094
36208 730168 4.516680393 7.201174783 9.808357797 0.011533269 0.021532802 1.763048332 1.627084341 1.708216316 1.730235745 1.340612563 0.00602675 0.011299566 0.328338005 0.009407848 0.102393823 0.001528834 0.93599882 5.578092886 0.053509181 142.632 0.039388927 0.081974547 0.009678825 50457.6 1036.8 15465.6 38262.85714 10108.8 0.45995 159.2136
36209 730169 4.504462083 7.200614973 9.837334316 0.011481129 0.021099636 1.765515557 1.641499163 1.701705322 1.747085042 1.311166337 0.006042775 0.010945613 0.332148267 0.009560299 0.102009867 0.001519706 0.935036227 5.632181916 0.053189718 144.1314 0.039243924 0.083555556 0.009335299 50457.6 1036.8 15465.6 38262.85714 10108.8 0.43707 183.77604
36210 730170 4.49267434 7.200077789 9.866339318 0.011430124 0.020675903 1.767900131 1.655600039 1.695336135 1.763744882 1.282361434 0.006059077 0.010599368 0.335875543 0.00971548 0.101638464 0.001510941 0.9340946 5.684959209 0.052882921 145.656 0.039087947 0.0852271 0.008988307 50457.6 1036.8 15465.6 38262.85714 10108.8 0.4147 187.677
36211 730171 4.481317028 7.199563012 9.895362703 0.011380305 0.020262024 1.770201767 1.669373014 1.689115055 1.780203785 1.254226358 0.006075658 0.010261176 0.339516146 0.00987341 0.101279682 0.001502534 0.933174868 5.736382134 0.052588685 147.2058 0.038922278 0.08696906 0.008640368 50457.6 1036.8 15465.6 38262.85714 10108.8 0.39284 191.21508
36212 730172 4.470390013 7.199070426 9.92439437 0.011331723 0.019858418 1.77242018 1.682804135 1.683048387 1.796450272 1.226789611 0.006092518 0.009931377 0.343066387 0.010034104 0.100933587 0.001494483 0.932277965 5.786408059 0.052306902 148.7682 0.0387482 0.088761317 0.008294001 50457.6 1036.8 20304 38262.85714 10108.8 0.37152 175.40712
36213 730173 4.459893159 7.198599814 9.953424218 0.011284428 0.019465503 1.774555087 1.69587945 1.677142432 1.812472864 1.200079697 0.00610966 0.009610315 0.346522578 0.01019758 0.100600246 0.001486785 0.931404822 5.834994353 0.052037468 150.3558 0.038566996 0.090583752 0.007951725 50457.6 1036.8 20304 38262.85714 10108.8 0.35077 180.21528
36214 730174 4.449826333 7.19815096 9.982442147 0.01123847 0.0190837 1.776606202 1.708585005 1.671403493 1.828260081 1.174125119 0.006127085 0.009298332 0.34988103 0.010363855 0.100279727 0.001479436 0.930556371 5.882098383 0.051780276 151.956 0.038379947 0.092416248 0.007616059 50457.6 1036.8 20304 38262.85714 10108.8 0.33061 111.17736
36215 730175 4.440189398 7.197723645 10.01143806 0.0111939 0.018713428 1.778573241 1.720906847 1.665837873 1.843800444 1.14895438 0.006144794 0.008995772 0.353138055 0.010532946 0.099972095 0.001472435 0.929733544 5.927677518 0.05153522 153.5814 0.038188337 0.094238683 0.007289522 50457.6 1036.8 20304 38262.85714 10108.8 0.31106 30.91284
36216 730176 4.430982221 7.197317653 10.04040185 0.011150769 0.018355106 1.780455917 1.732831023 1.660451873 1.859082473 1.124595983 0.006162789 0.008702976 0.356289966 0.01070487 0.099677417 0.001465777 0.928937272 5.971689125 0.051302195 155.2194 0.037993447 0.09603094 0.006974632 50457.6 1036.8 20304 38262.85714 10108.8 0.29213 103.82904
36217 730177 4.422204667 7.196932768 10.06932341 0.011109126 0.018009152 1.782253947 1.744343579 1.655251797 1.874094689 1.101078432 0.006181072 0.008420287 0.359333074 0.010879644 0.099395761 0.00145946 0.928168487 6.014090574 0.051081094 156.8826 0.037796561 0.0977729 0.006673909 50457.6 1555.2 20304 38262.85714 10108.8 0.27387 105.16716
36218 730178 4.4138566 7.196568772 10.09819266 0.011069023 0.017675988 1.783967045 1.755430562 1.650243946 1.888825613 1.07843023 0.006199644 0.008148048 0.36226369 0.011057286 0.099127194 0.00145348 0.927428121 6.054839233 0.050871811 158.5584 0.037598959 0.099444444 0.006389872 50457.6 1555.2 20304 38262.85714 10108.8 0.25627 85.48092
36219 730179 4.405937886 7.196225449 10.12699948 0.01103051 0.017356031 1.785594927 1.766078019 1.645434624 1.903263765 1.05667988 0.006218507 0.007886602 0.365078126 0.011237812 0.098871781 0.001447835 0.926717105 6.09389247 0.050674241 160.2468 0.037401926 0.101025453 0.006125038 50457.6 1555.2 20304 38262.85714 10108.8 0.23937 96.18588
36220 730180 4.398448389 7.195902581 10.15573378 0.010993637 0.017049701 1.787137308 1.776271998 1.640830132 1.917397665 1.035855886 0.006237661 0.007636291 0.367772695 0.01142124 0.09862959 0.001442522 0.926036372 6.131207652 0.050488278 161.9604 0.037206744 0.102495809 0.005881929 50457.6 1555.2 22636.8 34467.09677 14169.6 0.2232 131.95224
36221 730181 4.391387977 7.195599951 10.18438546 0.010958455 0.016757417 1.788593902 1.785998543 1.636436774 1.931215835 1.01598675 0.006257109 0.007397457 0.370343707 0.011607586 0.098400687 0.001437538 0.925386853 6.166742149 0.050313814 163.674 0.037014694 0.103835391 0.005663061 50457.6 1555.2 22636.8 34467.09677 14169.6 0.20776 39.40403478
36222 730182 4.384756512 7.195317344 10.21294441 0.010925013 0.016479599 1.789964425 1.795243704 1.632260852 1.944706795 0.997100976 0.006276852 0.007170444 0.372787475 0.011796868 0.09818514 0.001432878 0.92476948 6.200453328 0.050150746 165.4128 0.036827059 0.105024082 0.005470954 50457.6 1555.2 22636.8 34467.09677 14169.6 0.19309 190.9656
36223 730183 4.378553861 7.195054541 10.24140054 0.010893364 0.016216666 1.791248592 1.803993526 1.628308668 1.957859066 0.979227067 0.006296892 0.006955594 0.37510031 0.011989103 0.097983015 0.001428542 0.924185185 6.232298558 0.049998966 167.1642 0.036645122 0.106041762 0.005308128 61084.8 1555.2 22636.8 34467.09677 14169.6 0.1792 101.493
36224 730184 4.372779889 7.194811326 10.26974374 0.010863557 0.015969038 1.792446119 1.812234055 1.624586524 1.970661167 0.962393527 0.00631723 0.006753249 0.377278525 0.012184308 0.097794379 0.001424525 0.923634899 6.262235207 0.049858368 168.9408 0.036470165 0.106868313 0.0051771 70156.8 2160 24969.6 34467.09677 14169.6 0.16613 125.2183418
36225 730185 4.36743446 7.194587482 10.29796391 0.010835643 0.015737133 1.793556719 1.81995134 1.621100724 1.983101621 0.946628858 0.006337868 0.006563753 0.379318431 0.0123825 0.097619299 0.001420824 0.923119554 6.290220644 0.049728847 170.7174 0.036303471 0.107483615 0.005080391 80179.2 2851.2 18230.4 34467.09677 14169.6 0.15388 190.42128
36226 730186 4.362517441 7.194382792 10.32605096 0.010809671 0.015521371 1.794580109 1.827131426 1.61785757 1.995168947 0.931961564 0.006358807 0.006387447 0.381216339 0.012583695 0.097457842 0.001417437 0.922640083 6.316212236 0.049610297 172.5066 0.036146322 0.107867551 0.005020517 70156.8 2851.2 18230.4 34467.09677 14169.6 0.14249 144.6984
36227 730187 4.358028696 7.19419704 10.35399478 0.010785693 0.015322171 1.795516002 1.833760361 1.614863364 2.006851666 0.918420149 0.006380049 0.006224675 0.382968561 0.012787912 0.097310073 0.00141436 0.922197416 6.340167352 0.049502612 174.321 0.036 0.108 0.005 91584 2851.2 18230.4 34467.09677 14169.6 0.13197 202.9174326
36228 730188 4.35396809 7.194030007 10.38178528 0.01076376 0.015139952 1.796364116 1.839824191 1.612124408 2.018138298 0.906033114 0.006401595 0.006075779 0.38457141 0.012995167 0.097176061 0.001411591 0.921792486 6.36204336 0.049405685 176.1354 0.035855692 0.107983704 0.005 80179.2 2851.2 18230.4 34467.09677 14169.6 0.12234 74.18628
36229 730189 4.350335489 7.193881478 10.40941234 0.01074392 0.014975134 1.797124164 1.845308962 1.609647006 2.029017365 0.894828964 0.006423446 0.005941101 0.386021197 0.013205477 0.097055872 0.001409126 0.921426224 6.381797628 0.049319411 177.9624 0.035704289 0.107936296 0.005 70156.8 2160 18230.4 34467.09677 14169.6 0.11364 98.13636
36230 730190 4.347130758 7.193751235 10.43686587 0.010726226 0.014828136 1.797795861 1.850200723 1.607437459 2.039477386 0.884836202 0.006445605 0.005820985 0.387314233 0.01341886 0.096949572 0.001406962 0.921099562 6.399387524 0.049243683 179.8146 0.035546632 0.10786 0.005 70156.8 2160 18230.4 34467.09677 14169.6 0.10588 165.83616
36231 730191 4.344353761 7.193639062 10.46413578 0.010710728 0.014699378 1.798378923 1.85448552 1.605502071 2.049506883 0.876083331 0.006468073 0.005715772 0.388446831 0.013635332 0.09685723 0.001405097 0.920813432 6.414770418 0.049178397 181.6668 0.035383563 0.107757037 0.005 70156.8 2160 18230.4 34467.09677 14169.6 0.099077 218.68056
36232 730192 4.342004365 7.193544741 10.49121195 0.010697475 0.014589278 1.798873065 1.858149398 1.603847143 2.059094376 0.868598855 0.006490851 0.005625807 0.389415302 0.013854911 0.09677891 0.001403527 0.920568766 6.427903676 0.049123445 183.519 0.035215924 0.10762963 0.005 70156.8 2160 18230.4 34467.09677 14169.6 0.093263 189.28728
36233 730193 4.340082434 7.193468056 10.51808429 0.010686518 0.014498256 1.799278002 1.861178406 1.602478978 2.068228385 0.862411276 0.006513941 0.00555143 0.390215958 0.014077613 0.09671468 0.001402249 0.920366495 6.438744668 0.049078722 185.3964 0.035044555 0.10748 0.005 70156.8 2160 18230.4 34467.09677 14169.6 0.088456 214.87032
36234 730194 4.338587834 7.193408789 10.5447427 0.010677909 0.014426731 1.799593449 1.86355859 1.601403879 2.076897431 0.857549097 0.006537345 0.005492985 0.390845111 0.014303456 0.096664608 0.001401261 0.920207551 6.447250762 0.049044122 187.2738 0.034870297 0.10731037 0.005 70156.8 2160 16588.8 34467.09677 14169.6 0.084679 50.07744
36235 730195 4.337520429 7.193366725 10.57117708 0.010671697 0.014375123 1.799819121 1.865275997 1.600628148 2.085090036 0.854040823 0.006561063 0.005450814 0.391299072 0.014532457 0.096628759 0.001400558 0.920092866 6.453379325 0.049019539 189.1638 0.034693992 0.107122963 0.005 61084.8 2160 16588.8 34467.09677 14169.6 0.081954 114.2145498
36236 730196 4.336880085 7.193341645 10.59737732 0.010667933 0.014343851 1.799954733 1.866316674 1.600158087 2.092794718 0.851914956 0.006585097 0.005425261 0.391574153 0.014764632 0.096607201 0.001400139 0.920023372 6.457087726 0.049004867 191.0664 0.034516481 0.10692 0.005 61084.8 2160 16588.8 34467.09677 14169.6 0.080302 222.46812
36237 730197 4.336666667 7.193333333 10.62333333 0.010666667 0.014333333 1.8 1.866666667 1.6 2.1 0.8512 0.00660945 0.005416667 0.391666667 0.015 0.0966 0.0014 0.92 6.458333333 0.049 192.969 0.034338605 0.106703704 0.005 50457.6 2160 16588.8 34467.09677 14169.6 0.079747 225.82476
36238 730198 4.34454908 7.195019741 10.64932024 0.010693441 0.014335455 1.799806407 1.864040817 1.601273299 2.106904047 0.853104476 0.006649939 0.005448102 0.390761766 0.015308227 0.096985977 0.001405943 0.929614766 6.455704745 0.049208005 194.8842 0.034161205 0.106476296 0.005 50457.6 1555.2 16588.8 34467.09677 14169.6 0.080171 64.36584
36239 730199 4.367685787 7.19995524 10.67561697 0.010771484 0.014341798 1.799233807 1.856363477 1.604987703 2.113711805 0.858716925 0.006720989 0.005539734 0.388123921 0.015758584 0.09811106 0.001423532 0.957640788 6.447956331 0.049823628 196.812 0.033985124 0.10624 0.005 50457.6 1555.2 16588.8 34467.09677 14169.6 0.08141 30.5046
36240 730200 4.405310987 7.207954241 10.70221909 0.01089738 0.014352329 1.798294469 1.843934963 1.610984972 2.120421962 0.867885874 0.006820512 0.005687548 0.383868422 0.016350496 0.099925974 0.001452408 1.002850647 6.435294115 0.050834287 198.7398 0.033811201 0.105997037 0.005 50457.6 1555.2 16588.8 34467.09677 14169.6 0.083407 180.78228
36241 730201 4.456658881 7.218831158 10.72912219 0.011067708 0.014367017 1.797000659 1.827055591 1.619106867 2.127033208 0.880459853 0.006946419 0.005887533 0.378110555 0.017083384 0.102381445 0.001492211 1.064016927 6.417924123 0.052227397 200.6676 0.033640279 0.10574963 0.005 61084.8 2851.2 18230.4 34467.09677 14169.6 0.08611 117.00612
36242 730202 4.52096367 7.232400404 10.75632186 0.011279053 0.014385829 1.795364646 1.806025676 1.62919515 2.133544231 0.89628739 0.007096622 0.006135674 0.370965611 0.017956674 0.105428201 0.001542582 1.139912211 6.396052377 0.053990373 202.608 0.033473198 0.1055 0.005 70156.8 2160 18230.4 34467.09677 14169.6 0.089463 142.884
36243 730203 4.597459552 7.24847639 10.78381367 0.011527995 0.014408731 1.793398697 1.781145535 1.64109158 2.13995372 0.915217014 0.007269032 0.006427958 0.362548876 0.018969787 0.109016968 0.001603161 1.229309082 6.369884904 0.05611063 204.5484 0.033310799 0.10525037 0.005 61084.8 2160 16588.8 34467.09677 14169.6 0.093413 219.72384
36244 730204 4.68538073 7.266873529 10.8115932 0.011811117 0.014435692 1.791115082 1.752715482 1.654637918 2.146260364 0.937097253 0.007461562 0.006760373 0.35297564 0.020122148 0.113098471 0.001673588 1.330980123 6.339627728 0.058575585 206.5014 0.033153925 0.105002963 0.005 50457.6 2160 16588.8 34467.09677 14169.6 0.097906 223.57944
36245 730205 4.783961402 7.287406233 10.83965603 0.012125 0.014466679 1.788526068 1.721035835 1.669675926 2.152462851 0.961776638 0.007672121 0.007128906 0.34236119 0.02141318 0.117623438 0.001753504 1.443697917 6.305486873 0.061372653 208.4544 0.033003416 0.10476 0.005 50457.6 2160 16588.8 34467.09677 14169.6 0.10289 240.88428
36246 730206 4.89243577 7.309888916 10.86799775 0.012466227 0.014501658 1.785643922 1.686406907 1.686047363 2.158559872 0.989103696 0.007898623 0.007529544 0.330820815 0.022842306 0.122542593 0.00184255 1.566235046 6.267668364 0.064489249 210.4074 0.032860113 0.104523704 0.005 70156.8 2160 16588.8 34467.09677 14169.6 0.1083 239.70492
36247 730207 5.010038033 7.33413599 10.89661394 0.01283138 0.014540599 1.782480913 1.649129017 1.703593991 2.164550113 1.018926955 0.008138978 0.007958272 0.318469804 0.02440895 0.127806665 0.001940365 1.697364095 6.226378225 0.067912789 212.373 0.032724858 0.104296296 0.005 80179.2 2851.2 18230.4 34467.09677 14169.6 0.11409 250.3635339
36248 730208 5.136002391 7.359961866 10.92550018 0.013217041 0.014583467 1.779049309 1.609502478 1.72215757 2.170432265 1.051094946 0.008391097 0.008411079 0.305423443 0.026112535 0.133366379 0.002046591 1.835857646 6.181822482 0.071630689 214.326 0.032598492 0.10408 0.005 61084.8 2851.2 18230.4 34467.09677 14169.6 0.12021 212.30748
36249 730209 5.269563046 7.387180958 10.95465205 0.013619792 0.014630231 1.775361377 1.567827607 1.741579861 2.176205016 1.085456196 0.008652894 0.008883952 0.291797023 0.027952484 0.139172461 0.002160868 1.980488281 6.134207158 0.075630364 216.2916 0.032481856 0.103877037 0.005 50457.6 2160 18230.4 34467.09677 14169.6 0.1266 271.66104
36250 730210 5.409954197 7.415607679 10.98406512 0.014036214 0.014680857 1.771429386 1.524404719 1.761702625 2.181867055 1.121859234 0.008922278 0.009372876 0.277705831 0.029928221 0.145175638 0.002282835 2.130028585 6.083738278 0.07989923 218.2572 0.032375791 0.10368963 0.005 50457.6 1555.2 16588.8 34467.09677 14169.6 0.13321 195.02532
36251 730211 5.556410044 7.445056439 11.01373499 0.014462891 0.014735314 1.767265603 1.479534131 1.782367622 2.187417071 1.16015259 0.009197161 0.00987384 0.263265155 0.032039169 0.151326636 0.002412134 2.283251139 6.030621867 0.084424703 220.2228 0.032281139 0.10352 0.005 50457.6 1555.2 16588.8 31584 19008 0.13998 51.4836
36252 730212 5.708164787 7.475341654 11.04365724 0.014896403 0.014793568 1.762882297 1.433516157 1.803416612 2.192853753 1.200184792 0.009475456 0.01038283 0.248590285 0.034284752 0.157576181 0.002548406 2.438928528 5.97506395 0.089194197 222.1884 0.03219874 0.10337037 0.005 50457.6 1555.2 16588.8 31584 19008 0.14686 156.3435491
36253 730213 5.864452628 7.506277733 11.07382744 0.015333333 0.014855587 1.758291736 1.386651115 1.824691358 2.198175789 1.241804368 0.009755073 0.010895833 0.233796507 0.036664393 0.163875 0.002691289 2.595833333 5.91727055 0.094195129 224.154 0.032129437 0.103242963 0.005 50457.6 1555.2 16588.8 31584 19008 0.15379 271.50228
36254 730214 6.024507766 7.537679091 11.10424117 0.015770264 0.014921339 1.753506187 1.339239318 1.846033619 2.203381868 1.284859847 0.010033924 0.011408836 0.218999111 0.039177515 0.170173819 0.002840426 2.752738139 5.857447693 0.099414914 226.1196 0.03207407 0.10314 0.005 50457.6 1555.2 16588.8 31584 19008 0.16073 113.4
36255 730215 6.187564401 7.569360139 11.13489402 0.016203776 0.01499079 1.748537919 1.291581085 1.867285156 2.208470679 1.329199759 0.010309921 0.011917826 0.204313384 0.041823541 0.176423364 0.002995456 2.908415527 5.795801404 0.104840968 228.0852 0.032033481 0.103063704 0.005 50457.6 1555.2 16588.8 31584 19008 0.1676 26.1954
36256 730216 6.352856734 7.601135291 11.16578157 0.016630452 0.015063909 1.743399198 1.243976729 1.88828773 2.213440912 1.374672631 0.010580974 0.01241879 0.189854616 0.044601896 0.182574362 0.00315602 3.061638082 5.732537706 0.110460706 230.0508 0.03200851 0.103016296 0.005 50457.6 1555.2 16588.8 31584 19008 0.17437 58.49172
36257 730217 6.519618965 7.632818958 11.19689939 0.017046875 0.015140662 1.738102295 1.196726567 1.908883102 2.218291254 1.421126993 0.010844996 0.012907715 0.175738094 0.047512002 0.188577539 0.003321758 3.211178385 5.667862624 0.116261544 232.0038 0.032 0.103 0.005 50457.6 1555.2 16588.8 31584 19008 0.18098 164.33928
36258 730218 6.687085294 7.664225553 11.22824308 0.017449626 0.015221017 1.732659475 1.150130914 1.928913032 2.223020395 1.468411374 0.011099899 0.013380587 0.162079107 0.050553283 0.194383621 0.003492311 3.355809021 5.601982183 0.122230898 233.9694 0.032 0.10304668 0.005 41385.6 2160 18230.4 31584 19008 0.18737 127.21212
36259 730219 6.854489922 7.695169489 11.25980821 0.017835286 0.015304942 1.727083008 1.104490087 1.94821928 2.227627023 1.516374302 0.011343592 0.013833394 0.148992943 0.053725162 0.199943335 0.00366732 3.494302572 5.535102408 0.128356183 235.9224 0.032 0.103182802 0.005 41385.6 1555.2 16588.8 31584 19008 0.19349 37.35396
36260 730220 7.021067048 7.725465178 11.29159036 0.018200439 0.015392403 1.721385162 1.0601044 1.966643609 2.232109828 1.564864305 0.011573989 0.014262123 0.13659489 0.057027063 0.205207407 0.003846423 3.62543162 5.467429323 0.134624814 237.8754 0.032 0.103402488 0.005 41385.6 1555.2 14515.2 31584 19008 0.19929 243.9234
36261 730221 7.186050873 7.754927033 11.32358512 0.018541667 0.015483369 1.715578203 1.017274171 1.984027778 2.236467498 1.613729914 0.011789001 0.01466276 0.125000237 0.060458409 0.210126563 0.004029263 3.74796875 5.399168952 0.141024208 239.8158 0.032 0.10369986 0.005 41385.6 1555.2 14515.2 31584 19008 0.2047 178.51428
36262 730222 7.348675598 7.783369466 11.35578806 0.01885555 0.015577806 1.709674401 0.976299713 2.000213548 2.240698722 1.662819655 0.011986538 0.015031293 0.114324272 0.064018623 0.214651529 0.004215479 3.860686544 5.330527321 0.147541779 241.7688 0.032 0.104069041 0.005 50457.6 1555.2 16588.8 31584 19008 0.20968 126.80388
36263 730223 7.508175422 7.810606889 11.38819477 0.019138672 0.015675682 1.703686022 0.937481345 2.015042679 2.244802189 1.711982059 0.012164514 0.015363708 0.104682283 0.067707129 0.218733032 0.004404713 3.962357585 5.261710454 0.154164944 243.7092 0.032 0.104504152 0.005 50457.6 2160 18230.4 31584 19008 0.21417 178.0704
36264 730224 7.663784545 7.836453716 11.42080083 0.019387614 0.015776965 1.697625336 0.90111938 2.028356934 2.248776588 1.761065654 0.012320838 0.015655993 0.096189559 0.07152335 0.222321799 0.004596603 4.051754456 5.192924375 0.160881118 245.637 0.032 0.104999316 0.005 55296 2160 18230.4 31584 19008 0.21812 56.40516
36265 730225 7.814737168 7.860724358 11.45360181 0.019598958 0.015881622 1.69150461 0.867514135 2.039998071 2.252620607 1.809918969 0.012453423 0.015904134 0.088961388 0.075466709 0.225368555 0.004790792 4.12764974 5.124375109 0.167677716 247.5648 0.032 0.105548655 0.005 70156.8 2160 18230.4 31584 19008 0.22148 71.9712
36266 730226 7.960267492 7.883233229 11.48659331 0.019769287 0.015989619 1.685336112 0.836965925 2.049807852 2.256332936 1.858390532 0.01256018 0.016104118 0.083113058 0.079536631 0.227824026 0.004986919 4.18881602 5.05626868 0.174542154 249.4926 0.032 0.106146292 0.005 91584 2851.2 20649.6 31584 19008 0.22418 218.83932
36267 730227 8.099609716 7.90379474 11.51977089 0.019895182 0.016100925 1.679132111 0.809775067 2.057628038 2.259912263 1.906328872 0.012639021 0.016251933 0.078759858 0.083732537 0.22963894 0.005184624 4.234025879 4.988811114 0.181461849 251.4078 0.032 0.106786347 0.005 55641.6 3542.4 20649.6 31584 19008 0.22618 243.67392
36268 730228 8.231998041 7.922223304 11.55313015 0.019973226 0.016215508 1.672904873 0.786241875 2.063300389 2.263357277 1.953582519 0.012687857 0.016343564 0.076017076 0.088053853 0.230764023 0.005383549 4.2620519 4.922208435 0.188424214 253.3104 0.032 0.107462945 0.005 34041.6 3024 20649.6 31584 19008 0.22742 187.72236
36269 730229 8.356666667 7.938333333 11.58666667 0.02 0.016333333 1.666666667 0.766666667 2.066666667 2.266666667 2 0.0127046 0.016375 0.075 0.0925 0.23115 0.005583333 4.271666667 4.856666667 0.195416667 255.213 0.032 0.108170206 0.005 34041.6 3888 18230.4 31584 19008 0.22784 273.22596
36270 730230 8.476654109 7.953335712 11.62189108 0.019972605 0.016541512 1.659756314 0.74915282 2.068734512 2.26992946 2.049288564 0.012686954 0.01632784 0.074886104 0.099372261 0.230761812 0.005810243 4.262869324 4.789066885 0.20335851 257.103 0.032 0.108902253 0.005 34041.6 3888 20649.6 31584 19008 0.22769 141.11496
36271 730231 8.595569563 7.96852804 11.66010223 0.019892714 0.016918309 1.651573854 0.731635714 2.070625652 2.273227798 2.104850571 0.012635497 0.016190962 0.07477602 0.110733824 0.229628681 0.006087902 4.237269143 4.716409795 0.213076582 258.993 0.032 0.109653209 0.005 34041.6 3024 20649.6 31584 19008 0.22726 216.66204
36272 730232 8.713503251 7.983854801 11.70097801 0.019763769 0.017450426 1.64222338 0.714163666 2.072352979 2.276550044 2.166077214 0.01255245 0.015971267 0.074669773 0.126226972 0.227797754 0.006411989 4.196053892 4.639080861 0.2244196 260.8704 0.032 0.110417195 0.005 41990.4 3024 19353.6 31584 19008 0.22656 295.67916
36273 730233 8.830545392 7.99926048 11.74419628 0.019589214 0.018124564 1.631808987 0.696784993 2.073929381 2.279884558 2.232359687 0.012440034 0.015675656 0.074567387 0.145493989 0.225316181 0.006778179 4.140411341 4.557465553 0.237236281 262.7352 0.032 0.111188333 0.005 41990.4 3024 18230.4 31584 19008 0.22562 220.01868
36274 730234 8.946786208 8.014689562 11.78943492 0.01937249 0.018927424 1.62043477 0.679548011 2.07536775 2.283219702 2.303089186 0.012300471 0.015311031 0.074468887 0.168177158 0.222231109 0.007182153 4.071529259 4.471949337 0.251375343 264.5874 0.032 0.111960747 0.005 37843.2 2332.8 18230.4 31584 19008 0.22446 199.2438
36275 730235 9.062315918 8.030086533 11.83637182 0.01911704 0.019845707 1.608204822 0.662501039 2.076680974 2.286543837 2.377656903 0.012135981 0.014884293 0.074374299 0.193918763 0.218589687 0.007619586 3.990595415 4.382917679 0.266685501 266.427 0.032 0.112728557 0.005 34041.6 2332.8 18230.4 31584 19008 0.22311 287.89992
36276 730236 9.177224745 8.045395877 11.88468486 0.018826305 0.020866115 1.595223239 0.645692392 2.077881944 2.289845326 2.455454034 0.011948787 0.014402344 0.074283647 0.222361086 0.214439063 0.008086156 3.898797578 4.290756047 0.283015475 268.254 0.032 0.113485887 0.005 34041.6 2332.8 18230.4 31584 19008 0.22158 289.03392
36277 730237 9.291602908 8.06056208 11.9340519 0.018503729 0.021975348 1.581594115 0.629170388 2.078983551 2.293112528 2.535871773 0.011741109 0.013872085 0.074196956 0.253146413 0.209826385 0.008577542 3.797323518 4.195849909 0.300213979 270.081 0.032 0.114226858 0.005 34041.6 2332.8 16588.8 31584 19008 0.21989 103.82904
36278 730238 9.405540628 8.075529626 11.98415082 0.018152754 0.023160109 1.567421543 0.612983344 2.079998684 2.296333807 2.618301313 0.011515169 0.013300417 0.074114251 0.285917025 0.204798802 0.009089421 3.687361003 4.09858473 0.318129732 271.8954 0.032 0.114945593 0.005 34041.6 2332.8 16588.8 31584 19008 0.21808 64.84212
36279 730239 9.519128125 8.090243 12.03465952 0.017776822 0.024407098 1.552809619 0.597179576 2.080940233 2.299497523 2.70213385 0.011273188 0.012694242 0.074035557 0.320315207 0.199403462 0.00961747 3.570097804 3.999345979 0.336611451 273.6846 0.032 0.115636214 0.005 34041.6 2332.8 16588.8 31584 19008 0.21615 178.12872
36280 730240 9.632455622 8.104646688 12.08525585 0.017379375 0.025703016 1.537862437 0.581807402 2.081821089 2.302592039 2.786760577 0.011017387 0.012060461 0.073960899 0.355983242 0.193687514 0.010157367 3.446721689 3.898519123 0.355507853 275.4738 0.032 0.116292843 0.005 34041.6 2332.8 16588.8 31584 19008 0.21414 157.46724
36281 730241 9.745613337 8.118685175 12.13561771 0.016963855 0.027034566 1.522684091 0.566915138 2.082654141 2.305605714 2.871572689 0.010749987 0.011405977 0.073890302 0.392563414 0.187698105 0.01070479 3.318420427 3.796489627 0.374667654 277.2378 0.032 0.116909602 0.005 34041.6 2332.8 16588.8 34467.09677 17280 0.21207 272.0466
36282 730242 9.858691492 8.132302945 12.18542297 0.016533706 0.028388447 1.507378676 0.552551101 2.08345228 2.308526912 2.955961381 0.01047321 0.010737689 0.073823791 0.429698005 0.181482384 0.011255416 3.186381788 3.69364296 0.393939572 278.9892 0.032 0.117480614 0.005 34041.6 2332.8 16588.8 34467.09677 17280 0.20994 106.3692
36283 730243 9.971780308 8.145444483 12.2343495 0.016092369 0.029751361 1.492050287 0.538763608 2.084228395 2.311343993 3.039317845 0.010189278 0.0100625 0.07376139 0.467029299 0.1750875 0.011804924 3.051793541 3.590364589 0.413172324 280.7406 0.032 0.118 0.005 34041.6 2332.8 14515.2 34467.09677 17280 0.2078 301.48524
36284 730244 10.08497 8.158054276 12.28207519 0.015643287 0.03111001 1.476803016 0.525600977 2.084995377 2.314045319 3.121033277 0.00990041 0.009387311 0.073703124 0.50419958 0.1685606 0.012348989 2.915843455 3.487039981 0.432214628 282.4668 0.032004082 0.118498738 0.005 34041.6 2332.8 14515.2 34467.09677 17280 0.20566 226.61856
36285 730245 10.1983508 8.170076806 12.32827791 0.015189902 0.032451094 1.46174096 0.513111523 2.085766116 2.316619252 3.200498871 0.009608829 0.008719023 0.073649019 0.540851132 0.161948834 0.012883291 2.779719299 3.384054602 0.450915199 284.1678 0.032016037 0.119010753 0.005 34041.6 2332.8 14515.2 34467.09677 17280 0.20353 152.25084
36286 730246 10.31201293 8.181456561 12.37263554 0.014735657 0.033761316 1.446968212 0.501343565 2.086553502 2.319054152 3.277105821 0.009316756 0.008064539 0.073599099 0.576626237 0.155299349 0.013403507 2.644608844 3.28179392 0.469122756 285.8688 0.032035428 0.119534589 0.005 34041.6 2332.8 14515.2 34467.09677 17280 0.20146 232.53804
36287 730247 10.42604659 8.192138024 12.41482596 0.014283993 0.035027375 1.432588866 0.490345418 2.087370424 2.321338382 3.350245321 0.009026412 0.007430758 0.07355339 0.611167179 0.148659293 0.013905315 2.511699856 3.180643402 0.486686016 287.5446 0.032061817 0.120068788 0.005 34041.6 2332.8 14515.2 34467.09677 17280 0.19945 97.27452
36288 730248 10.54054202 8.20206568 12.45452705 0.013838353 0.036235974 1.418707018 0.480165401 2.088229774 2.323460303 3.419308566 0.008740018 0.006824583 0.073511915 0.644116241 0.142075815 0.014384391 2.382180107 3.080988515 0.503453694 289.2078 0.032094766 0.120611896 0.005 34041.6 2332.8 14515.2 34467.09677 17280 0.19752 145.19736
36289 730249 10.65558943 8.211184016 12.49141668 0.01340218 0.037373813 1.405426761 0.470851829 2.089144441 2.325408277 3.48368675 0.008459796 0.006252915 0.073474701 0.675115708 0.135596064 0.014836415 2.257237366 2.983214727 0.51927451 290.8458 0.032133839 0.121162454 0.005 34041.6 2332.8 14515.2 34467.09677 17280 0.19571 215.25588
36290 730250 10.77127905 8.219437515 12.52517273 0.012978916 0.038427594 1.392852191 0.46245302 2.090127315 2.327170664 3.542771067 0.008187967 0.005722656 0.073441771 0.703807862 0.129267188 0.015257062 2.1380594 2.887707503 0.533997179 292.4712 0.032178597 0.121719008 0.005 34041.6 2332.8 18230.4 34467.09677 17280 0.19402 243.42444
36291 730251 10.88770109 8.226770662 12.55547308 0.012572002 0.039384018 1.3810874 0.45501729 2.091191286 2.328735827 3.595952711 0.007926752 0.005240707 0.073413151 0.729834987 0.123136334 0.015642012 2.025833981 2.794852312 0.547470419 294.084 0.032228605 0.122280101 0.005 29376 2332.8 16243.2 34467.09677 17280 0.19249 284.5206
36292 730252 11.00494579 8.233127944 12.58199561 0.012184882 0.040229786 1.370236485 0.448592957 2.092349245 2.330092127 3.642622878 0.007678372 0.004813969 0.073388866 0.752839367 0.117250651 0.015986941 1.921748876 2.70503462 0.559542946 295.6716 0.032283423 0.122844276 0.005 29376 2332.8 16243.2 34467.09677 17280 0.19114 240.20388
36293 730253 11.12310334 8.238453844 12.6044182 0.011820998 0.0409516 1.360403539 0.443228338 2.093614081 2.331227925 3.68217276 0.007445049 0.004449344 0.073368941 0.772463284 0.111657289 0.016287528 1.826991856 2.618639895 0.570063479 297.234 0.032342616 0.123410077 0.005 29376 2332.8 18921.6 34467.09677 17280 0.18998 42.00336
36294 730254 11.24226399 8.242692848 12.62241872 0.011483792 0.04153616 1.351692656 0.438971749 2.094998684 2.332131583 3.713993552 0.007229004 0.004153733 0.0733534 0.788349022 0.106403394 0.01653945 1.742750689 2.536053603 0.578880733 298.7838 0.032405744 0.123976048 0.005 29376 2332.8 18921.6 34467.09677 17280 0.18904 68.87916
36295 730255 11.36251795 8.245789441 12.63567505 0.011176707 0.041970168 1.344207931 0.435871507 2.096515945 2.332791463 3.737476449 0.007032459 0.003934038 0.073342268 0.800138866 0.101536115 0.016738384 1.670213144 2.457661212 0.585843427 300.321 0.032472372 0.124540733 0.005 29376 2332.8 18921.6 34467.09677 17280 0.18834 304.45632
36296 730256 11.48395543 8.247688108 12.64386508 0.010903184 0.042240326 1.338053459 0.43397593 2.098178754 2.333195926 3.752012645 0.006857633 0.00379716 0.073335571 0.807475097 0.097102601 0.016880008 1.610566992 2.383848189 0.590800277 301.8204 0.032542062 0.125102674 0.005 29376 2332.8 16243.2 34467.09677 17280 0.18791 243.4698
36297 730257 11.60666667 8.248333333 12.64666667 0.010666667 0.042333333 1.333333333 0.433333333 2.1 2.333333333 3.756993333 0.00670675 0.00375 0.073333333 0.81 0.09315 0.01696 1.565 2.315 0.5936 303.3072 0.032614375 0.125660417 0.005 29376 2332.8 18921.6 34467.09677 17280 0.18776 307.4274
36298 730258 11.73516075 8.247654732 12.64308689 0.010448204 0.042327542 1.329530724 0.433582362 2.102269193 2.332337221 3.749473685 0.006567605 0.006965732 0.074454126 0.807772681 0.089403594 0.017007039 1.527059497 2.248590084 0.59524635 304.7688 0.032688876 0.126212503 0.005 29376 2332.8 16243.2 34467.09677 17280 0.18795 236.108294
36299 730259 11.87317258 8.245685131 12.63269679 0.010227083 0.042310396 1.326043262 0.434305151 2.105228377 2.329446064 3.727648362 0.006426851 0.016299198 0.077709039 0.801296924 0.08556855 0.017052669 1.489548761 2.181935048 0.596843406 306.2178 0.032765126 0.126757478 0.005 29376 2332.8 16243.2 34467.09677 17280 0.18849 280.34748
36300 730260 12.01963107 8.24252384 12.61602026 0.010004106 0.042282237 1.322846736 0.435465258 2.108819242 2.324805637 3.692617804 0.006284991 0.031279804 0.082936877 0.790882032 0.081661839 0.017096868 1.45253949 2.115185116 0.598390367 307.6416 0.032842688 0.127293885 0.005 34041.6 2332.8 16243.2 34467.09677 17280 0.18937 321.55704
36301 730261 12.17346514 8.238270165 12.59358115 0.009780071 0.042243408 1.319916933 0.437026239 2.112983479 2.31856171 3.645482444 0.006142528 0.051436953 0.089976443 0.776837308 0.077700437 0.017139613 1.416103383 2.048490512 0.599886438 309.0276 0.032921126 0.127820267 0.005 50803.2 3024 18921.6 34467.09677 17280 0.19054 280.665
36302 730262 12.33360369 8.233023415 12.56590333 0.009555779 0.042194251 1.317229641 0.438951652 2.117662779 2.310860058 3.587342721 0.005999966 0.076300052 0.098666539 0.759472053 0.073701317 0.017180881 1.380312136 1.982001459 0.601330818 310.401 0.033 0.128335168 0.005 41990.4 3888 21513.6 34467.09677 17280 0.192 280.46088
36303 730263 12.49897565 8.226882896 12.53351069 0.009332031 0.042135108 1.314760648 0.441205053 2.122798834 2.301846453 3.519299069 0.005857808 0.105398506 0.108845971 0.73909557 0.06968145 0.017220649 1.345237448 1.915868182 0.602722712 311.7492 0.033078874 0.128837132 0.005 41990.4 3024 18921.6 34467.09677 17280 0.19369 315.20664
36304 730264 12.66850993 8.219947917 12.49692708 0.009109626 0.042066321 1.31248574 0.44375 2.128333333 2.291666667 3.442451927 0.005716558 0.138261719 0.12035354 0.716017161 0.065657813 0.017258895 1.310951016 1.850240904 0.604061321 313.0722 0.033157312 0.129324703 0.005 34041.6 2332.8 16243.2 34467.09677 17280 0.19561 275.65272
36305 730265 12.84113544 8.212317784 12.45667638 0.008889365 0.041988232 1.310380707 0.446550049 2.134207969 2.280466472 3.35790173 0.005576718 0.174419096 0.133028051 0.690546129 0.061647376 0.017295596 1.277524539 1.785269849 0.605345846 314.37 0.033234874 0.129796423 0.005 34041.6 2332.8 16243.2 34467.09677 17280 0.19772 330.15276
36306 730266 13.0157811 8.204091806 12.41328246 0.008672048 0.041901184 1.308421336 0.449568756 2.140364431 2.268391642 3.266748914 0.005438793 0.213400043 0.146708307 0.662991775 0.057667115 0.017330728 1.245029714 1.721105239 0.60657549 315.6426 0.033311124 0.130250838 0.005 34041.6 2332.8 16243.2 34467.09677 17280 0.2 290.59884
36307 730267 13.19137583 8.195369291 12.36726919 0.008458475 0.041805518 1.306583414 0.452769679 2.146744412 2.255587949 3.170093916 0.005303286 0.254733965 0.161233112 0.633663402 0.053734001 0.01736427 1.213538239 1.6578973 0.607749455 316.89 0.033385625 0.13068649 0.005 34041.6 2332.8 16243.2 34467.09677 17280 0.20241 297.7884
36308 730268 13.36684853 8.186249544 12.31916044 0.008249447 0.041701576 1.304842729 0.456116375 2.153289602 2.242201166 3.069037173 0.005170699 0.297950266 0.176441268 0.602870312 0.04986501 0.017396198 1.183121811 1.595796255 0.608866942 318.1122 0.033457938 0.131101922 0.005 34041.6 2332.8 16243.2 34467.09677 17280 0.20494 192.213
36309 730269 13.54112812 8.176831876 12.26948008 0.008045763 0.041589702 1.303175069 0.4595724 2.159941691 2.228377065 2.964679121 0.005041538 0.342578353 0.19217158 0.570921808 0.046077114 0.01742649 1.153852129 1.534952327 0.609927155 319.2966 0.033527628 0.13149568 0.005 34041.6 2332.8 16243.2 34467.09677 17280 0.20754 342.28656
36310 730270 13.71314352 8.167215592 12.21875197 0.007848224 0.041470237 1.301556221 0.463101312 2.166642371 2.214261419 2.858120195 0.004916304 0.388147629 0.208262851 0.538127191 0.042387286 0.017455123 1.12580089 1.475515741 0.610929294 320.4684 0.033594256 0.131866306 0.005 34041.6 2332.8 16243.2 34467.09677 17280 0.2102 364.17276
36311 730271 13.88182364 8.1575 12.1675 0.007657631 0.041343523 1.299961974 0.466666667 2.173333333 2.2 2.750460833 0.004795502 0.4341875 0.224553885 0.504795764 0.0388125 0.017482073 1.099039792 1.417636719 0.611872563 321.6024 0.033657384 0.132212345 0.005 34041.6 2332.8 16243.2 34467.09677 17280 0.21289 305.56764
36312 730272 14.0460974 8.147784408 12.11624803 0.007474782 0.041209902 1.298368115 0.470232021 2.179956268 2.185738581 2.642801472 0.004679634 0.480227371 0.240883484 0.471236829 0.035369729 0.017507319 1.073640533 1.361465486 0.612756162 322.7112 0.033716577 0.132532339 0.005 34041.6 1814.4 16243.2 34560 19872 0.21558 179.9730383
36313 730273 14.20489371 8.138168124 12.06551992 0.007300479 0.041069716 1.296750432 0.473760933 2.186452867 2.171622935 2.536242546 0.004569204 0.525796647 0.257090452 0.437759689 0.032075948 0.017530837 1.049674811 1.307152265 0.613579295 323.7822 0.033771395 0.132824832 0.005 34041.6 1814.4 16243.2 34560 19872 0.21824 355.14612
36314 730274 14.35714148 8.128750456 12.01583956 0.007135521 0.040923308 1.295084712 0.477216958 2.19276482 2.157798834 2.431884494 0.004464716 0.570424734 0.273013593 0.404673646 0.028948128 0.017552605 1.027214323 1.25484728 0.614341162 324.8406 0.033821403 0.133088369 0.005 34041.6 1814.4 16243.2 34560 19872 0.22084 256.851
36315 730275 14.50176964 8.119630709 11.96773081 0.00698071 0.04077102 1.293346743 0.480563654 2.198833819 2.144412051 2.33082775 0.004366673 0.613641035 0.28849171 0.372288001 0.026003243 0.017572599 1.006330768 1.204700755 0.615040967 325.8612 0.033866161 0.133321492 0.005 25574.4 2332.8 16243.2 34560 19872 0.22337 89.29116
36316 730276 14.63770709 8.110908194 11.92171754 0.006836845 0.040613194 1.291512313 0.483764577 2.204601555 2.131608358 2.234172753 0.004275578 0.654974957 0.303363607 0.340912058 0.023258268 0.017590797 0.987095842 1.156862913 0.615677911 326.844 0.033905234 0.133522746 0.005 25574.4 2332.8 11145.6 34560 19872 0.22578 258.62004
36317 730277 14.76388275 8.102682216 11.87832362 0.006704726 0.040450172 1.28955721 0.486783285 2.210009718 2.119533528 2.143019937 0.004191935 0.693955904 0.317468087 0.310855118 0.020730175 0.017607177 0.969581244 1.111483978 0.616251195 327.8016 0.033938183 0.133690674 0.005 25574.4 2332.8 11145.6 34560 19872 0.22806 236.93796
36318 730278 14.87922553 8.095052083 11.83807292 0.006585153 0.040282296 1.287457221 0.489583333 2.215 2.108333333 2.05846974 0.004116247 0.730113281 0.330643954 0.282426484 0.018435938 0.017621715 0.953858672 1.068714174 0.616760024 328.7214 0.033964572 0.13382382 0.005 25574.4 2332.8 11145.6 34560 19872 0.23017 273.6342
36319 730279 14.98266436 8.088117104 11.80148931 0.006478927 0.040109909 1.285188134 0.49212828 2.219514091 2.098153547 1.981622597 0.004049017 0.762976494 0.34273001 0.255935459 0.016392529 0.017634388 0.939999823 1.028703725 0.617203597 329.616 0.033983963 0.133920727 0.005 34041.6 2332.8 11145.6 34560 19872 0.23209 168.0588
36320 730280 15.07312813 8.081976585 11.76909667 0.006386849 0.039933352 1.282725737 0.494381681 2.223493683 2.089139942 1.913578946 0.003990749 0.792074948 0.35356506 0.231691343 0.014616923 0.017645175 0.928076396 0.991602853 0.617581117 330.4854 0.033995918 0.133979939 0.005 34041.6 2332.8 11145.6 34560 19872 0.23378 253.87992
36321 730281 15.14954578 8.076729835 11.74141885 0.006309717 0.039752967 1.280045817 0.496307094 2.226880466 2.08143829 1.855439223 0.003941947 0.816938047 0.362987907 0.21000344 0.013126093 0.017654051 0.918160088 0.957561784 0.617891787 331.3044 0.034 0.134 0.005 34041.6 2332.8 11145.6 34560 19872 0.23524 216.20844
36322 730282 15.2108462 8.07247616 11.71897974 0.006248333 0.039569098 1.277124162 0.497868076 2.229616132 2.075194363 1.808303863 0.003903113 0.837095196 0.370837354 0.191181052 0.011937013 0.017660995 0.910322596 0.92673074 0.618134808 332.0982 0.033973852 0.133895408 0.005 41990.4 2332.8 11145.6 34560 19872 0.23641 243.42444
36323 730283 15.25595833 8.069314869 11.70230321 0.006203496 0.039382085 1.273936561 0.499028183 2.231642371 2.070553936 1.773273304 0.003874752 0.852075802 0.376952206 0.175533481 0.011066655 0.017665982 0.904635619 0.899259946 0.618309383 332.8668 0.033897959 0.133591837 0.005 34041.6 2332.8 11145.6 34560 19872 0.23729 95.57352
36324 730284 15.28381107 8.067345268 11.69191311 0.006176007 0.039192272 1.270458799 0.499750972 2.232900875 2.067662779 1.751447982 0.003857366 0.861409268 0.381171264 0.16337003 0.010531993 0.017668992 0.901170854 0.875299625 0.618414713 333.585 0.033776148 0.133104592 0.005 41990.4 2332.8 16243.2 34560 19872 0.23783 145.35612
36325 730285 15.29333333 8.066666667 11.68833333 0.006166667 0.039 1.266666667 0.5 2.233333333 2.066666667 1.743928333 0.003851458 0.864625 0.383333333 0.155 0.01035 0.01767 0.9 0.855 0.61845 334.278 0.033612245 0.13244898 0.005 34041.6 1814.4 16243.2 34560 19872 0.23802 66.08952
36326 730286 15.29333333 8.066666667 11.68833333 0.006186286 0.038777946 1.261965665 0.499759767 2.231972012 2.075395141 1.744169566 0.003861073 0.863430726 0.384371368 0.148688302 0.010540625 0.017652503 0.900464451 0.837062505 0.61783762 334.9332 0.033410077 0.131640306 0.005 34041.6 1814.4 13564.8 34560 19872 0.23751 287.1288
36327 730287 15.29333333 8.066666667 11.68833333 0.006243619 0.038500595 1.255831872 0.499057726 2.22799378 2.100902624 1.744883643 0.003889169 0.859930453 0.385328917 0.142496169 0.011097694 0.017601206 0.90182173 0.820057171 0.616042205 335.5506 0.033173469 0.130693878 0.005 34041.6 1814.4 11145.6 34560 19872 0.236 332.7032291
36328 730288 15.29333333 8.066666667 11.68833333 0.006336381 0.038171005 1.248346933 0.497921866 2.22155724 2.142172206 1.746056135 0.003934626 0.854248002 0.386210673 0.136427385 0.011998999 0.017517896 0.904017726 0.803937119 0.613126343 336.1428 0.03290625 0.129625 0.005 34041.6 1296 11145.6 34560 19872 0.23356 97.55424
36329 730289 15.29333333 8.066666667 11.68833333 0.006462286 0.037792232 1.239592496 0.496380175 2.212820991 2.198186978 1.747672611 0.003996325 0.846507194 0.387021333 0.130485734 0.013222331 0.017404361 0.906998328 0.788655469 0.609152622 336.6846 0.032612245 0.12844898 0.005 34041.6 1814.4 11145.6 34560 19872 0.23025 375.73956
36330 730290 15.29333333 8.066666667 11.68833333 0.006619048 0.037367333 1.229650207 0.494460641 2.201943635 2.267930029 1.749718641 0.004073146 0.83683185 0.387765589 0.124675 0.014745481 0.017262389 0.910709427 0.774165343 0.604183631 337.1886 0.032295281 0.127181122 0.005 34041.6 1296 13564.8 34560 19872 0.22612 367.4902255
36331 730291 15.29333333 8.066666667 11.68833333 0.006804381 0.036899365 1.218601714 0.492191254 2.189083771 2.350384451 1.752179793 0.004163968 0.825345792 0.388448137 0.118998968 0.01654624 0.01709377 0.91509691 0.760419862 0.598281957 337.6674 0.031959184 0.125836735 0.005 34041.6 1814.4 13564.8 34560 19872 0.22124 336.1838011
36332 730292 15.29333333 8.066666667 11.68833333 0.007016 0.036391384 1.206528664 0.4896 2.1744 2.444533333 1.755041638 0.004267671 0.812172842 0.389073671 0.113461422 0.0186024 0.016900291 0.920106667 0.747372147 0.591510189 338.0958 0.031607781 0.124431122 0.005 41990.4 2332.8 13564.8 34560 19872 0.21566 213.1186519
36333 730293 15.29333333 8.066666667 11.68833333 0.007251619 0.035846448 1.193512704 0.486714869 2.158050923 2.549359767 1.758289745 0.004383135 0.797436821 0.389646885 0.108066147 0.020891752 0.01668374 0.925684587 0.734975318 0.583930914 338.4864 0.031244898 0.122979592 0.005 41990.4 1296 13564.8 34560 19872 0.20944 262.38492
36334 730294 15.29333333 8.066666667 11.68833333 0.007508952 0.035267613 1.179635481 0.483563848 2.140195141 2.663846842 1.761909683 0.00450924 0.781261549 0.390172473 0.102816926 0.023392086 0.016445906 0.93177656 0.723182496 0.575606721 338.8392 0.030874362 0.121497449 0.005 34041.6 864 11145.6 34560 19872 0.20264 278.14752
36335 730295 15.29333333 8.066666667 11.68833333 0.007785714 0.034657935 1.164978642 0.480174927 2.120991254 2.786977648 1.765887022 0.004644866 0.76377085 0.390655131 0.097717545 0.026081195 0.016188577 0.938328474 0.711946803 0.566600198 339.1542 0.0305 0.12 0.005 29376 864 11145.6 34560 19872 0.19531 252.92736
36336 730296 15.29333333 8.066666667 11.68833333 0.008079619 0.034020473 1.149623833 0.476576093 2.100597862 2.917735277 1.770207332 0.004788893 0.745088543 0.391099551 0.092771788 0.02893687 0.015913541 0.94528622 0.70122136 0.556973933 339.4314 0.030125638 0.118502551 0.005 25574.4 864 11145.6 34560 19872 0.18753 419.4334523
36337 730297 15.29333333 8.066666667 11.68833333 0.008388381 0.033358281 1.133652703 0.472795335 2.079173567 3.055102818 1.774856182 0.0049402 0.72533845 0.39151043 0.087983438 0.031936901 0.015622586 0.952595685 0.690959286 0.546790514 339.6582 0.029755102 0.117020408 0.005 25574.4 864 11145.6 34560 19872 0.17933 347.70708
36338 730298 15.29333333 8.066666667 11.68833333 0.008709714 0.032674418 1.117146898 0.468860641 2.056876968 3.198063362 1.779819142 0.005097668 0.704644393 0.39189246 0.083356281 0.035059081 0.015317501 0.96020276 0.681113705 0.536112529 339.8598 0.029392219 0.115568878 0.005 25574.4 864 8899.2 34560 19872 0.17079 365.9220153
36339 730299 15.29333333 8.066666667 11.68833333 0.009041333 0.03197194 1.100188064 0.4648 2.033866667 3.3456 1.78508178 0.005260177 0.683130193 0.392250336 0.0788941 0.0382812 0.015000073 0.968053333 0.671637735 0.525002566 340.011 0.029040816 0.114163265 0.005 25574.4 864 8899.2 34560 19872 0.16196 324.5919405
36340 730300 15.29333333 8.066666667 11.68833333 0.009380952 0.031253903 1.08285785 0.460641399 2.010301263 3.496695821 1.790629668 0.005426606 0.660919672 0.392588754 0.07460068 0.04158105 0.014672092 0.976093294 0.662484498 0.513523214 340.1118 0.028704719 0.112818878 0.005 25574.4 864 8899.2 34560 19872 0.15291 336.32172
36341 730301 15.29333333 8.066666667 11.68833333 0.009726286 0.030523365 1.065237902 0.456412828 1.986339359 3.650333916 1.796448373 0.005595835 0.638136651 0.392912407 0.070479806 0.044936421 0.014335345 0.984268533 0.653607116 0.50173706 340.1748 0.028387755 0.11155102 0.005 25574.4 864 11145.6 34560 19872 0.14368 85.4455814
36342 730302 15.29333333 8.066666667 11.68833333 0.010075048 0.029783382 1.047409867 0.452142274 1.962139553 3.805497376 1.802523466 0.005766744 0.61490495 0.393225989 0.066535261 0.048325106 0.01399162 0.992524937 0.644958709 0.489706692 340.2 0.02809375 0.110375 0.005 25574.4 1036.8 11145.6 34560 20736 0.13433 238.66164
36343 730303 15.29333333 8.066666667 11.68833333 0.010424952 0.02903701 1.029455392 0.447857726 1.937860447 3.961169291 1.808840516 0.005938214 0.591348393 0.393534195 0.06277083 0.051724894 0.013642706 1.000808397 0.636492397 0.477494699 340.1748 0.027826531 0.109306122 0.005 25574.4 691.2 11145.6 34560 20736 0.12494 99.06624
36344 730304 15.29333333 8.066666667 11.68833333 0.010773714 0.028287308 1.011456124 0.443587172 1.913660641 4.11633275 1.815385092 0.006109123 0.567590799 0.393841719 0.059190298 0.055113579 0.013290391 1.009064801 0.628161303 0.465163669 340.1118 0.027589923 0.108359694 0.005 25574.4 691.2 11145.6 34560 20736 0.11554 114.9876
36345 730305 15.29333333 8.066666667 11.68833333 0.011119048 0.027537331 0.993493711 0.439358601 1.889698737 4.269970845 1.822142765 0.006278352 0.543755991 0.394153256 0.055797449 0.05846895 0.012936463 1.017240039 0.619918547 0.45277619 340.011 0.027387755 0.10755102 0.005 25574.4 691.2 11145.6 34560 20736 0.10622 183.07296
36346 730306 15.29333333 8.066666667 11.68833333 0.011458667 0.026790136 0.975649799 0.4352 1.866133333 4.421066667 1.829099104 0.006444781 0.51996779 0.3944735 0.052596067 0.0617688 0.01258271 1.02528 0.61171725 0.440394849 339.8598 0.027223852 0.106895408 0.005 22118.4 691.2 11145.6 34560 20736 0.097007 285.768
36347 730307 15.29333333 8.066666667 11.68833333 0.011790286 0.026048781 0.958006035 0.431139359 1.843123032 4.568603304 1.836239678 0.00660729 0.496350017 0.394807145 0.049589936 0.064990919 0.012230921 1.033130573 0.603510532 0.428082236 339.6708 0.027102041 0.106408163 0.005 18835.2 691.2 11145.6 34560 20736 0.087978 285.22368
36348 730308 15.29333333 8.066666667 11.68833333 0.012111619 0.025316321 0.940644066 0.427204665 1.820826433 4.711563848 1.843550056 0.006764758 0.473026494 0.395158886 0.046782841 0.068113099 0.011882884 1.040737648 0.595251515 0.415900937 339.4314 0.027026148 0.106104592 0.005 18835.2 691.2 11145.6 34560 20736 0.079188 265.87764
36349 730309 15.29333333 8.066666667 11.68833333 0.012420381 0.024595813 0.92364554 0.423423907 1.799402138 4.84893139 1.851015809 0.006916065 0.450121041 0.395533417 0.044178566 0.07111313 0.011540387 1.048047114 0.58689332 0.403913542 339.1668 0.027 0.106 0.005 18835.2 691.2 11145.6 34560 20736 0.070695 277.9434
36350 730310 15.29333333 8.066666667 11.68833333 0.012714286 0.023890315 0.907092103 0.419825073 1.779008746 4.979689018 1.858622505 0.007060092 0.427757481 0.395935433 0.041780896 0.073968805 0.011205218 1.055004859 0.578389068 0.392182638 338.8518 0.027060736 0.106009344 0.005 22118.4 691.2 11145.6 34560 20736 0.062557 273.7476
36351 730311 15.29333333 8.066666667 11.68833333 0.012991048 0.023202883 0.891065403 0.416436152 1.759804859 5.102819825 1.866355715 0.007195718 0.406059635 0.396369627 0.039593614 0.076657914 0.010879166 1.061556774 0.569691879 0.380770814 338.499 0.027236288 0.106036352 0.005 29376 1036.8 13564.8 34560 20736 0.054833 292.0741463
36352 730312 15.29333333 8.066666667 11.68833333 0.013248381 0.022536574 0.875647086 0.413285131 1.741949077 5.2173069 1.874201007 0.007321824 0.385151324 0.396840695 0.037620506 0.079158248 0.010564019 1.067648746 0.560754875 0.369740657 338.1084 0.027516672 0.106079488 0.005 41990.4 691.2 13564.8 34560 20736 0.047581 342.2267234
36353 730313 15.29333333 8.066666667 11.68833333 0.013484 0.021894444 0.8609188 0.4104 1.7256 5.322133333 1.882143952 0.007437288 0.365156369 0.397353331 0.035865356 0.0814476 0.010261564 1.073226667 0.551531176 0.359154755 337.68 0.027891904 0.106137216 0.005 41990.4 691.2 11145.6 34560 20736 0.04086 352.26576
36354 730314 15.29333333 8.066666667 11.68833333 0.013695619 0.021279551 0.846962191 0.407808746 1.710916229 5.416282216 1.890170118 0.007540991 0.346198592 0.397912228 0.034331947 0.08350376 0.009973591 1.078236424 0.541973904 0.349075697 337.2138 0.028352 0.106208 0.005 34041.6 691.2 11145.6 34560 20736 0.034729 332.08056
36355 730315 15.29333333 8.066666667 11.68833333 0.013880952 0.020694951 0.833858907 0.405539359 1.698056365 5.498736638 1.898265076 0.007631813 0.328401815 0.398522082 0.033024065 0.085304519 0.009701888 1.082623907 0.532036179 0.339566071 336.7098 0.028886976 0.106290304 0.005 29376 691.2 11145.6 34560 20736 0.029246 264.7761809
36356 730316 15.29333333 8.066666667 11.68833333 0.014037714 0.020143701 0.821690594 0.403619825 1.687179009 5.568479689 1.906414394 0.007708633 0.311889858 0.399187587 0.031945493 0.086827669 0.009448242 1.086335005 0.521671123 0.330688465 336.168 0.029486848 0.106382592 0.005 29376 691.2 11145.6 34560 20736 0.02447 76.93899907
36357 730317 15.29333333 8.066666667 11.68833333 0.014163619 0.019628857 0.8105389 0.402078134 1.67844276 5.624494461 1.914603643 0.007770332 0.296786544 0.399913436 0.031100016 0.088051001 0.009214442 1.089315607 0.510831856 0.322505466 335.5884 0.030141632 0.106483328 0.005 29376 691.2 11145.6 34560 20736 0.020458 293.00292
36358 730318 15.29333333 8.066666667 11.68833333 0.014256381 0.019153477 0.800485472 0.400942274 1.67200622 5.665764043 1.922818392 0.00781579 0.283215693 0.400704326 0.030491419 0.088952306 0.009002276 1.091511603 0.499471499 0.315079664 334.971 0.030841344 0.106590976 0.005 29376 691.2 11145.6 34560 20736 0.017271 217.3256765
36359 730319 15.29333333 8.066666667 11.68833333 0.014313714 0.018720617 0.791611956 0.400240233 1.668027988 5.691271526 1.93104421 0.007843886 0.271301127 0.401564949 0.030123485 0.089509375 0.008813533 1.092868882 0.487543173 0.308473646 334.3158 0.031576 0.106704 0.005 29376 691.2 11145.6 34560 20736 0.014965 139.3227574
36360 730320 15.29333333 8.066666667 11.68833333 0.014333333 0.018333333 0.784 0.4 1.666666667 5.7 1.939266667 0.0078535 0.261166667 0.4025 0.03 0.0897 0.00865 1.093333333 0.475 0.30275 333.6354 0.032335616 0.106820864 0.005 29376 691.2 11145.6 34560 20736 0.0136 103.3074
36361 730321 15.31160578 8.068509475 11.6947382 0.014317769 0.017972612 0.77730089 0.400498056 1.667107021 5.694023324 1.947530746 0.007849627 0.252058894 0.40377283 0.034603909 0.089687113 0.008498878 1.09110224 0.461411472 0.297460725 332.9172 0.033110208 0.106940032 0.005 29376 432 8899.2 34560 20736 0.012735 322.55496
36362 730322 15.36464043 8.073858115 11.71333934 0.014272595 0.017617498 0.771085322 0.401943635 1.668394342 5.676676385 1.955917857 0.007838388 0.243142425 0.405612791 0.047966472 0.089649708 0.008346513 1.084607531 0.446471221 0.29212796 332.1612 0.033889792 0.107059968 0.005 29376 432 8899.2 34560 20736 0.011893 246.71304
36363 730323 15.44976327 8.082442906 11.74321656 0.014200088 0.017268137 0.765314062 0.404263848 1.670478013 5.648833819 1.964468206 0.007820347 0.234418138 0.407973583 0.069413949 0.089589673 0.008193414 1.074147067 0.43031857 0.286769506 331.3674 0.034664384 0.107179136 0.005 29376 432 8899.2 34560 20736 0.011072 228.02472
36364 730324 15.56430029 8.093994169 11.78344969 0.014102527 0.016924676 0.759947872 0.407385811 1.673307418 5.611370262 1.973221999 0.007796073 0.225886907 0.410808904 0.098272595 0.089508892 0.00804009 1.060018703 0.413092847 0.281403164 330.5484 0.035424 0.107296 0.005 83635.2 1555.2 16243.2 34560 20736 0.010275 294.6132
36365 730325 15.70557747 8.108242225 11.83311854 0.013982188 0.016587263 0.754947517 0.411236638 1.676831943 5.56516035 1.982219443 0.007766132 0.217549611 0.414072455 0.133868668 0.089409252 0.007887049 1.0425203 0.394933376 0.276046732 329.6916 0.036158656 0.107409024 0.005 41990.4 1036.8 13564.8 34560 20736 0.0095013 263.70036
36366 730326 15.8709208 8.124917396 11.89130291 0.013841351 0.016256044 0.75027376 0.41574344 1.681000972 5.511078717 1.991500745 0.00773109 0.209407125 0.417717934 0.175528426 0.089292638 0.0077348 1.021949715 0.375979483 0.270718013 328.8096 0.036858368 0.107516672 0.005 34041.6 691.2 13564.8 34560 20736 0.0087525 269.4763758
36367 730327 16.05765625 8.14375 11.95708264 0.013682292 0.015931165 0.745887366 0.420833333 1.685763889 5.45 2.00110611 0.007691514 0.201460325 0.42169904 0.222578125 0.089160938 0.007583852 0.998604807 0.356370494 0.265434805 327.8898 0.037513152 0.107617408 0.005 34041.6 691.2 11145.6 34560 20736 0.008029 256.1706
36368 730328 16.26310982 8.16447036 12.02953752 0.013507289 0.015612774 0.741749098 0.426433431 1.691070079 5.382798834 2.011075746 0.007647972 0.193710089 0.425969472 0.274344023 0.089016035 0.007434712 0.972783433 0.336245734 0.26021491 326.9322 0.038113024 0.107709696 0.005 34041.6 691.2 11145.6 34560 20736 0.0073316 308.87892
36369 730329 16.48460748 8.186808795 12.10774738 0.013318619 0.015301017 0.73781972 0.432470845 1.696868926 5.310349854 2.021449859 0.007601029 0.186157292 0.43048293 0.330152378 0.088859817 0.007287889 0.944783453 0.315744529 0.255076127 325.962 0.038648 0.107792 0.005 34041.6 691.2 11145.6 34560 20736 0.0066611 255.28608
36370 730330 16.71947522 8.210495627 12.19079203 0.013118562 0.014996041 0.734059997 0.438872692 1.703109815 5.233527697 2.032268655 0.007551253 0.178802811 0.435193113 0.389329446 0.088694169 0.007143893 0.914902723 0.295006204 0.250036257 324.9414 0.039108096 0.107862784 0.005 34041.6 691.2 11145.6 34560 20736 0.0060182 236.380032
36371 730331 16.96503902 8.235261176 12.27775128 0.012909393 0.014697993 0.730430691 0.445566084 1.709742131 5.153206997 2.043572342 0.007499209 0.171647522 0.440053719 0.451201485 0.088520978 0.007003231 0.883439104 0.274170085 0.2451131 323.9082 0.039483328 0.107920512 0.005 29376 691.2 11145.6 34560 20736 0.0054036 259.4592
36372 730332 17.21862488 8.260835763 12.36770495 0.012693392 0.014407019 0.726892567 0.452478134 1.716715258 5.070262391 2.055401125 0.007445466 0.164692302 0.445018449 0.515094752 0.088342128 0.006866413 0.850690452 0.253375497 0.240324456 322.8372 0.039763712 0.107963648 0.005 29376 691.2 11145.6 34560 20736 0.004818 273.56616
36373 730333 17.47755876 8.286949708 12.45973286 0.012472835 0.014123267 0.723406389 0.459535957 1.72397858 4.985568513 2.067795212 0.007390589 0.157938028 0.450041 0.580335505 0.088159507 0.006733946 0.816954626 0.232761766 0.235688126 321.7284 0.039939264 0.107990656 0.005 13046.4 691.2 11145.6 34467.09677 20736 0.0042622 202.57776
36374 730334 17.73916667 8.313333333 12.55291481 0.01225 0.013846882 0.719932921 0.466666667 1.731481481 4.9 2.080794808 0.007335146 0.151385575 0.455075073 0.64625 0.087975 0.00660634 0.782529485 0.212468217 0.23122191 320.607 0.04 0.108 0.005 29376 691.2 11145.6 34467.09677 20736 0.0037369 301.09968
36375 730335 18.00077457 8.339716958 12.64633063 0.012027165 0.013578013 0.716432926 0.473797376 1.739173348 4.814431487 2.09444012 0.007279702 0.145035821 0.460074366 0.712164495 0.087790493 0.006484103 0.747712886 0.192634177 0.226943608 319.4478 0.039980781 0.107980781 0.005 29376 691.2 11145.6 34467.09677 20736 0.0032429 193.07484
36376 730336 18.25970845 8.365830904 12.73906012 0.011806608 0.013316805 0.712867169 0.480855199 1.747003563 4.729737609 2.108771356 0.007224826 0.138889641 0.464992578 0.777405248 0.087607872 0.006367743 0.712802689 0.173398969 0.222871021 318.2634 0.039924618 0.107924618 0.005 34041.6 432 11145.6 34467.09677 20736 0.0027808 205.29936
36377 730337 18.51329431 8.391405491 12.8301831 0.011590607 0.013063405 0.709196414 0.48776725 1.754921512 4.646793003 2.12382872 0.007171082 0.132947912 0.469783409 0.841298515 0.087429022 0.00625777 0.67809675 0.154901922 0.219021948 317.0538 0.039833749 0.107833749 0.005 29376 432 11145.6 34467.09677 20736 0.0023515 129.88836
36378 730338 18.75885811 8.41617104 12.91877939 0.011381438 0.01281796 0.705381423 0.494460641 1.762876579 4.566472303 2.13965242 0.007119039 0.127211511 0.474400558 0.903170554 0.087255831 0.006154691 0.643892929 0.137282358 0.21541419 315.819 0.039710414 0.107710414 0.005 25574.4 432 11145.6 34467.09677 20736 0.0019557 113.9164062
36379 730339 18.99372586 8.439857872 13.0039288 0.011181381 0.012580618 0.701382962 0.500862488 1.770818149 4.489650146 2.156282663 0.007069263 0.121681314 0.478797724 0.962347622 0.087090183 0.006059016 0.610489084 0.120679605 0.212065548 314.5464 0.039556851 0.107556851 0.005 25574.4 432 11145.6 34467.09677 20736 0.001594 266.976
36380 730340 19.21522352 8.462196307 13.08471115 0.010992711 0.012351524 0.697161794 0.506899903 1.778695605 4.417201166 2.173759655 0.00702232 0.116358198 0.482928605 1.018155977 0.086933965 0.005971252 0.578183073 0.105232988 0.208993821 313.2612 0.0393753 0.1073753 0.005 25574.4 432 8899.2 34467.09677 20736 0.0012674 0.435456
36381 730341 19.42067708 8.482916667 13.16020625 0.010817708 0.012130825 0.692678682 0.5125 1.786458333 4.35 2.192123602 0.006978777 0.111243038 0.486746902 1.069921875 0.086789063 0.005891909 0.547272754 0.091081831 0.20621681 311.9508 0.039168 0.107168 0.005 25574.4 432 8899.2 34467.09677 20736 0.00097633 306.016704
36382 730342 19.60741254 8.501749271 13.22949391 0.010658649 0.011918668 0.687894392 0.517589893 1.794055718 4.288921283 2.211414711 0.006939202 0.106336711 0.490206313 1.116971574 0.086657362 0.005821495 0.518055985 0.078365462 0.203752315 310.6026 0.03893719 0.10693719 0.005 25574.4 432 8899.2 34467.09677 20736 0.00072173 92.71970043
36383 730343 19.77275586 8.518424441 13.29165395 0.010517812 0.011715201 0.682769686 0.522096696 1.801437142 4.23483965 2.231673189 0.00690416 0.101640095 0.493260538 1.158631332 0.086540748 0.005760518 0.490830626 0.067223205 0.201618137 309.2418 0.038685108 0.106685108 0.005 34041.6 691.2 11145.6 34467.09677 20736 0.00050427 166.6329183
36384 730344 19.91403304 8.532672498 13.34576618 0.010397473 0.011520569 0.67726533 0.525947522 1.808551992 4.188629738 2.252939241 0.006874219 0.097154064 0.495863275 1.194227405 0.086441108 0.005709488 0.465894533 0.057794386 0.199832075 307.8558 0.038413994 0.106413994 0.005 41990.4 691.2 11145.6 34467.09677 20736 0.0003247 274.97232
36385 730345 20.02857006 8.544223761 13.39091042 0.010299912 0.011334919 0.671342085 0.529069485 1.815349652 4.151166181 2.275253076 0.006849944 0.092879496 0.497968224 1.223086051 0.086360327 0.005668912 0.443545566 0.05021833 0.19841193 306.4446 0.038126087 0.106126087 0.005 71625.6 1036.8 16243.2 34467.09677 20736 0.00018375 288.3712696
36386 730346 20.11369291 8.552808552 13.42616648 0.010227405 0.011158399 0.664960717 0.531389699 1.821779505 4.123323615 2.298654898 0.006831904 0.088817268 0.499529084 1.244533528 0.086300292 0.0056393 0.424081583 0.044634364 0.197375502 305.0208 0.037823627 0.105823627 0.005 66009.6 691.2 16243.2 34467.09677 20736 8.22E-05 223.965
36387 730347 20.16672756 8.558157191 13.45061418 0.010182231 0.010991155 0.65808199 0.532835277 1.827790938 4.105976676 2.323184915 0.006820664 0.084968255 0.500499554 1.257896091 0.086262887 0.00562116 0.407800441 0.041181812 0.196740592 303.5592 0.037508851 0.105508851 0.005 41990.4 691.2 13737.6 34467.09677 20736 2.07E-05 255.67164
36388 730348 20.185 8.56 13.46333333 0.010166667 0.010833333 0.650666667 0.533333333 1.833333333 4.1 2.348883333 0.006816792 0.081333333 0.500833333 1.2625 0.08625 0.005615 0.395 0.04 0.196525 302.085 0.037184 0.105184 0.005 34041.6 432 13737.6 34467.09677 20736 0 248.306688
36389 730349 20.18206415 8.55831906 13.4697832 0.010181301 0.010679804 0.64145012 0.532959791 1.838751215 4.102365768 2.386642773 0.006838415 0.077798901 0.500816573 1.258029991 0.086617285 0.005625746 0.384316408 0.040298834 0.196901095 300.5856 0.036851312 0.104851312 0.005 96768 2851.2 16243.2 34467.09677 20736 0 48.92076
36390 730350 20.17342163 8.553440233 13.47603468 0.010224295 0.010525649 0.62935363 0.531875607 1.844401253 4.109232264 2.44617873 0.006901378 0.074257584 0.500766413 1.245052125 0.087683309 0.005656934 0.374167003 0.041166181 0.197992687 299.061 0.036513026 0.104513026 0.005 83635.2 2160 16243.2 34467.09677 20736 0 185.79456
36391 730351 20.15932001 8.545609512 13.48208506 0.010294286 0.010371338 0.614616823 0.530135447 1.850251053 4.12025328 2.52576572 0.007002819 0.070719603 0.500683036 1.224214639 0.089394322 0.005706993 0.36452143 0.042558309 0.199744739 297.5238 0.036171382 0.104171382 0.005 71625.6 1555.2 13737.6 34467.09677 20736 0 93.48696
36392 730352 20.14000683 8.535072886 13.48793159 0.010389912 0.01021734 0.597479326 0.527793975 1.856268222 4.135082604 2.623678264 0.007139877 0.067195179 0.500566621 1.196165773 0.091696574 0.005774349 0.355349331 0.044431487 0.202102211 295.974 0.035828618 0.103828618 0.005 60652.8 1555.2 13737.6 34467.09677 20736 0 90.40445217
36393 730353 20.11572965 8.522076348 13.49357155 0.010509811 0.010064123 0.578180763 0.524905855 1.862420365 4.153374028 2.738190877 0.007309689 0.063694532 0.500417351 1.161553765 0.094536318 0.00585743 0.34662035 0.046741983 0.205010066 294.3864 0.035486974 0.103486974 0.005 50803.2 1036.8 16243.2 34467.09677 20736 0 238.32144
36394 730354 20.08673602 8.506865889 13.49900221 0.010652621 0.009912155 0.556960762 0.521525753 1.868675089 4.174781341 2.867578079 0.007509395 0.060227884 0.500235408 1.121026855 0.097859803 0.005954665 0.338304128 0.049446064 0.208413265 292.7988 0.035148688 0.103148688 0.005 41990.4 1036.8 16243.2 34467.09677 20736 0 185.5224
36395 730355 20.0532735 8.4896875 13.50422084 0.010816978 0.009761905 0.534058948 0.517708333 1.875 4.198958333 3.010114386 0.007736132 0.056805454 0.500020972 1.075233281 0.101613281 0.006064479 0.330370311 0.0525 0.212256771 291.1734 0.034816 0.102816 0.005 34041.6 1036.8 13737.6 34467.09677 20736 0 179.0696987
36396 730356 20.01558965 8.470787172 13.50922471 0.011001521 0.009613841 0.509714948 0.51350826 1.881362704 4.225558795 3.164074318 0.007987039 0.053437465 0.499774224 1.024821283 0.105743003 0.006185301 0.32278854 0.055860058 0.216485544 289.548 0.034491149 0.102491149 0.005 34041.6 1036.8 13737.6 34467.09677 20736 0 62.7473566
36397 730357 19.97393202 8.450410897 13.51401109 0.011204888 0.009468433 0.484168387 0.508980199 1.887730807 4.254236516 3.327732392 0.008259255 0.050134136 0.499495348 0.970439098 0.110195219 0.006315558 0.315528458 0.059482507 0.221044547 287.8974 0.034176373 0.102176373 0.005 34041.6 691.2 13737.6 34467.09677 20736 0 98.13973787
36398 730358 19.92854816 8.428804665 13.51857726 0.011425715 0.009326149 0.457658893 0.504178814 1.894071914 4.284645287 3.499363127 0.008549918 0.046905688 0.499184523 0.912734967 0.114916181 0.006453678 0.30855971 0.063323615 0.225878741 286.2342 0.033873913 0.101873913 0.005 34041.6 691.2 13737.6 34467.09677 20736 0 111.10932
36399 730359 19.87968563 8.406214468 13.52292049 0.011662641 0.009187457 0.43042609 0.499158771 1.900353634 4.316438897 3.677241039 0.008856167 0.043762343 0.498841931 0.852357128 0.119852139 0.006598088 0.301851938 0.06733965 0.230933089 284.5458 0.033586006 0.101586006 0.005 34041.6 691.2 13737.6 34467.09677 20736 0 215.0203569
36400 730360 19.82759199 8.382886297 13.52703803 0.011914303 0.009052825 0.402709605 0.493974733 1.90654357 4.349271137 3.859640647 0.00917514 0.04071432 0.498467754 0.789953819 0.124949344 0.006747216 0.295374785 0.07148688 0.236152551 282.8448 0.033314892 0.101314892 0.005 34041.6 1036.8 13737.6 34467.09677 20736 0 263.0997058
36401 730361 19.77251478 8.359066144 13.53092718 0.012179339 0.008922723 0.374749064 0.488681365 1.912609329 4.382795797 4.044836468 0.009503974 0.037771841 0.498062173 0.72617328 0.130154047 0.006899488 0.289097894 0.075721574 0.24148209 281.1312 0.03306281 0.10106281 0.005 34041.6 1036.8 13737.6 34467.09677 20736 0 221.5836
36402 730362 19.71470157 8.335 13.53458519 0.012456386 0.008797619 0.346784094 0.483333333 1.918518519 4.416666667 4.231103022 0.00983981 0.034945126 0.497625369 0.66166375 0.1354125 0.007053333 0.282990909 0.08 0.246866667 279.405 0.032832 0.100832 0.005 34041.6 2160 16243.2 34467.09677 20736 0 243.7163847
36403 730363 19.6543999 8.310933856 13.53800934 0.012744083 0.008677981 0.319054319 0.477985301 1.924238743 4.450537536 4.416714826 0.010179785 0.032244396 0.497157524 0.597073467 0.140670953 0.007207178 0.277023472 0.084278426 0.252251244 277.6536 0.0326247 0.1006247 0.005 34041.6 1036.8 13737.6 34467.09677 20736 0 233.9417872
36404 730364 19.59185734 8.287113703 13.54119689 0.013041066 0.008564279 0.291799368 0.472691934 1.929737609 4.484062196 4.599946397 0.010521038 0.029679873 0.496658819 0.533050671 0.145875656 0.007359451 0.271165227 0.08851312 0.257580782 275.9022 0.032443149 0.100443149 0.005 34041.6 691.2 13737.6 34560 17280 0 239.1533617
36405 730365 19.52732144 8.263785532 13.54414513 0.013345974 0.00845698 0.265258864 0.467507896 1.934982723 4.516894436 4.779072254 0.010860707 0.027261775 0.496129436 0.470243599 0.150972861 0.007508578 0.265385817 0.09266035 0.262800244 274.1256 0.032289586 0.100289586 0.005 34041.6 691.2 13737.6 34560 17280 0 219.0945906
36406 730366 19.46103975 8.241195335 13.54685131 0.013657443 0.008356553 0.239672436 0.462487852 1.939941691 4.548688047 4.952366914 0.01119593 0.025000326 0.495569556 0.409300492 0.155908819 0.007652988 0.259654885 0.096676385 0.267854592 272.3364 0.032166251 0.100166251 0.005 34041.6 432 13737.6 34560 17280 0 211.4091548
36407 730367 19.39325983 8.219589103 13.54931272 0.013974113 0.008263467 0.215279708 0.457686467 1.944582119 4.579096817 5.118104896 0.011523847 0.022905744 0.49497936 0.350869588 0.160629781 0.007791108 0.253942073 0.100517493 0.272688786 270.5346 0.032075382 0.100075382 0.005 34041.6 432 13737.6 34560 17280 0 211.994496
36408 730368 19.32422923 8.199212828 13.55152662 0.01429462 0.00817819 0.192320307 0.453158406 1.948871612 4.607774538 5.274560718 0.011841595 0.020988251 0.494359031 0.295599125 0.165081997 0.007921365 0.248217026 0.104139942 0.277247789 268.7328 0.032019219 0.100019219 0.005 34041.6 432 13737.6 34560 17280 0 233.33184
36409 730369 19.25419551 8.1803125 13.55349028 0.014617601 0.00810119 0.171033859 0.448958333 1.952777778 4.634375 5.420008897 0.012146312 0.019258068 0.493708748 0.244137344 0.169211719 0.008042188 0.242449386 0.1075 0.281476563 266.9058 0.032 0.1 0.005 29376 432 13737.6 34560 17280 0 208.63332
36410 730370 19.18340623 8.163134111 13.55520097 0.014941696 0.008032938 0.15165999 0.445140914 1.956268222 4.658551992 5.552723951 0.012435139 0.017725415 0.493028694 0.197132482 0.172965197 0.008152002 0.236608797 0.110553936 0.285320068 265.0788 0.032006519 0.100081481 0.005016296 25574.4 691.2 16243.2 34560 17280 0 199.76544
36411 730371 19.11210893 8.147923652 13.55665597 0.01526554 0.0079739 0.134438326 0.441760811 1.95931055 4.679959305 5.670980399 0.012705212 0.016400514 0.492319051 0.155232778 0.176288682 0.008249236 0.230664901 0.113258017 0.288723267 263.2392 0.032025481 0.100318519 0.005063704 34041.6 691.2 16243.2 34560 17280 0 145.9472477
36412 730372 19.04055117 8.134927114 13.55785254 0.015587772 0.007924545 0.119608494 0.438872692 1.961872368 4.698250729 5.773052758 0.01295367 0.015293584 0.491579999 0.119086472 0.179128426 0.008332318 0.224587342 0.115568513 0.291631122 261.3744 0.032056 0.1007 0.00514 29376 432 13737.6 34560 17280 0 118.2911591
36413 730373 18.96898051 8.124390488 13.55878796 0.01590703 0.007885343 0.107410119 0.43653122 1.963921283 4.713080053 5.857215547 0.013177652 0.014414847 0.490811719 0.089341803 0.181430678 0.008399674 0.218345762 0.117441691 0.293988595 259.5222 0.032097185 0.101214815 0.005242963 25574.4 432 13737.6 34560 17280 0 98.47656
36414 730374 18.8976445 8.116559767 13.5594595 0.016221951 0.007856761 0.098082828 0.434791059 1.9654249 4.724101069 5.921743282 0.013374296 0.013774524 0.490014395 0.066647008 0.183141691 0.008449733 0.211909805 0.118833819 0.295740646 257.6448 0.032148148 0.101851852 0.00537037 25574.4 432 13737.6 34560 17280 0 161.50428
36415 730375 18.8267907 8.11168094 13.55986442 0.016531173 0.007839268 0.091866246 0.433706876 1.966350826 4.730967566 5.964910483 0.013540741 0.013382834 0.489188205 0.051650328 0.184207715 0.008480921 0.205249115 0.119701166 0.296832239 255.7674 0.032208 0.1026 0.00552 25574.4 432 13737.6 34560 17280 0 212.4469379
36416 730376 18.75666667 8.11 13.56 0.016833333 0.007833333 0.089 0.433333333 1.966666667 4.733333333 5.984991667 0.013674125 0.01325 0.488333333 0.045 0.184575 0.008491667 0.198333333 0.12 0.297208333 253.8774 0.032275852 0.103448148 0.00568963 25574.4 432 13737.6 34560 17280 0 229.1471387
36417 730377 18.68459452 8.110815567 13.54828322 0.017152303 0.0078479 0.087906985 0.434146298 1.96535881 4.724809275 5.992637385 0.013789834 0.013265876 0.485813085 0.042776148 0.184411552 0.00847515 0.191033849 0.119850583 0.296630246 251.9748 0.032350815 0.104385185 0.005877037 25574.4 432 13737.6 34560 17280 0 204.61896
36418 730378 18.60787354 8.113182702 13.514276 0.017510313 0.007890451 0.086850506 0.436524591 1.961559711 4.700002316 5.999675118 0.013904977 0.013311953 0.480153244 0.040627044 0.183934339 0.008427211 0.183278581 0.11941691 0.294952381 250.0722 0.032432 0.1054 0.00608 25574.4 432 13737.6 34560 17280 0 140.86548
36419 730379 18.52671698 8.116982052 13.45969297 0.017903541 0.00795926 0.085830806 0.440377313 1.955456073 4.660060283 6.006144777 0.01401928 0.01338591 0.471597704 0.03855315 0.183163059 0.008350267 0.175121967 0.118720845 0.292259338 248.157 0.032518519 0.106481481 0.006296296 25574.4 432 13737.6 34560 17280 0 139.58784
36420 730380 18.44133807 8.122094266 13.38624879 0.018328165 0.008052602 0.084848127 0.445613562 1.947234601 4.606131001 6.012086271 0.014132469 0.013485423 0.460390361 0.036554927 0.18211741 0.008246735 0.166618445 0.117784257 0.288635714 246.2418 0.032609481 0.107618519 0.006523704 25574.4 432 13737.6 34560 17280 0 80.86701913
36421 730381 18.35195009 8.128399994 13.2956581 0.018780363 0.008168751 0.083902712 0.452142437 1.937081999 4.539362295 6.017539511 0.014244267 0.013608168 0.446775109 0.034632838 0.180817089 0.008119032 0.157822452 0.116629009 0.284166109 244.314 0.032704 0.1088 0.00676 25574.4 432 13737.6 34560 17280 0 95.46012
36422 730382 18.25876627 8.135779883 13.18963557 0.019256312 0.008305983 0.082994802 0.459873039 1.92518497 4.460901992 6.022544407 0.014354401 0.013751822 0.430995844 0.032787343 0.179281794 0.007969575 0.148788427 0.115276968 0.278935119 242.3862 0.032801185 0.110014815 0.007002963 25574.4 691.2 16243.2 34560 17280 0 204.09732
36423 730383 18.16199988 8.144114583 13.06989583 0.01975219 0.008462571 0.082124639 0.468714466 1.91173022 4.371897916 6.027140871 0.014462595 0.013914063 0.41329646 0.031018906 0.177531223 0.007800781 0.139570807 0.11375 0.273027344 240.4584 0.032900148 0.111251852 0.00725037 25574.4 691.2 13737.6 34560 17280 0 78.66607304
36424 730384 18.06186416 8.153284742 12.93815355 0.020264175 0.00863679 0.081292467 0.478575818 1.896904453 4.273497893 6.031368811 0.014568574 0.014092566 0.393920853 0.029327988 0.175585073 0.007615068 0.130224031 0.112069971 0.266527381 238.518 0.033 0.1125 0.0075 71625.6 1036.8 18748.8 34560 17280 0 159.07752
36425 730385 17.95857237 8.163171009 12.79612336 0.020788445 0.008826916 0.080498527 0.489366193 1.880894372 4.16684975 6.03526814 0.014672064 0.014285008 0.373112917 0.027715051 0.173463042 0.007414852 0.120802535 0.110258746 0.259519829 236.5776 0.033099852 0.113748148 0.00774963 60652.8 950.4 16243.2 34560 17280 0 118.34424
36426 730386 17.85233775 8.173654033 12.64551992 0.021321177 0.009031222 0.079743062 0.500994692 1.863886683 4.053101311 6.038878767 0.014772789 0.014489067 0.351116547 0.026180558 0.171184828 0.007202551 0.111360759 0.108338192 0.252089286 234.6372 0.033198815 0.114985185 0.007997037 50803.2 691.2 13737.6 34560 17280 0 94.25808
36427 730387 17.74337357 8.184614462 12.48805788 0.021858548 0.009247983 0.079026313 0.513370414 1.846068088 3.933400401 6.042240603 0.014870474 0.014702419 0.328175639 0.024724969 0.168770128 0.006980581 0.101953141 0.106330175 0.24432035 232.6842 0.033296 0.1162 0.00824 41990.4 691.2 13737.6 34560 17280 0 21.313152
36428 730388 17.63189307 8.195932945 12.3254519 0.022396738 0.009475475 0.078348524 0.526402458 1.827625294 3.808894848 6.045393559 0.014964845 0.014922741 0.304534087 0.023348746 0.166238641 0.006751361 0.092634117 0.10425656 0.236297619 230.7312 0.033390519 0.117381481 0.008476296 34041.6 691.2 13737.6 34560 17280 0 65.34108
36429 730389 17.51810951 8.20749013 12.15941661 0.022931922 0.00971197 0.077709935 0.539999923 1.808745003 3.680732475 6.048377544 0.015055627 0.015147709 0.280435786 0.022052353 0.163610063 0.006517305 0.083458126 0.102139213 0.228105692 228.7782 0.033481481 0.118518519 0.008703704 25574.4 691.2 13737.6 34560 17280 0 140.507136
36430 730390 17.40223614 8.219166667 11.99166667 0.02346028 0.009955745 0.077110791 0.554071909 1.789613921 3.550061109 6.051232469 0.015142544 0.015375 0.256124631 0.02083625 0.160904093 0.006280833 0.074479606 0.1 0.219829167 226.8252 0.033568 0.1196 0.00892 34041.6 950.4 16243.2 34560 17280 0 211.147776
36431 730391 17.28448621 8.230843203 11.82391673 0.023977989 0.010205073 0.076551332 0.568527515 1.77041875 3.418028575 6.053998244 0.015225322 0.015602291 0.231844518 0.0197009 0.158140428 0.006044361 0.065752995 0.097860787 0.211552641 224.8722 0.033649185 0.120614815 0.009122963 50803.2 691.2 13737.6 34560 17280 0 162.2768477
36432 730392 17.16507297 8.242400389 11.65788144 0.024481227 0.010458229 0.076031801 0.58327584 1.751346197 3.285782699 6.056714781 0.015303686 0.015827259 0.207839341 0.018646764 0.155338766 0.005810306 0.057332731 0.09574344 0.203360714 222.9192 0.033724148 0.121551852 0.00931037 50803.2 691.2 13737.6 34560 17280 0 174.77208
36433 730393 17.04420967 8.253718871 11.49527545 0.02496617 0.010713488 0.07555244 0.598225983 1.732582964 3.154471307 6.05942199 0.01537736 0.016047581 0.184352994 0.017674304 0.152518805 0.005581085 0.049273251 0.093669825 0.195337984 220.9662 0.033792 0.1224 0.00948 50803.2 691.2 13737.6 34560 17280 0 167.10624
36434 730394 16.92210958 8.2646793 11.33781341 0.025428998 0.010969125 0.075113492 0.613287045 1.714315757 3.025242223 6.062159781 0.015446071 0.016260933 0.161629374 0.016783983 0.149700241 0.005359116 0.041628993 0.091661808 0.187569048 219.0006 0.033851852 0.123148148 0.00962963 83635.2 1900.8 18748.8 41876.12903 19872 0 177.2630196
36435 730395 16.79898593 8.275162324 11.18720997 0.025865888 0.011223414 0.074715199 0.628368124 1.696731278 2.899243274 6.064968064 0.015509543 0.016464992 0.139912375 0.015976262 0.146902774 0.005146814 0.034454396 0.089741254 0.180138504 217.0476 0.033902815 0.123785185 0.009757037 71625.6 1382.4 16243.2 41876.12903 19872 0 128.50488
36436 730396 16.67505199 8.285048591 11.04517979 0.026273017 0.011474629 0.074357803 0.643378319 1.680016234 2.777622285 6.06788675 0.0155675 0.016657434 0.119445892 0.015251603 0.1441461 0.004946599 0.027803898 0.087930029 0.173130952 215.0946 0.033944 0.1243 0.00986 50803.2 950.4 16243.2 41876.12903 19872 0 135.01404
36437 730397 16.550521 8.29421875 10.9134375 0.026646563 0.011721046 0.074041546 0.658226731 1.664357327 2.661527081 6.070955749 0.015619669 0.016835938 0.10047382 0.014610469 0.141449918 0.004760885 0.021731936 0.08625 0.16663099 213.1416 0.033974519 0.124681481 0.009936296 96768 2505.6 18748.8 41876.12903 19872 0 70.55748
36438 730398 16.42560622 8.30255345 10.79369776 0.026982705 0.011960939 0.073766671 0.672822457 1.649941263 2.552105488 6.074214972 0.015665774 0.016998178 0.083240054 0.01405332 0.138833924 0.004592092 0.016292948 0.084723032 0.160723214 211.2012 0.033993481 0.124918519 0.009983704 41990.4 1900.8 18748.8 41876.12903 19872 0 106.2558
36439 730399 16.30052089 8.309933339 10.68767523 0.027277619 0.012192582 0.07353342 0.687074599 1.636954745 2.450505333 6.07770433 0.01570554 0.017141832 0.067988489 0.013580619 0.136317817 0.004442635 0.011541372 0.083370991 0.155492225 209.2482 0.034 0.125 0.01 50803.2 1382.4 16243.2 41876.12903 19872 0 145.65096
36440 730400 16.17547828 8.316239067 10.59708455 0.027527483 0.01241425 0.073342035 0.700892254 1.625584478 2.357874439 6.081463733 0.015738692 0.017264577 0.054963019 0.013192828 0.133921294 0.004314932 0.007531646 0.082215743 0.151022619 207.3078 0.033989203 0.124897432 0.009986504 50803.2 950.4 16243.2 41876.12903 19872 0 85.48092
36441 730401 16.05069163 8.321351282 10.52364037 0.027728476 0.012624218 0.073192758 0.714184522 1.616017165 2.275360634 6.08553309 0.015764956 0.01736409 0.044407541 0.012890409 0.131664053 0.0042114 0.004318208 0.081279155 0.147398996 205.3674 0.033957704 0.124598186 0.00994713 60652.8 950.4 13737.6 41876.12903 19872 0 82.03356
36442 730402 15.9263742 8.325150632 10.46905734 0.027876774 0.01282076 0.073085832 0.726860503 1.608439512 2.204111742 6.089952314 0.015784057 0.017438047 0.036565948 0.012673823 0.129565792 0.004134456 0.001955495 0.08058309 0.144705952 203.4396 0.033906837 0.124114951 0.009883546 60652.8 1382.4 16243.2 41876.12903 19872 0 13.85748
36443 730403 15.80273924 8.327517766 10.43505011 0.027968557 0.013002152 0.073021498 0.738829296 1.603038222 2.145275589 6.094761314 0.015795718 0.017484124 0.031682136 0.012543533 0.127646209 0.004086517 0.000497947 0.080149417 0.143028088 201.5118 0.033837939 0.123460417 0.009797423 60652.8 1382.4 13737.6 41876.12903 19872 0 84.08560696
36444 730404 15.68 8.328333333 10.42333333 0.028 0.013166667 0.073 0.75 1.6 2.1 6.1 0.015799667 0.0175 0.03 0.0125 0.125925 0.00407 0 0.08 0.14245 199.584 0.033752344 0.122647272 0.00969043 71625.6 950.4 13737.6 41876.12903 19872 0 18.64296
36445 730405 15.55768803 8.327363969 10.4244428 0.027988997 0.013317253 0.073965466 0.760510613 1.598261172 2.062488197 6.105865697 0.015798461 0.017473903 0.030159036 0.012573838 0.124315851 0.004074703 3.03E-05 0.080469925 0.142614603 197.6688 0.03365139 0.121688204 0.009564237 71625.6 950.4 13737.6 41876.12903 19872 6.82E-05 40.72933565
36446 730406 15.43514924 8.324529035 10.42768747 0.027956541 0.01345849 0.076806816 0.77058434 1.596629994 2.026157015 6.11249329 0.015794864 0.017397345 0.030624143 0.012789781 0.122719614 0.004088457 0.000118884 0.081850684 0.143095988 195.7536 0.033536411 0.120595904 0.009420514 71625.6 950.4 13737.6 41876.12903 19872 0.00026917 19.36872
36447 730407 15.31231844 8.319938272 10.43294174 0.02790346 0.013591096 0.081441478 0.780258089 1.595101066 1.990974703 6.119829027 0.015788907 0.017272927 0.031377315 0.013139468 0.12113674 0.004110729 0.000262346 0.084098757 0.143875521 193.851 0.033408743 0.119383059 0.009260929 71625.6 950.4 13737.6 41876.12903 19872 0.00059752 93.16944
36448 730408 15.18913041 8.313701417 10.44008002 0.027830581 0.01371579 0.08778688 0.789568766 1.593668989 1.956909512 6.127819159 0.015780622 0.017103247 0.032400549 0.01361454 0.119567681 0.004140988 0.000457247 0.087170622 0.144934568 191.9484 0.033269722 0.118062359 0.009087153 71625.6 1382.4 13737.6 41876.12903 19872 0.0010478 26.8758
36449 730409 15.06551996 8.305928212 10.44897669 0.027738732 0.013833293 0.095760451 0.798553282 1.592328363 1.923929691 6.136409936 0.01577004 0.016890906 0.03367584 0.01420664 0.118012887 0.0041787 0.00070016 0.091022757 0.146254495 190.0584 0.033120683 0.116646492 0.008900854 66009.6 1382.4 13737.6 41876.12903 19872 0.0016147 72.09972
36450 730410 14.94142189 8.296728395 10.45950617 0.027628742 0.013944322 0.105279617 0.807248542 1.591073788 1.892003488 6.145547607 0.015757193 0.016638504 0.035185185 0.014907407 0.11647281 0.004223333 0.000987654 0.095611641 0.147816667 188.1684 0.032962963 0.115148148 0.008703704 60652.8 1382.4 11318.4 41876.12903 19872 0.0022928 124.64928
36451 730411 14.81677099 8.286211706 10.47154285 0.027501439 0.014049598 0.116261808 0.815691456 1.589899864 1.861099153 6.155178423 0.01574211 0.016348641 0.03691058 0.015708483 0.114947899 0.004274356 0.001316301 0.100893753 0.14960245 186.3036 0.032797896 0.113580015 0.00849737 55641.6 1382.4 11318.4 41876.12903 19872 0.0030765 101.01672
36452 730412 14.69150207 8.274487883 10.48496113 0.027357649 0.014149841 0.128624452 0.823918932 1.58880119 1.831184936 6.165248634 0.015724825 0.016023916 0.038834019 0.016601509 0.113438606 0.004331235 0.00168267 0.10682557 0.15159321 184.4388 0.032626819 0.111954782 0.008283524 60652.8 1382.4 13737.6 41876.12903 19872 0.0039607 106.05168
36453 730413 14.56554991 8.261666667 10.49963542 0.027198203 0.014245768 0.142284975 0.831967877 1.587772368 1.802229085 6.175704489 0.015705367 0.015666929 0.0409375 0.017578125 0.111945382 0.004393438 0.002083333 0.113363573 0.153770313 182.574 0.032451067 0.110285138 0.008063834 60652.8 1382.4 11318.4 41876.12903 19872 0.0049397 86.81904
36454 730414 14.43884933 8.247857796 10.5154401 0.027023926 0.0143381 0.157160807 0.8398752 1.586807997 1.77419985 6.186492238 0.015683769 0.015280281 0.043203018 0.018629973 0.110468678 0.004460432 0.002514861 0.120464239 0.156115123 180.7344 0.032271976 0.108583772 0.00783997 71625.6 1900.8 13737.6 41876.12903 19872 0.0060083 120.34008
36455 730415 14.31133511 8.233171011 10.53224959 0.026835648 0.014427556 0.173169376 0.847677807 1.585902677 1.74706548 6.197558131 0.015660062 0.014866571 0.045612569 0.019748693 0.109008945 0.004531686 0.002973823 0.128084046 0.158609008 178.8948 0.032090881 0.106863372 0.007613602 71625.6 1900.8 13737.6 41876.12903 19872 0.007161 104.4414
36456 730416 14.18294206 8.217716049 10.54993827 0.026634197 0.014514855 0.190228109 0.855412609 1.585051009 1.720794225 6.208848419 0.015634276 0.014428398 0.048148148 0.020925926 0.107566633 0.004606667 0.00345679 0.136179473 0.161233333 177.0804 0.031909119 0.105136628 0.007386398 83635.2 1900.8 13737.6 41876.12903 19872 0.0083924 107.315712
36457 730417 14.05360496 8.201602652 10.56838056 0.0264204 0.014600718 0.208254435 0.863116511 1.584247593 1.695354334 6.22030935 0.015606444 0.013968364 0.050791752 0.022153314 0.106142194 0.004684842 0.003960334 0.144707 0.163969464 175.266 0.031728024 0.103416228 0.00716003 89856 3369.6 18748.8 41876.12903 19872 0.0096971 43.40952
36458 730418 13.92325863 8.184940558 10.58745085 0.026195085 0.014685862 0.227165781 0.870826424 1.583487027 1.670714056 6.231887176 0.015576597 0.013489067 0.053525377 0.023422497 0.104736078 0.004765679 0.004481024 0.153623103 0.166798765 173.4642 0.031548933 0.101714862 0.006936166 96768 2505.6 13737.6 41876.12903 19872 0.01107 18.30276
36459 730419 13.79183786 8.167839506 10.60702353 0.02595908 0.014771007 0.246879576 0.878579253 1.582763914 1.64684164 6.243528145 0.015544765 0.012993108 0.056331019 0.024725116 0.103348736 0.004848646 0.005015432 0.162884262 0.169702604 171.675 0.031373181 0.100045218 0.006716476 96768 4233.6 16243.2 41876.12903 19872 0.012505 79.56144
36460 730420 13.65927745 8.150409236 10.62697302 0.025713213 0.014856873 0.267313248 0.886411908 1.582072853 1.623705337 6.255178509 0.01551098 0.012483087 0.059190672 0.026052812 0.10198062 0.00493321 0.005560128 0.172446956 0.172662346 169.8984 0.031202104 0.098419985 0.00650263 96768 3888 13737.6 41876.12903 19872 0.013997 60.12998809
36461 730421 13.52551219 8.132759488 10.64717371 0.025458313 0.014944179 0.288384224 0.894361297 1.581408443 1.601273394 6.266784515 0.015475274 0.011961602 0.062086334 0.027397227 0.10063218 0.005018839 0.006111683 0.182267663 0.175659356 168.1344 0.031037037 0.096851852 0.006296296 83635.2 3024 11318.4 41876.12903 19872 0.015541 43.98568851
36462 730422 13.39047689 8.115 10.6675 0.025195207 0.015033645 0.310009934 0.902464327 1.580765286 1.579514062 6.278292416 0.015437677 0.011431256 0.065 0.02875 0.099303867 0.005105 0.006666667 0.192302861 0.178675 166.3956 0.030879317 0.095353508 0.006099146 60652.8 2332.8 11318.4 41876.12903 19872 0.017131 60.06050043
36463 730423 13.25410633 8.097240512 10.68782629 0.024924723 0.015125989 0.332107804 0.910757906 1.58013798 1.558395589 6.28964846 0.015398222 0.010894646 0.067913666 0.030102773 0.097996132 0.005191161 0.007221651 0.202509029 0.181690644 164.6568 0.030730278 0.093937641 0.005912847 60652.8 1814.4 11318.4 41876.12903 19872 0.018762 43.659
36464 730424 13.11633533 8.079590764 10.70802698 0.02464769 0.015221932 0.354595263 0.919278943 1.579521127 1.537886225 6.300798897 0.015356939 0.010354373 0.070809328 0.031447188 0.096709426 0.00527679 0.007773205 0.212842646 0.184687654 162.9432 0.030591257 0.092616941 0.005739071 60652.8 1814.4 11318.4 41876.12903 19872 0.020428 34.37322894
36465 730425 12.97709868 8.062160494 10.72797647 0.024364934 0.015322191 0.37738974 0.928064345 1.578909326 1.51795422 6.311689978 0.015313859 0.009813037 0.073668981 0.032774884 0.095444199 0.005361354 0.008317901 0.22326019 0.187647396 161.2422 0.030463589 0.091404096 0.005579486 50803.2 1814.4 11318.4 51840 0 0.022125 44.88902809
36466 730426 12.83633117 8.045059442 10.74754915 0.024077285 0.015427488 0.400408661 0.937151021 1.578297178 1.498567823 6.322267952 0.015269014 0.009273237 0.076474623 0.034077503 0.094200904 0.005444321 0.008852309 0.233718139 0.190551235 159.5538 0.03034861 0.090311796 0.005435763 50803.2 1296 11318.4 51840 0 0.023846 80.32773447
36467 730427 12.6939676 8.028397348 10.76661944 0.023785569 0.015538541 0.423569456 0.946575878 1.577679282 1.479695282 6.332479069 0.015222436 0.008737575 0.079208248 0.035346686 0.09297999 0.005525158 0.009373 0.244172973 0.193380536 157.878 0.030247656 0.089352728 0.00530957 50803.2 1296 11318.4 51840 0 0.025586 20.17458383
36468 730428 12.54994278 8.012283951 10.78506173 0.023490616 0.015656069 0.446789551 0.956375824 1.577050239 1.461304847 6.34226958 0.015174155 0.008208649 0.081851852 0.036574074 0.091781908 0.005603333 0.009876543 0.254581169 0.196116667 156.2274 0.030162061 0.088539583 0.005202577 55641.6 2332.8 13737.6 51840 0 0.02734 35.10864
36469 730429 12.4041915 7.996828989 10.80275041 0.023193253 0.015780792 0.469986376 0.966587768 1.576404649 1.443364768 6.351585733 0.015124202 0.007689059 0.084387431 0.037751307 0.09060711 0.005678314 0.010359511 0.264899206 0.198740992 154.5894 0.030093163 0.087885049 0.005116454 55641.6 1814.4 11318.4 51840 0 0.029103 11.83896
36470 730430 12.25664856 7.982142204 10.8195599 0.022894307 0.015913429 0.493077358 0.977248617 1.575737111 1.425843294 6.360373779 0.01507261 0.007181405 0.086796982 0.038870027 0.089456046 0.005749568 0.010818473 0.275083563 0.201234877 152.9766 0.030042296 0.087401814 0.00505287 55641.6 1814.4 11318.4 51840 0 0.030868 15.17147234
36471 730431 12.10724875 7.968333333 10.83536458 0.022594608 0.016054699 0.515979925 0.98839528 1.575042227 1.408708674 6.368579968 0.015019409 0.006688287 0.0890625 0.039921875 0.088329168 0.005816563 0.01125 0.285090719 0.203579688 151.3764 0.030010797 0.087102568 0.005013496 55641.6 2332.8 13737.6 51840 0 0.032632 11.69708936
36472 730432 11.95592688 7.955512117 10.85003887 0.022294983 0.016205323 0.538611506 1.000064664 1.574314595 1.391929158 6.37615055 0.014964631 0.006212306 0.091165981 0.040898491 0.087226926 0.005878765 0.011650663 0.294877151 0.20575679 149.7888 0.03 0.087 0.005 60652.8 1296 11318.4 51840 0 0.034387 71.40058435
36473 730433 11.80261774 7.943788294 10.86345715 0.021996259 0.016366018 0.560889528 1.012293677 1.573548817 1.375472994 6.383031775 0.014908306 0.00575606 0.09308942 0.041791517 0.086149771 0.005935644 0.012017032 0.304399339 0.20774755 148.2264 0.030028828 0.087110507 0.005028828 60652.8 1814.4 8899.2 51840 0 0.036129 12.04308
36474 730434 11.64725613 7.933271605 10.87549383 0.021699266 0.016537506 0.58273142 1.025119228 1.572739492 1.359308432 6.389169892 0.014850467 0.00532215 0.094814815 0.042592593 0.085098153 0.005986667 0.012345679 0.31361376 0.209533333 146.6892 0.030113073 0.087433446 0.005113073 60652.8 1814.4 8899.2 51840 0 0.037853 87.94821447
36475 730435 11.48977685 7.924071788 10.88602331 0.02140483 0.016720504 0.604054609 1.038578224 1.571881221 1.343403722 6.394511151 0.014791145 0.004913176 0.09632416 0.04329336 0.084072525 0.0060313 0.012633173 0.322476894 0.211095505 145.1646 0.030249376 0.087955942 0.005249376 60652.8 1814.4 8899.2 51840 0 0.039552 4.67208
36476 730436 11.3301147 7.916298583 10.89491998 0.021113781 0.016915732 0.624776524 1.052707574 1.570968602 1.327727112 6.399001803 0.01473037 0.004531737 0.097599451 0.04388546 0.083073337 0.006069012 0.012876086 0.330945219 0.212415432 143.6652 0.030434379 0.08866512 0.005434379 60652.8 1814.4 11318.4 51840 0 0.041222 23.85936
36477 730437 11.16820448 7.910061728 10.90205826 0.020826945 0.017123909 0.644814593 1.067544185 1.569996238 1.312246853 6.402588098 0.014668174 0.004180433 0.098622685 0.044360532 0.082101039 0.006099271 0.013070988 0.338975214 0.213474479 142.1784 0.030664723 0.089548105 0.005664723 60652.8 1814.4 8899.2 51840 0 0.042857 44.49816
36478 730438 11.00398097 7.905470965 10.90731253 0.020545151 0.017345756 0.664086243 1.083124966 1.568958727 1.296931192 6.405216284 0.014604589 0.003861865 0.099375857 0.044710219 0.081156083 0.006121543 0.013214449 0.346523356 0.214254012 140.7294 0.03093705 0.090592023 0.00593705 60652.8 1814.4 8899.2 51840 0 0.044452 58.31028
36479 730439 10.83737899 7.902636031 10.9105572 0.020269226 0.017581991 0.682508902 1.099486823 1.56785067 1.281748381 6.406832613 0.014539646 0.003578632 0.099840964 0.044926162 0.08023892 0.006135297 0.013303041 0.353546126 0.214735397 139.2804 0.031248 0.091784 0.006248 71625.6 1814.4 8899.2 51840 0 0.046002 81.9882
36480 730440 10.66833333 7.901666667 10.91166667 0.02 0.017833333 0.7 1.116666667 1.566666667 1.266666667 6.407383333 0.014473375 0.003333333 0.1 0.045 0.07935 0.00614 0.013333333 0.36 0.2149 137.8692 0.031594216 0.09311116 0.006594216 71625.6 1814.4 8899.2 51840 0 0.0475 74.70792
36481 730441 10.48687717 7.902216458 10.90098565 0.019719333 0.018282287 0.717431798 1.138955861 1.565408026 1.251399822 6.389422469 0.014385963 0.003105685 0.099679614 0.04474625 0.07846058 0.006109417 0.013333333 0.365938051 0.213829598 136.4832 0.031972338 0.09456063 0.006972338 71625.6 1814.4 11318.4 51840 0 0.048947 46.67544
36482 730442 10.28503281 7.90379 10.87036406 0.019411168 0.0190838 0.73563675 1.169913845 1.564082333 1.235765701 6.337864109 0.014260427 0.002874748 0.098761346 0.04402 0.07754667 0.006021887 0.013333333 0.371478496 0.210766033 135.1098 0.032379009 0.096119534 0.007379009 71625.6 1814.4 11318.4 51840 0 0.050353 39.89412
36483 730443 10.06571871 7.906273542 10.82193404 0.019079457 0.020197261 0.754472575 1.208479635 1.562693606 1.219888677 6.256194608 0.014101047 0.00264214 0.097309527 0.04287375 0.076615851 0.005883736 0.013333333 0.376675532 0.205930769 133.7742 0.032810869 0.097774997 0.007810869 71625.6 1814.4 11318.4 51840 0 0.051727 29.0304
36484 730444 9.831853322 7.909553333 10.75782776 0.018728152 0.021582055 0.77379699 1.253592248 1.561245861 1.203893124 6.147900315 0.013912104 0.002409478 0.09538849 0.04136 0.075675701 0.005701293 0.013333333 0.381583355 0.199545267 132.4512 0.03326456 0.099514146 0.00826456 71625.6 1814.4 8899.2 51840 0 0.05308 62.61948
36485 730445 9.586355126 7.913515625 10.68017739 0.018361203 0.02319757 0.793467713 1.304190702 1.559743116 1.187903416 6.016467584 0.013697878 0.002178382 0.093062567 0.03953125 0.074733803 0.005480885 0.013333333 0.386256162 0.19183099 131.1534 0.033736723 0.101324105 0.008736723 71625.6 1814.4 8899.2 51840 0 0.054422 39.14568
36486 730446 9.33214258 7.918046667 10.59111507 0.017982562 0.025003193 0.81334246 1.359214014 1.558189386 1.172043926 5.865382766 0.013462648 0.001950469 0.09039609 0.03744 0.073797735 0.00522884 0.013333333 0.390748149 0.1830094 129.8934 0.034224 0.103192 0.009224 71625.6 1814.4 8899.2 51840 0 0.055763 72.32652
36487 730447 9.072134148 7.923032708 10.49277299 0.017596181 0.026958311 0.83327895 1.417601201 1.55658869 1.156439029 5.698132214 0.013210696 0.001727356 0.087453391 0.03513875 0.072875079 0.004951485 0.013333333 0.395113513 0.17330196 128.646 0.034723032 0.105104956 0.009723032 60652.8 1814.4 8899.2 51840 0 0.057112 19.09656
36488 730448 8.809248295 7.92836 10.38728329 0.01720601 0.029022312 0.8531349 1.478291279 1.554945043 1.141213098 5.518202279 0.012946301 0.001510663 0.084298803 0.03268 0.071973414 0.004655147 0.013333333 0.399406451 0.162930133 127.4364 0.035230461 0.107050099 0.010230461 50803.2 1814.4 8899.2 51840 0 0.058481 7.16688
36489 730449 8.546403483 7.933914792 10.27677813 0.016816001 0.031154581 0.872768027 1.540223267 1.553262463 1.126490506 5.329079313 0.012673743 0.001302007 0.080996658 0.03011625 0.071100321 0.004346154 0.013333333 0.403681159 0.152115381 126.2394 0.035742927 0.109014554 0.010742927 41990.4 1814.4 8899.2 51840 0 0.059878 14.65128
36490 730450 8.286518177 7.939583333 10.16338969 0.016430105 0.033314507 0.892036049 1.60233618 1.551544968 1.112395629 5.134249669 0.012397302 0.001103006 0.077611289 0.0275 0.07026338 0.004030833 0.013333333 0.407991833 0.141079167 125.0802 0.036257073 0.110985446 0.011257073 41990.4 1814.4 8899.2 51840 0 0.061313 92.67048
36491 730451 8.032510841 7.945251875 10.04925013 0.016052274 0.035461475 0.910796683 1.663569036 1.549796572 1.099052838 4.937199698 0.012121259 0.000915279 0.074207027 0.02488375 0.069470172 0.003715513 0.013333333 0.412392671 0.130042952 123.9462 0.036769539 0.112949901 0.011769539 41990.4 1814.4 8899.2 51840 0 0.062798 94.62096
36492 730452 7.787299939 7.950806667 9.936491595 0.015686459 0.037554874 0.928907647 1.722860853 1.548021294 1.086586509 4.741415752 0.011849894 0.000740442 0.070848205 0.02232 0.068728276 0.00340652 0.013333333 0.416937869 0.1192282 122.84118 0.037276968 0.114895044 0.012276968 41990.4 1814.4 8899.2 51840 0 0.064341 78.1326
36493 730453 7.553803934 7.956133958 9.827246259 0.015336611 0.039554091 0.946226659 1.779150647 1.546223151 1.075121015 4.550384183 0.011587486 0.000580115 0.067599155 0.01986125 0.068045273 0.003110182 0.013333333 0.421681623 0.108856373 121.76388 0.037776 0.116808 0.012776 41990.4 1814.4 8899.2 51840 0 0.065953 6.30504
36494 730454 7.334941291 7.96112 9.723646281 0.015006681 0.041418511 0.962611435 1.831377435 1.544406159 1.06478073 4.367591344 0.011338317 0.000435915 0.064524209 0.01756 0.067428744 0.002832827 0.013333333 0.426678131 0.099148933 120.71682 0.038263277 0.118675895 0.013263277 41990.4 1814.4 8899.2 51840 0 0.067643 17.78112
36495 730455 7.133630473 7.965651042 9.627823823 0.014700622 0.043107523 0.977919694 1.878480234 1.542574336 1.055690027 4.196523586 0.011106665 0.000309461 0.0616877 0.01546875 0.066886268 0.002580781 0.013333333 0.431981588 0.090327344 119.7 0.03873544 0.120485854 0.01373544 50803.2 1814.4 11318.4 51840 7862.4 0.069423 27.07992
36496 730456 6.952789944 7.969613333 9.541911048 0.014422383 0.044580514 0.992009152 1.919398062 1.540731697 1.047973281 4.040667261 0.010896812 0.00020237 0.05915396 0.01364 0.066425425 0.002360373 0.013333333 0.437646192 0.082613067 118.70586 0.039189131 0.122225003 0.014189131 50803.2 1814.4 11318.4 51840 7862.4 0.071301 27.80568
36497 730457 6.795338169 7.972893125 9.468040116 0.014175917 0.04579687 1.004737528 1.953069936 1.538882261 1.041754865 3.903508721 0.010713038 0.00011626 0.056987321 0.01212625 0.066053797 0.00217793 0.013333333 0.443726138 0.076227565 117.72558 0.039620991 0.123880466 0.014620991 50803.2 1814.4 11318.4 51840 7862.4 0.073287 27.17064
36498 730458 6.66419361 7.975376667 9.408343189 0.013965175 0.046715978 1.015962538 1.978434872 1.537030043 1.037159152 3.788534319 0.010559622 5.27E-05 0.055252115 0.01098 0.065778963 0.00203978 0.013333333 0.450275624 0.0713923 116.75916 0.040027662 0.12543937 0.015027662 50803.2 1814.4 11318.4 51840 7862.4 0.075393 15.51312
36499 730459 6.562274733 7.976950208 9.36495243 0.013794107 0.047297226 1.025541901 1.994431887 1.535179062 1.034310517 3.699230405 0.010440845 1.35E-05 0.054012675 0.01025375 6.56E-02 0.00195225 0.013333333 0.457348845 0.068328735 115.8066 0.040405784 0.12688884 0.015405784 50803.2 1814.4 11318.4 51840 7862.4 0.077627 5.91948
36500 730460 6.4925 7.9775 9.34 0.013666667 0.0475 1.033333333 2 1.533333333 1.033333333 3.639083333 0.010360986 0 0.053333333 0.01 6.56E-02 0.001921667 0.013333333 0.465 0.067258333 114.8679 0.040752 0.128216 0.015752 50803.2 1814.4 11318.4 51840 7862.4 0.08 20.59344
36501 730461 6.440121036 7.977440962 9.325087038 0.013562958 0.047496576 1.040151126 1.999994773 1.531459902 1.03338702 3.594937572 0.010302384 4.30E-05 0.052958349 0.01000035 0.065555583 0.001921712 0.013376488 0.474057301 0.067259928 113.94306 0.04106295 0.129407977 0.01606295 50803.2 1814.4 11318.4 51840 7862.4 0.082518 41.20265739
36502 730462 6.388442016 7.977265592 9.310392441 0.013460452 0.047486361 1.046904266 1.999978967 1.529524367 1.033548377 3.551312863 0.01024452 0.000170868 0.05258907 0.010001413 6.56E-02 0.001921848 0.013504678 0.485279093 0.067264664 113.02956 0.041335277 0.130451895 0.016335277 60652.8 1814.4 11318.4 51840 7862.4 0.085181 39.3498
36503 730463 6.337460232 7.976976503 9.295915014 0.013359147 0.047469442 1.053592514 1.999952393 1.52752858 1.03381785 3.508208461 0.010187392 0.000381595 0.052225462 0.010003204 0.065599506 0.001922071 0.013715991 0.498614772 0.06727247 112.1274 0.041565621 0.13133488 0.016565621 60652.8 1814.4 11318.4 51840 7862.4 0.087991 8.52768
36504 730464 6.287172978 7.976576309 9.281653558 0.013259042 0.047445909 1.060215632 1.999914864 1.525474391 1.034195886 3.465623625 0.010130999 0.00067331 0.051867489 0.010005741 0.065637352 0.001922379 0.014008519 0.514013731 0.067283278 111.23784 0.041750624 0.132044058 0.016750624 60652.8 1814.4 11318.4 51840 7862.4 0.09095 17.59968
36505 730465 6.237577544 7.976067626 9.267606877 0.013160136 0.047415846 1.066773381 1.999866191 1.523363649 1.034682931 3.42355761 0.010075338 0.001044106 0.051515118 0.01000904 0.065685458 0.001922772 0.014380348 0.531425366 0.067297015 110.35962 0.041886927 0.132566554 0.016886927 71625.6 1814.4 13737.6 51840 7862.4 0.094059 56.17836
36506 730466 6.188671223 7.975453066 9.253773772 0.013062428 0.047379343 1.073265522 1.999806186 1.521198207 1.035279431 3.382009674 0.010020407 0.00149208 0.051168312 0.010013119 0.065743576 0.001923246 0.014829569 0.550799071 0.067313611 109.49274 0.041971172 0.132889493 0.016971172 77500.8 1814.4 13737.6 51840 7862.4 0.097318 71.53272
36507 730467 6.140451308 7.974735245 9.240153046 0.012965916 0.047336487 1.079691816 1.99973466 1.518979913 1.035985833 3.340979074 0.009966205 0.002015324 0.050827038 0.010017995 0.065811459 0.0019238 0.015354271 0.57208424 0.067332996 108.63594 0.042 0.133 0.017 77500.8 2332.8 13737.6 51840 7862.4 0.10073 94.2354
36508 730468 6.09291509 7.973916776 9.226743502 0.012870598 0.047287364 1.086052025 1.999651425 1.516710618 1.036802582 3.300465067 0.009912728 0.002611933 0.050491259 0.010023684 0.06588886 0.001924431 0.015952542 0.595230267 0.067355099 107.78796 0.041961563 0.132903601 0.016971172 77500.8 1814.4 13737.6 51840 7862.4 0.1043 25.65108
36509 730469 6.046059863 7.973000275 9.213543943 0.012776475 0.047232062 1.092345911 1.999556293 1.514392173 1.037730124 3.260466909 0.009859976 0.003280003 0.050160942 0.010030203 0.065975532 0.001925139 0.016622473 0.620186548 0.067379849 106.95006 0.041849236 0.132621617 0.016886927 77500.8 1814.4 13737.6 51840 7862.4 0.10802 9.1854
36510 730470 5.999882917 7.971988354 9.200553171 0.012683544 0.04717067 1.098573234 1.999449077 1.512026428 1.038768907 3.220983858 0.009807946 0.004017626 0.049836051 0.010037569 0.066071228 0.001925919 0.017362151 0.646902477 0.067407176 106.12224 0.041667499 0.132164863 0.016750624 77500.8 1814.4 13737.6 51840 7862.4 0.1119 6.14628
36511 730471 5.954381546 7.970883628 9.187769989 0.012591804 0.047103273 1.104733755 1.999329587 1.509615234 1.039919375 3.18201517 0.009756636 0.004822898 0.049516552 0.0100458 0.066175701 0.001926772 0.018169666 0.675327448 0.067437009 105.30198 0.041420828 0.131544158 0.016565621 71625.6 1814.4 13737.6 51840 7862.4 0.11594 50.98464
36512 730472 5.909553042 7.969688712 9.175193199 0.012501254 0.04702996 1.110827237 1.999197635 1.50716044 1.041181975 3.143560103 0.009706044 0.005693913 0.049202409 0.010054911 0.066288702 0.001927694 0.019043107 0.705410856 0.067469278 104.49054 0.041113703 0.130770317 0.016335277 71625.6 1814.4 13737.6 51840 7862.4 0.12014 21.04704
36513 730473 5.865394696 7.96840622 9.162821605 0.012411892 0.046950818 1.11685344 1.999053033 1.504663898 1.042557154 3.105617913 0.009656168 0.006628766 0.048893587 0.01006492 0.066409985 0.001928683 0.019980564 0.737102095 0.067503912 103.68666 0.040750601 0.129854159 0.01606295 77500.8 1814.4 13737.6 51840 7862.4 0.1245 73.98216
36514 730474 5.821903802 7.967038765 9.150654008 0.012323718 0.046865934 1.122812126 1.998895593 1.502127457 1.044045358 3.068187857 0.009607006 0.00762555 0.048590053 0.010075844 0.066539304 0.001929738 0.020980124 0.77035056 0.06754084 102.89034 0.040336 0.128806501 0.015752 83635.2 1814.4 13737.6 51840 7862.4 0.12903 72.03168
36515 730475 5.779077651 7.965588962 9.138689211 0.012236731 0.046775396 1.128703055 1.998725126 1.499552969 1.045647032 3.031269192 0.009558556 0.00868236 0.04829177 0.010087699 0.066676409 0.001930857 0.022039879 0.805105645 0.067579992 102.10158 0.039874379 0.127638158 0.015405784 71625.6 1814.4 13737.6 51840 7862.4 0.13372 87.49944
36516 730476 5.736913535 7.964059426 9.126926018 0.012150928 0.046679291 1.13452599 1.998541445 1.496942282 1.047362623 2.994861175 0.009510816 0.009797291 0.047998704 0.010100503 0.066821055 0.001932037 0.023157915 0.841316746 0.067621297 101.31912 0.039370216 0.126359949 0.015027662 55641.6 1814.4 13737.6 51840 7862.4 0.13857 75.90996
36517 730477 5.695408748 7.96245277 9.11536323 0.012066308 0.046577707 1.140280691 1.998344361 1.494297249 1.049192577 2.958963063 0.009463784 0.010968437 0.04771082 0.010114272 0.066972994 0.001933277 0.024332323 0.878933255 0.067664685 100.5417 0.038827988 0.124982691 0.014620991 55641.6 1814.4 13737.6 51840 7862.4 0.1436 93.73644
36518 730478 5.65456058 7.960771609 9.10399965 0.011982871 0.04647073 1.145966921 1.998133686 1.491619718 1.051137341 2.923574113 0.009417458 0.012193893 0.047428083 0.010129024 0.067131979 0.001934574 0.025561192 0.917904569 0.067710085 99.77184 0.038252175 0.1235172 0.014189131 55641.6 1814.4 13737.6 51840 7862.4 0.14879 58.2876
36519 730479 5.614366324 7.959018557 9.092834081 0.011900615 0.046358449 1.151584439 1.997909232 1.488911541 1.05319736 2.888693581 0.009371836 0.013471752 0.047150458 0.010144774 0.067297763 0.001935926 0.026842611 0.958180081 0.067757426 99.00576 0.037647254 0.121974293 0.01373544 55641.6 1814.4 13737.6 51840 7862.4 0.15415 96.54876
36520 730480 5.574823273 7.957196229 9.081865325 0.011819539 0.046240951 1.157133008 1.997670809 1.486174568 1.055373081 2.854320725 0.009326915 0.01480011 0.04687791 0.010161541 0.067470098 0.001937333 0.028174669 0.999709186 0.067806638 98.24472 0.037017703 0.120364788 0.013263277 60652.8 1814.4 13737.6 51840 7862.4 0.15969 69.21936
36521 730481 5.535928719 7.955307237 9.071092185 0.011739642 0.046118323 1.162612388 1.997418231 1.48341065 1.057664949 2.820454802 0.009282695 0.01617706 0.046610405 0.010179341 0.067648737 0.00193879 0.029555454 1.042441278 0.067857651 97.48872 0.036368 0.118699502 0.012776 77500.8 1814.4 13737.6 51840 7862.4 0.1654 74.5038
36522 730482 5.497679954 7.953354197 9.060513464 0.011660921 0.045990653 1.168022341 1.997151309 1.480621636 1.060073411 2.787095068 0.009239172 0.017600697 0.046347907 0.010198191 0.067833433 0.001940297 0.030983057 1.086325752 0.067910393 96.7365 0.035702624 0.116989252 0.012276968 71625.6 1814.4 13737.6 51840 7862.4 0.17128 71.26056
36523 730483 5.46007427 7.951339723 9.050127965 0.011583377 0.045858028 1.173362629 1.996869854 1.477809377 1.062598914 2.754240781 0.009196345 0.019069115 0.046090382 0.010218107 0.068023939 0.001941851 0.032455566 1.131312003 0.067964794 95.98806 0.035026052 0.115244854 0.011769539 60652.8 1814.4 13737.6 51840 7862.4 0.17734 50.07744
36524 730484 5.42310896 7.949266429 9.039934489 0.011507007 0.045720535 1.178633013 1.996573679 1.474975723 1.065241903 2.721891197 0.009154211 0.02058041 0.045837794 0.010239108 0.068220007 0.001943451 0.03397107 1.177349425 0.068020783 95.24214 0.034342764 0.113477126 0.011257073 60652.8 1814.4 13737.6 51840 7862.4 0.18358 14.65128
36525 730485 5.386781315 7.94713693 9.02993184 0.011431811 0.045578262 1.183833253 1.996262595 1.472122526 1.068002824 2.690045573 0.00911277 0.022132675 0.045590109 0.010261208 0.068421391 0.001945094 0.035527659 1.224387412 0.06807829 94.5 0.033657236 0.111696885 0.010742927 60652.8 1814.4 13737.6 51840 7862.4 0.19 22.7934
36526 730486 5.351088628 7.944953839 9.02011882 0.011357787 0.045431297 1.188963111 1.995936413 1.469251635 1.070882125 2.658703167 0.009072017 0.023724004 0.045347292 0.010284427 0.068627843 0.001946778 0.037123421 1.272375359 0.068137245 94.5 0.032973948 0.109914948 0.010230461 46224 950.4 13737.6 25083.87097 6307.2 0.1966 24.2676
36527 730487 5.316028191 7.94271977 9.010494232 0.011284934 0.045279726 1.194022349 1.995594947 1.4663649 1.07388025 2.627863234 0.009031953 0.025352492 0.045109307 0.010308779 0.068839115 0.001948502 0.038756445 1.32126266 0.068197576 95.27616 0.032297376 0.108142132 0.009723032 46224 950.4 13737.6 25083.87097 6307.2 0.20339 75.61512
36528 730488 5.281597297 7.940437339 9.001056878 0.011213251 0.045123637 1.199010728 1.995238006 1.463464172 1.076997646 2.597525033 0.008992574 0.027016234 0.044876121 0.010334283 0.069054961 0.001950263 0.040424822 1.370998711 0.068259213 96.0561 0.031632 0.106389253 0.009224 46224 950.4 11318.4 25083.87097 6307.2 0.21035 38.85084
36529 730489 5.247793237 7.938109158 8.991805561 0.011142736 0.044963118 1.203928009 1.994865404 1.460551302 1.08023476 2.567687819 0.008953879 0.028713324 0.044647698 0.010360955 0.069275134 0.00195206 0.042126639 1.421532905 0.068322086 96.8373 0.030982297 0.10466713 0.008736723 46224 950.4 11318.4 25083.87097 6307.2 0.21751 32.886
36530 730490 5.214613304 7.935737844 8.982739084 0.011073388 0.044798255 1.208773953 1.994476952 1.457628139 1.083592037 2.53835085 0.008915865 0.030441856 0.044424002 0.010388812 0.069499386 0.001953889 0.043859986 1.472814636 0.068386124 97.62354 0.030352746 0.102986579 0.00826456 41990.4 950.4 11318.4 25083.87097 6307.2 0.22485 25.33356
36531 730491 5.182054791 7.933326008 8.973856249 0.011005206 0.044629137 1.213548322 1.994072461 1.454696535 1.087069923 2.509513383 0.008878531 0.032199925 0.044205001 0.010417871 0.069727469 0.00195575 0.045622952 1.524793301 0.068451255 98.4123 0.029747825 0.101358417 0.007810869 41990.4 691.2 11318.4 25083.87097 6307.2 0.23238 27.94176
36532 730492 5.150114988 7.930876267 8.965155859 0.010938189 0.044455851 1.218250878 1.993651743 1.451758339 1.090668866 2.481174674 0.008841874 0.033985625 0.043990657 0.010448149 0.069959138 0.00195764 0.047413626 1.577418292 0.068517411 99.20484 0.029172012 0.099793462 0.007379009 41990.4 691.2 11318.4 25083.87097 6307.2 0.24009 58.0608
36533 730493 5.11879119 7.928391233 8.956636716 0.010872335 0.044278483 1.22288138 1.993214611 1.448815403 1.09438931 2.453333981 0.008805893 0.03579705 0.043780937 0.010479663 0.070194144 0.001959558 0.049230097 1.630639005 0.068584519 100.00242 0.028629784 0.09830253 0.006972338 41990.4 691.2 11318.4 25083.87097 6307.2 0.24801 98.45388
36534 730494 5.088080687 7.925873522 8.948297624 0.010807643 0.044097123 1.227439591 1.992760876 1.445869575 1.098231703 2.425990561 0.008770585 0.037632296 0.043575805 0.010512429 0.07043224 0.0019615 0.051070454 1.684404834 0.06865251 100.8063 0.028125621 0.096896438 0.006594216 41990.4 691.2 11318.4 25083.87097 6307.2 0.25611 107.59392
36535 730495 5.057980772 7.923325747 8.940137384 0.010744112 0.043911856 1.231925272 1.992290349 1.442922707 1.10219649 2.399143669 0.008735948 0.039489455 0.043375227 0.010546465 0.070673179 0.001963466 0.052932787 1.738665174 0.068721313 101.61396 0.027664 0.095586003 0.006248 41990.4 691.2 11318.4 25083.87097 6307.2 0.26441 73.57392
36536 730496 5.028488737 7.920750523 8.9321548 0.010681741 0.043722771 1.236338184 1.991802843 1.43997665 1.106284117 2.372792564 0.008701981 0.041366624 0.043179168 0.010581787 0.070916714 0.001965453 0.054815184 1.793369419 0.068790857 102.42918 0.027249399 0.094382043 0.00593705 34041.6 691.2 11318.4 25083.87097 6307.2 0.2729 101.62908
36537 730497 4.999601875 7.918150464 8.924348674 0.010620527 0.043529954 1.240678088 1.991298169 1.437033253 1.110495031 2.346936503 0.008668681 0.043261895 0.042987593 0.010618413 0.071162598 0.001967459 0.056715735 1.848466963 0.068861072 103.2507 0.026886297 0.093295374 0.005664723 29376 950.4 11318.4 25083.87097 6307.2 0.28159 28.98504
36538 730498 4.971317478 7.915528184 8.916717808 0.010560471 0.043333494 1.244944747 1.990776139 1.434094366 1.114829679 2.321574741 0.008636046 0.045173364 0.042800466 0.010656358 0.071410583 0.001969482 0.058632529 1.903907201 0.068931887 104.07852 0.026579172 0.092336814 0.005434379 29376 950.4 11318.4 25083.87097 6307.2 0.29048 57.87936
36539 730499 4.943632838 7.912886297 8.909261006 0.010501571 0.043133477 1.24913792 1.990236564 1.431161841 1.119288505 2.296706537 0.008604075 0.047099125 0.042617754 0.010695641 0.071660423 0.001971521 0.060563654 1.959639528 0.069003231 104.91516 0.026332501 0.09151718 0.005249376 29376 950.4 11318.4 25083.87097 6307.2 0.29957 109.34028
36540 730500 4.916545247 7.910227418 8.901977069 0.010443825 0.042929991 1.25325737 1.989679257 1.428237528 1.123871956 2.272331146 0.008572765 0.049037273 0.04243942 0.010736278 0.071911869 0.001973572 0.0625072 2.015613338 0.069075035 105.75936 0.026150764 0.090847288 0.005113073 29376 950.4 11318.4 25083.87097 6307.2 0.30887 140.049
36541 730501 4.890051997 7.907554161 8.894864801 0.010387232 0.042723124 1.257302858 1.989104029 1.425323277 1.128580479 2.248447826 0.008542114 0.050985901 0.042265431 0.010778286 0.072164675 0.001975635 0.064461256 2.071778025 0.069147226 106.61112 0.026038437 0.090337955 0.005028828 29376 950.4 11318.4 25083.87097 6307.2 0.31836 122.22252
36542 730502 4.864150382 7.90486914 8.887923004 0.010331792 0.042512962 1.261274144 1.988510692 1.422420938 1.13341452 2.225055834 0.008512121 0.052943104 0.042095751 0.010821682 0.072418594 0.001977707 0.066423911 2.128082985 0.069219735 107.47296 0.026 0.09 0.005 29376 950.4 11318.4 25083.87097 6307.2 0.32806 121.6782
36543 730503 4.838837692 7.902174969 8.881150481 0.010277502 0.042299594 1.265170991 1.987899058 1.419532362 1.138374524 2.202154427 0.008482782 0.054906977 0.041930345 0.010866482 0.072673377 0.001979785 0.068393255 2.184477611 0.069292492 108.34362 0.02604856 0.089759546 0.005 34041.6 950.4 11318.4 25083.87097 6307.2 0.33797 101.51568
36544 730504 4.81411122 7.899474262 8.874546034 0.010224361 0.042083106 1.268993159 1.987268938 1.416659399 1.143460939 2.179742861 0.008454097 0.056875614 0.041769179 0.010912704 0.072928779 0.001981869 0.070367375 2.240911299 0.069365424 109.22436 0.026189504 0.08953485 0.005 25574.4 691.2 11318.4 25083.87097 6307.2 0.34809 63.41328
36545 730505 4.789968259 7.896769634 8.868108467 0.010172368 0.041863587 1.272740411 1.986620144 1.413803899 1.148674209 2.157820394 0.008426062 0.058847109 0.041612218 0.010960365 0.073184552 0.001983956 0.072344362 2.297333442 0.069438463 110.11518 0.026415725 0.089324929 0.005 29376 691.2 11318.4 25083.87097 6307.2 0.35841 74.59452
36546 730506 4.7664061 7.894063699 8.86183658 0.010121523 0.041641123 1.276412506 1.985952489 1.410967714 1.154014782 2.136386283 0.008398677 0.060819557 0.041459426 0.01100948 0.073440448 0.001986044 0.074322305 2.353693435 0.069511537 111.01734 0.026720117 0.089128798 0.005 29376 691.2 11318.4 25083.87097 6307.2 0.36895 81.12636
36547 730507 4.743422037 7.891359071 8.855729178 0.010071823 0.041415802 1.280009207 1.985265782 1.408152693 1.159483103 2.115439783 0.008371939 0.062791053 0.041310768 0.011060069 0.073696221 0.001988131 0.076299291 2.409940673 0.069584576 111.93084 0.027095572 0.088945472 0.005 29376 691.2 11318.4 25083.87097 6307.2 0.3797 104.87232
36548 730508 4.72101336 7.888658365 8.849785063 0.010023268 0.041187711 1.283530275 1.984559838 1.405360686 1.16507962 2.094980153 0.008345846 0.06475969 0.041166211 0.011112146 0.073951623 0.001990215 0.078273412 2.46602455 0.069657508 112.85568 0.027534985 0.088773969 0.005 29376 691.2 11318.4 25083.87097 6307.2 0.39066 76.72644
36549 730509 4.699177363 7.885964194 8.844003037 0.009975855 0.040956937 1.286975471 1.983834466 1.402593545 1.170804777 2.075006649 0.008320395 0.066723562 0.041025718 0.011165729 0.074206406 0.001992293 0.080242755 2.521894461 0.069730265 113.79312 0.02803125 0.088613304 0.005 25574.4 691.2 11318.4 25083.87097 6307.2 0.40184 105.43932
36550 730510 4.677911337 7.883279172 8.838381904 0.009929585 0.040723569 1.290344556 1.98308948 1.39985312 1.176659021 2.055518528 0.008295586 0.068680766 0.040889256 0.011220836 0.074460325 0.001994365 0.08220541 2.5774998 0.069802774 114.7419 0.028577259 0.088462492 0.005 25574.4 691.2 8899.2 25083.87097 6307.2 0.41323 116.82468
36551 730511 4.657212576 7.880605915 8.832920465 0.009884455 0.040487694 1.293637292 1.98232469 1.39714126 1.182642798 2.036515048 0.008271416 0.070629394 0.040756788 0.011277482 0.074713131 0.001996428 0.084159467 2.632789961 0.069874965 115.7058 0.029165907 0.08832055 0.005 25574.4 691.2 8899.2 25083.87097 6307.2 0.42485 99.38376
36552 730512 4.63707837 7.877947036 8.827617523 0.009840464 0.040249398 1.29685344 1.981539909 1.394459816 1.188756555 2.017995464 0.008247882 0.072567541 0.040628281 0.011335685 0.074964577 0.001998479 0.086103013 2.68771434 0.069946769 116.6823 0.029790087 0.088186494 0.005 25574.4 691.2 8899.2 25083.87097 6307.2 0.43668 114.534
36553 730513 4.617506013 7.875305149 8.822471881 0.009797611 0.04000877 1.299992761 1.980734948 1.39181064 1.195000738 1.999959034 0.008224984 0.074493302 0.040503699 0.011395462 0.075214417 0.002000518 0.088034138 2.74222233 0.070018113 117.67392 0.030442693 0.088059338 0.005 25574.4 691.2 8899.2 25083.87097 6307.2 0.44873 102.87648
36554 730514 4.598492796 7.872682869 8.817482342 0.009755895 0.039765896 1.303055017 1.979909619 1.38919558 1.201375792 1.982405014 0.008202718 0.076404771 0.040383008 0.011456829 0.075462402 0.002002541 0.089950931 2.796263327 0.070088928 118.6794 0.031116618 0.0879381 0.005 25574.4 691.2 8899.2 25083.87097 6307.2 0.46101 17.16876
36555 730515 4.580036012 7.87008281 8.812647708 0.009715315 0.039520865 1.306039969 1.979063733 1.386616487 1.207882164 1.965332663 0.008181083 0.078300043 0.040266172 0.011519804 0.075708286 0.002004547 0.091851482 2.849786725 0.070159143 119.7 0.031804756 0.087821796 0.005 25574.4 691.2 11318.4 25083.87097 6307.2 0.47351 32.13756
36556 730516 4.562132953 7.867507586 8.807966782 0.009675869 0.039273763 1.308947378 1.978197103 1.384075213 1.214520301 1.948741236 0.008160076 0.080177211 0.040153156 0.011584403 0.075951821 0.002006534 0.09373388 2.902741917 0.070228687 120.74328 0.0325 0.08770944 0.005 25574.4 950.4 11318.4 25083.87097 6307.2 0.48624 127.9152
36557 730517 4.544780911 7.864959811 8.803438367 0.009637556 0.039024678 1.311777005 1.977309541 1.381573607 1.221290647 1.93262999 0.008139697 0.082034371 0.040043926 0.011650643 0.07619276 0.0020085 0.095596212 2.9550783 0.07029749 121.8168 0.033195244 0.087600049 0.005 25574.4 691.2 11318.4 27771.42857 5875.2 0.49919 98.70336
36558 730518 4.527977179 7.8624421 8.799061264 0.009600374 0.038773697 1.314528612 1.976400857 1.379113519 1.228193651 1.916998183 0.008119942 0.083869616 0.039938447 0.011718542 0.076430856 0.002010442 0.09743657 3.006745266 0.070365481 122.9193 0.033883382 0.087492639 0.005 29376 691.2 11318.4 27771.42857 5875.2 0.51238 58.78656
36559 730519 4.511719049 7.859957067 8.794834277 0.009564323 0.038520909 1.31720196 1.975470864 1.3766968 1.235229757 1.901845071 0.00810081 0.085681042 0.039836684 0.011788115 0.076665862 0.00201236 0.099253041 3.057692212 0.070432589 124.05078 0.034557307 0.087386225 0.005 29376 691.2 11318.4 27771.42857 5875.2 0.52579 104.7606646
36560 730520 4.496003812 7.857507325 8.790756209 0.009529402 0.038266399 1.319796811 1.974519374 1.374325301 1.242399412 1.887169912 0.008082298 0.087466742 0.039738602 0.011859381 0.076897531 0.00201425 0.101043715 3.107868531 0.070498745 125.20998 0.035209913 0.087279824 0.005 29376 691.2 11318.4 27771.42857 5875.2 0.53943 115.23708
36561 730521 4.480828762 7.85509549 8.786825861 0.009495608 0.038010256 1.322312925 1.973546197 1.372000871 1.249703062 1.872971961 0.008064406 0.08922481 0.039644165 0.011932355 0.077125614 0.002016111 0.102806681 3.157223617 0.070563876 126.3906 0.035834093 0.087172452 0.005 29376 691.2 11318.4 27771.42857 5875.2 0.55331 96.95844766
36562 730522 4.46619119 7.852724175 8.783042037 0.009462941 0.037752567 1.324750064 1.972551147 1.369725362 1.257141153 1.859250477 0.008047129 0.090953343 0.03955334 0.012007055 0.077349866 0.00201794 0.104540028 3.205706866 0.070627914 127.6128 0.036422741 0.087063124 0.005 29376 691.2 11318.4 27771.42857 5875.2 0.56743 13.82804426
36563 730523 4.452088389 7.850395995 8.779403539 0.009431399 0.03749342 1.32710799 1.971534035 1.367500623 1.264714132 1.846004715 0.008030468 0.092650432 0.039466091 0.012083498 0.077570039 0.002019737 0.106241845 3.253267672 0.070690787 128.8476 0.03696875 0.086950856 0.005 29376 691.2 11318.4 27771.42857 5875.2 0.58178 104.91768
36564 730524 4.438517651 7.848113563 8.77590917 0.009400981 0.037232901 1.329386463 1.970494672 1.365328505 1.272422444 1.833233934 0.008014418 0.094314174 0.039382383 0.0121617 0.077785885 0.002021498 0.107910221 3.299855428 0.070752424 130.1202 0.037465015 0.086834664 0.005 29376 691.2 8899.2 27771.42857 5875.2 0.59636 85.32216
36565 730525 4.425476268 7.845879495 8.772557732 0.009371686 0.036971099 1.331585245 1.96943287 1.363210858 1.280266536 1.820937389 0.00799898 0.095942663 0.039302182 0.012241679 0.077997157 0.002023222 0.109543246 3.345419531 0.070812755 131.418 0.037904428 0.086713564 0.005 34041.6 691.2 8899.2 27771.42857 5875.2 0.61119 83.349
36566 730526 4.412961532 7.843696404 8.769348028 0.009343513 0.0367081 1.333704097 1.968348441 1.361149533 1.288246854 1.809114338 0.007984149 0.097533992 0.039225452 0.012323451 0.078203609 0.002024906 0.111139008 3.389909374 0.07087171 132.7284 0.038279883 0.086586572 0.005 29376 691.2 8899.2 27771.42857 5875.2 0.62626 98.79408
36567 730527 4.400970736 7.841566904 8.766278861 0.00931646 0.036443993 1.33574278 1.967241197 1.35914638 1.296363845 1.797764038 0.007969925 0.099086257 0.039152159 0.012407033 0.078404993 0.002026549 0.112695596 3.433274352 0.070929217 134.0766 0.038584275 0.086452704 0.005 34041.6 691.2 8899.2 27771.42857 5875.2 0.64157 145.33344
36568 730528 4.389501172 7.83949361 8.763349034 0.009290526 0.036178864 1.337701056 1.96611095 1.357203249 1.304617953 1.786885745 0.007956306 0.100597551 0.039082267 0.012492442 0.078601061 0.002028149 0.114211101 3.47546386 0.070985206 135.4374 0.038810496 0.086310975 0.005 34041.6 691.2 8899.2 27771.42857 5875.2 0.65712 151.2756
36569 730529 4.378550131 7.837479136 8.760557348 0.00926571 0.035912801 1.339578687 1.964957511 1.355321992 1.313009627 1.776478717 0.007943289 0.10206597 0.039015742 0.012579695 0.078791567 0.002029703 0.11568361 3.516427291 0.071039607 136.836 0.03895144 0.086160402 0.005 34041.6 950.4 8899.2 27771.42857 5875.2 0.67292 156.17448
36570 730530 4.368114908 7.835526096 8.757902606 0.009242011 0.035645891 1.341375432 1.963780692 1.353504457 1.32153931 1.76654221 0.007930872 0.103489607 0.038952549 0.01266881 0.078976263 0.00203121 0.117111212 3.55611404 0.071092349 138.2472 0.039 0.086 0.005 34041.6 1382.4 8899.2 27771.42857 5875.2 0.68896 139.23252
36571 730531 4.358192793 7.833637105 8.755383612 0.009219427 0.035378221 1.343091055 1.962580304 1.351752496 1.330207451 1.757075481 0.007919054 0.104866557 0.038892653 0.012759802 0.079154902 0.002032667 0.118491998 3.594473503 0.071143362 139.6836 0.038985586 0.085833468 0.005 34041.6 1382.4 8899.2 27771.42857 5875.2 0.70525 117.5958
36572 730532 4.348781078 7.831814776 8.752999168 0.009197956 0.03510988 1.344725315 1.961356161 1.35006796 1.339014495 1.748077788 0.007907832 0.106194915 0.038836019 0.012852688 0.079327237 0.002034074 0.119824056 3.631455072 0.071192574 141.1452 0.038943464 0.085665149 0.005 34041.6 1382.4 8899.2 27771.42857 5875.2 0.7218 51.52896
36573 730533 4.339877057 7.830061724 8.750748076 0.009177599 0.034840955 1.346277975 1.960108072 1.348452697 1.347960888 1.739548387 0.007897204 0.107472774 0.038782613 0.012947487 0.079493021 0.002035426 0.121105474 3.667008144 0.071239915 142.632 0.038875312 0.085495026 0.005 34041.6 1382.4 8899.2 27771.42857 5875.2 0.73859 148.03236
36574 730534 4.331478021 7.828380563 8.748629139 0.009158353 0.034571532 1.347748795 1.958835851 1.346908559 1.357047077 1.731486534 0.007887169 0.108698229 0.038732398 0.013044213 0.079652006 0.002036723 0.122334343 3.701082112 0.071285315 144.1314 0.03878281 0.085323083 0.005 34041.6 950.4 8899.2 27771.42857 5875.2 0.75563 149.59728
36575 730535 4.323581262 7.826773907 8.746641159 0.009140217 0.0343017 1.349137537 1.957539308 1.345437397 1.366273507 1.723891488 0.007877723 0.109869375 0.038685341 0.013142886 0.079803945 0.002037963 0.123508751 3.733626371 0.071328703 145.656 0.038667638 0.085149303 0.005 29376 950.4 8899.2 27771.42857 5875.2 0.77293 66.49776
36576 730536 4.316184073 7.825244371 8.74478294 0.00912319 0.034031546 1.350443962 1.956218256 1.34404106 1.375640625 1.716762505 0.007868866 0.110984306 0.038641406 0.01324352 0.079948591 0.002039143 0.124626788 3.764590316 0.071370008 147.2058 0.038531475 0.08497367 0.005 29376 950.4 8899.2 27771.42857 5875.2 0.79049 20.59344
36577 730537 4.309283747 7.823794568 8.743053284 0.009107271 0.033761157 1.351667831 1.954872506 1.342721399 1.385148877 1.710098841 0.007860595 0.112041117 0.038600558 0.013346134 0.080085696 0.002040262 0.125686542 3.79392334 0.07140916 148.7682 0.038376 0.084796168 0.005 25574.4 950.4 8899.2 27771.42857 5875.2 0.8083 144.94788
36578 730538 4.302877574 7.822427114 8.741450993 0.009092458 0.03349062 1.352808907 1.95350187 1.341480264 1.394798709 1.703899754 0.007852908 0.113037901 0.038562763 0.013450743 0.080215015 0.002041317 0.126686103 3.821574839 0.071446088 150.3558 0.038202892 0.08461678 0.005 25574.4 950.4 8899.2 27771.42857 5875.2 0.82637 157.35384
36579 730539 4.296962848 7.821144621 8.73997487 0.009078751 0.033220023 1.353866949 1.952106161 1.340319506 1.404590567 1.698164501 0.007845803 0.113972753 0.038527986 0.013557366 0.080336298 0.002042306 0.127623559 3.847494207 0.071480722 151.956 0.038013831 0.084435489 0.005 25574.4 950.4 8899.2 27771.42857 5875.2 0.8447 20.43468
36580 730540 4.291536861 7.819949705 8.738623719 0.009066147 0.032949454 1.35484172 1.950685188 1.339240975 1.414524898 1.692892338 0.007839278 0.114843768 0.038496192 0.013666019 0.080449299 0.002043228 0.128497001 3.871630838 0.071512991 153.5814 0.037810496 0.084252278 0.005 25574.4 950.4 8899.2 27771.42857 5875.2 0.8633 191.9862
36581 730541 4.286596904 7.818844979 8.73739634 0.009054646 0.032678999 1.35573298 1.949238765 1.338246522 1.424602148 1.688082523 0.007833331 0.11564904 0.038467345 0.013776718 0.080553772 0.002044081 0.129304516 3.893934127 0.071542824 155.2194 0.037594566 0.084067132 0.005 25574.4 950.4 8899.2 27771.42857 5875.2 0.88215 189.42336
36582 730542 4.282140271 7.817833059 8.736291537 0.009044246 0.032408747 1.356540491 1.947766703 1.337337996 1.434822762 1.683734312 0.007827961 0.116386664 0.038441412 0.013889481 0.080649468 0.002044861 0.130044194 3.914353469 0.071570151 156.8826 0.03736772 0.083880034 0.005 29376 950.4 8899.2 27771.42857 5875.2 0.90127 189.8316
36583 730543 4.278164253 7.816916557 8.735308114 0.009034946 0.032138785 1.357264015 1.946268814 1.336517249 1.445187188 1.679846962 0.007823164 0.117054733 0.038418356 0.014004324 0.08073614 0.002045569 0.130714124 3.932838258 0.071594901 158.5584 0.037131638 0.083690967 0.005 29376 950.4 8899.2 27771.42857 5875.2 0.92066 124.42248
36584 730544 4.274666143 7.816098088 8.734444871 0.009026745 0.031869199 1.357903312 1.94474491 1.33578613 1.455695871 1.676419731 0.007818939 0.117651343 0.038398144 0.014121265 0.080813541 0.0020462 0.131312396 3.949337888 0.071617004 160.2468 0.036888 0.083499915 0.005 29376 950.4 8899.2 27771.42857 5875.2 0.94031 148.16844
36585 730545 4.271643233 7.815380267 8.733700612 0.009019642 0.031600078 1.358458144 1.943194801 1.33514649 1.466349257 1.673451874 0.007815284 0.118174587 0.03838074 0.014240321 0.080881424 0.002046754 0.131837097 3.963801754 0.071636389 161.9604 0.036638484 0.083306862 0.005 25574.4 950.4 8899.2 27771.42857 5875.2 0.96023 157.83012
36586 730546 4.269092814 7.814765708 8.73307414 0.009013635 0.031331509 1.358928272 1.941618301 1.33460018 1.477147793 1.67094265 0.007812197 0.11862256 0.038366109 0.014361507 0.080939542 0.002047228 0.132286319 3.976179251 0.071652985 163.674 0.03638477 0.08311179 0.005 37843.2 950.4 8899.2 25885.16129 10108.8 0.98043 132.04296
36587 730547 4.26701218 7.814257024 8.732564256 0.009008723 0.031063579 1.359313458 1.940015221 1.33414905 1.488091925 1.668891314 0.007809676 0.118993357 0.038354217 0.014484842 0.080987648 0.002047621 0.132658148 3.986419773 0.071666722 165.4128 0.036128536 0.082914683 0.005 95904 1382.4 13737.6 25885.16129 10108.8 1.0009 196.79436
36588 730548 4.265398623 7.813856831 8.732169765 0.009004905 0.030796376 1.359613462 1.938385372 1.333794949 1.499182099 1.667297125 0.007807718 0.119285072 0.038345028 0.014610342 0.081025494 0.002047929 0.132950675 3.994472714 0.07167753 167.1642 0.035871464 0.082715525 0.005 53827.2 950.4 11318.4 25885.16129 10108.8 1.0216 186.97392
36589 730549 4.264249435 7.813567742 8.731889468 0.009002179 0.030529986 1.359828046 1.936728567 1.33353973 1.51041876 1.666159338 0.007806322 0.119495798 0.038338508 0.014738023 0.081052832 0.002048152 0.133161989 4.000287469 0.071685336 168.9408 0.03561523 0.082514299 0.005 49420.8 950.4 11318.4 25885.16129 10108.8 1.0426 167.44644
36590 730550 4.263561907 7.813392371 8.731722167 0.009000545 0.030264499 1.359956972 1.935044617 1.333385241 1.521802357 1.665477211 0.007805487 0.119623632 0.038334621 0.014867904 0.081069417 0.002048288 0.133290179 4.003813433 0.071690072 170.7174 0.035361516 0.082310989 0.005 49420.8 950.4 11318.4 25885.16129 10108.8 1.0639 93.98592
36591 730551 4.263333333 7.813333333 8.731666667 0.009 0.03 1.36 1.933333333 1.333333333 1.533333333 1.66525 0.007805208 0.119666667 0.038333333 0.015 0.081075 0.002048333 0.133333333 4.005 0.071691667 172.5066 0.035112 0.082105579 0.005 45100.8 950.4 11318.4 25885.16129 10108.8 1.0855 91.56157277
36592 730552 4.271222379 7.813456673 8.749354086 0.00900159 0.02972665 1.358971664 1.929091372 1.334184507 1.547102372 1.677594352 0.007810408 0.119497503 0.03836934 0.018835824 0.080965459 0.002041952 0.133050616 3.994347819 0.07146832 174.321 0.034868362 0.081898051 0.005 45100.8 950.4 11318.4 25885.16129 10108.8 1.1127 129.07188
36593 730553 4.294344666 7.813822275 8.800745534 0.009006314 0.029435446 1.355970974 1.920021155 1.336681216 1.565094977 1.713423081 0.007825668 0.119003421 0.038476514 0.029769982 0.080647522 0.002023431 0.132226712 3.963430515 0.070820068 176.1354 0.03463228 0.081688389 0.005 45100.8 950.4 13737.6 25885.16129 10108.8 1.1502 216.27648
36594 730554 4.33188292 7.814423519 8.883334791 0.009014102 0.029127732 1.351124409 1.906431144 1.340738239 1.587153831 1.770929696 0.007850479 0.118204532 0.038653586 0.047342136 0.08013722 0.001993703 0.130897993 3.913806942 0.069779597 177.9624 0.034405434 0.081476577 0.005 45100.8 950.4 15465.6 25885.16129 10108.8 1.1972 134.6058
36595 730555 4.383019866 7.81525378 8.994615639 0.009024884 0.028804851 1.344558447 1.888629802 1.346270359 1.613121615 1.848307707 0.007884331 0.11712095 0.038899285 0.071091944 0.079450583 0.001953703 0.129100828 3.847035957 0.068379592 179.8146 0.034189504 0.081262598 0.005 45100.8 950.4 15465.6 25885.16129 10108.8 1.2529 191.78208
36596 730556 4.446938229 7.816306437 9.132081861 0.00903859 0.028468149 1.336399567 1.866925591 1.353192356 1.642841011 1.943750623 0.007926714 0.115772787 0.039212343 0.100559068 0.078603642 0.001904364 0.12687159 3.764676415 0.066652737 181.6668 0.033986169 0.081046435 0.005 45100.8 950.4 15465.6 25885.16129 10108.8 1.3164 215.41464
36597 730557 4.522820735 7.817574867 9.293227239 0.00905515 0.028118968 1.326774246 1.841626973 1.361419011 1.676154701 2.055451953 0.00797712 0.114180157 0.03959149 0.135283166 0.077612427 0.001846621 0.124246649 3.668287172 0.064631718 183.519 0.033797108 0.080828073 0.005 45100.8 950.4 15465.6 25885.16129 10108.8 1.3868 219.04344
36598 730558 4.609850108 7.819052448 9.475545554 0.009074494 0.027758652 1.315808964 1.813042411 1.370865104 1.712905367 2.181605208 0.008035039 0.112363171 0.040035455 0.1748039 0.076492969 0.001781406 0.121262376 3.559427083 0.062349219 185.3964 0.033624 0.080607495 0.005 45100.8 950.4 15465.6 25885.16129 10108.8 1.4633 210.90132
36599 730559 4.707209076 7.820732556 9.676530588 0.009096552 0.027388546 1.303630198 1.781480366 1.381445416 1.752935689 2.320403897 0.008099961 0.110341942 0.040542969 0.218660929 0.075261297 0.001709655 0.117955142 3.439655005 0.059837925 187.2738 0.033468525 0.080384683 0.005 45100.8 950.4 15465.6 25885.16129 10108.8 1.545 96.77556
36600 730560 4.814080361 7.822608569 9.893676124 0.009121254 0.027009993 1.290364427 1.7472493 1.393074728 1.79608835 2.470041529 0.008171377 0.108136584 0.041112764 0.266393913 0.073933443 0.001632301 0.114361319 3.310529792 0.057130522 189.1638 0.033332362 0.080159622 0.005 45100.8 950.4 15465.6 25885.16129 10108.8 1.6311 115.7814
36601 730561 4.929646691 7.824673864 10.12447594 0.009148531 0.026624337 1.276138129 1.710657677 1.40566782 1.842206032 2.628711613 0.008248777 0.105767208 0.041743568 0.317542512 0.072525437 0.001550277 0.110517276 3.173610301 0.054259694 191.0664 0.03321719 0.079932296 0.005 45100.8 950.4 15465.6 25885.16129 10108.8 1.7207 58.42368
36602 730562 5.05309079 7.826921819 10.36642383 0.009178312 0.026232923 1.261077783 1.672013959 1.419139474 1.891131417 2.79460766 0.008331653 0.103253928 0.042434112 0.371646387 0.071053309 0.001464518 0.106459386 3.030455388 0.051258126 192.969 0.033124688 0.079702687 0.005 45100.8 950.4 15465.6 25885.16129 10108.8 1.8129 61.28136
36603 730563 5.183595384 7.829345811 10.61701356 0.009210528 0.025837093 1.245309866 1.631626606 1.43340447 1.942707185 2.965923178 0.008419493 0.100616857 0.043183127 0.428245198 0.06953309 0.001375957 0.102224018 2.882623907 0.048158503 194.8842 0.033056536 0.079470779 0.005 37238.4 950.4 15465.6 25885.16129 10108.8 1.907 192.0996
36604 730564 5.320343197 7.831939218 10.87373892 0.009245108 0.025438193 1.228960858 1.589804083 1.448377588 1.996776019 3.140851677 0.00851179 0.097876106 0.043989343 0.486878604 0.06798081 0.001285529 0.097847545 2.731674715 0.044993511 196.812 0.033014414 0.079236555 0.005 30153.6 950.4 15465.6 25885.16129 10108.8 2.0019 19.6182
36605 730565 5.462516956 7.834695416 11.1340937 0.009281983 0.025037565 1.212157237 1.54685485 1.46397361 2.053180601 3.317586667 0.008608034 0.095051789 0.044851491 0.547086265 0.0664125 0.001194167 0.093366337 2.579166667 0.041795833 198.7398 0.033 0.079 0.005 26179.2 950.4 13132.8 25885.16129 10108.8 2.097 65.49984
36606 730566 5.609299385 7.837607784 11.39557167 0.009321083 0.024636554 1.19502548 1.503087371 1.480107317 2.111763612 3.494321656 0.008707715 0.092164018 0.0457683 0.608407842 0.06484419 0.001102804 0.088816764 2.426658619 0.038598156 200.6676 0.033024437 0.078758128 0.005021382 19267.2 950.4 13132.8 25885.16129 10108.8 2.1913 172.39068
36607 730567 5.75987321 7.840669698 11.65566661 0.009362337 0.024236503 1.177692067 1.458810107 1.496693488 2.172367734 3.669250155 0.008810323 0.089232907 0.046738501 0.670382995 0.06329191 0.001012376 0.084235199 2.275709427 0.035433163 202.608 0.033095599 0.07850829 0.005083649 16502.4 950.4 13132.8 25885.16129 10108.8 2.2839 39.55392
36608 730568 5.913421156 7.843874536 11.91187231 0.009405676 0.023838757 1.160283475 1.414331521 1.513646905 2.234835648 3.840565674 0.00891535 0.086278567 0.047760824 0.732551384 0.061771691 0.000923815 0.079658012 2.127877946 0.032333541 204.5484 0.033210265 0.078250978 0.005183982 16502.4 950.4 15465.6 25885.16129 10108.8 2.3741 160.4701685
36609 730569 6.069125949 7.847215676 12.16168255 0.00945103 0.023444659 1.142926183 1.369960075 1.530882348 2.299010037 4.00646172 0.009022285 0.083321111 0.048834 0.794452668 0.060299563 0.000838056 0.075121573 1.984723032 0.029331973 206.5014 0.033365211 0.077986681 0.00531956 16502.4 950.4 15465.6 25885.16129 10108.8 2.4609 38.17044
36610 730570 6.226170313 7.850686494 12.40259111 0.009498328 0.023055554 1.12574667 1.326004231 1.548314599 2.364733582 4.165131805 0.00913062 0.080380653 0.049956759 0.855626509 0.058891557 0.000756033 0.070662255 1.847803541 0.026461145 208.4544 0.033557215 0.077715888 0.005487563 16502.4 950.4 15465.6 25885.16129 10108.8 2.5435 132.58728
36611 730571 6.383736975 7.854280369 12.63209178 0.009547502 0.022672784 1.108871413 1.282772451 1.565858438 2.431848965 4.314769436 0.009239845 0.077477305 0.051127832 0.915612565 0.057563703 0.000678678 0.066316428 1.718678328 0.023753741 210.4074 0.033783055 0.077439089 0.005685173 16502.4 950.4 15465.6 25885.16129 10108.8 2.621 139.52736
36612 730572 6.541008659 7.857990677 12.84767833 0.009598481 0.022297695 1.092426891 1.240573198 1.583428645 2.500198868 4.453568125 0.00934945 0.074631179 0.052345948 0.973950498 0.056332031 0.000606927 0.062120462 1.59890625 0.021242448 212.373 0.034039509 0.077156775 0.00590957 22550.4 1382.4 17884.8 25885.16129 10108.8 2.6927 128.5956
36613 730573 6.69716809 7.861810795 13.04684455 0.009651195 0.02193163 1.076539583 1.199714934 1.600940001 2.569625972 4.57972138 0.009458926 0.071862389 0.053609838 1.030179966 0.055212573 0.000541713 0.058110729 1.490046161 0.018959949 214.326 0.034323353 0.076869435 0.006157934 45100.8 2505.6 17884.8 25885.16129 10108.8 2.7575 272.18268
36614 730574 6.851397995 7.865734102 13.22708421 0.009705574 0.021575932 1.061335966 1.160506121 1.618307288 2.639972959 4.691422711 0.009567763 0.069191047 0.054918233 1.083840631 0.054221358 0.000483969 0.054323601 1.393656918 0.01693893 216.2916 0.034631365 0.076577559 0.006427445 53827.2 3283.2 20304 25885.16129 10108.8 2.8147 196.11396
36615 730575 7.002881098 7.869753974 13.38589111 0.009761549 0.021231947 1.046942519 1.123255221 1.635445286 2.711082511 4.786865627 0.009675453 0.066637265 0.056269862 1.134472152 0.053374417 0.000434631 0.050795447 1.311297376 0.015212075 218.2572 0.034960324 0.076281636 0.006715283 95904 2592 20304 25885.16129 10108.8 2.8635 203.91588
36616 730576 7.150800125 7.87386379 13.52075903 0.009819048 0.020901017 1.033485721 1.088270697 1.652268775 2.782797309 4.864243638 0.009781485 0.064221157 0.057663456 1.18161419 0.05268778 0.000394631 0.047562639 1.244526391 0.01381207 220.2228 0.035307005 0.075982157 0.00701863 60652.8 3283.2 20304 25885.16129 10108.8 2.9029 114.35256
36617 730577 7.2943378 7.878056925 13.62918173 0.009878003 0.020584486 1.02109205 1.055861011 1.668692537 2.854960036 4.921750253 0.00988535 0.061962835 0.059097746 1.224806403 0.052177478 0.000364903 0.044661548 1.194902818 0.012771599 222.1884 0.035668188 0.075679611 0.007334665 50803.2 2592 17884.8 34560 22550.4 2.9321 73.75536
36618 730578 7.43267685 7.882326758 13.70865302 0.009938344 0.0202837 1.009887983 1.026334624 1.684631351 2.927413372 4.957578981 0.009986539 0.059882412 0.060571462 1.263588453 0.051859541 0.000346381 0.042128544 1.163985514 0.012123347 224.154 0.03604065 0.075374489 0.007660569 41990.4 1900.8 17884.8 34560 22550.4 2.9503 57.97008
36619 730579 7.565 7.886666667 13.75666667 0.01 0.02 1 1 1.7 3 4.969923333 0.010084542 0.058 0.062083333 1.2975 0.05175 0.00034 0.04 1.153333333 0.0119 226.1196 0.036421167 0.075067279 0.007993522 34041.6 1900.8 17884.8 34560 22550.4 2.9565 95.21064
36620 730580 7.695204744 7.892110772 13.78772206 0.010083738 0.019721572 0.990886427 0.975131715 1.715806481 3.07957478 4.968657747 0.01018604 0.056194734 0.064101451 1.329083536 0.054133822 0.000341094 0.038080924 1.160724708 0.011938298 228.0852 0.036806519 0.074758471 0.008330704 34041.6 1900.8 17884.8 34560 22550.4 2.9497 151.02612
36621 730581 7.82763656 7.89959359 13.81797756 0.010208326 0.019436459 0.981920583 0.949854623 1.733024494 3.172353454 4.964924513 0.010297431 0.054337628 0.067060242 1.361117288 0.061068578 0.000344356 0.036155424 1.182265283 0.01205247 230.0508 0.037193481 0.074448556 0.008669296 34041.6 1900.8 17884.8 34560 22550.4 2.9299 131.61204
36622 730582 7.962150147 7.908959087 13.84741542 0.010370699 0.019145793 0.973101438 0.924252603 1.75151737 3.277220028 4.958818921 0.010417779 0.052436615 0.070907945 1.393494521 0.0722292 0.000349755 0.034228515 1.217004736 0.01224143 232.0038 0.037578833 0.074138024 0.009006478 25574.4 1900.8 17884.8 34560 22550.4 2.8979 222.3774
36623 730583 8.098600206 7.920051229 13.87601791 0.01056779 0.018850705 0.964427959 0.898409533 1.771148438 3.393058507 4.95043626 0.010546147 0.050499628 0.075592798 1.426108498 0.087290622 0.00035726 0.032305215 1.263992744 0.012504094 233.9694 0.03795935 0.073827364 0.009339431 18835.2 1900.8 17884.8 34560 22550.4 2.8546 245.30688
36624 730584 8.236841437 7.932713983 13.90376727 0.010796533 0.018552326 0.955899114 0.872409292 1.79178103 3.518752898 4.939871817 0.010681601 0.048534601 0.081063039 1.458852482 0.105927778 0.000366839 0.030390539 1.322278985 0.012839377 235.9224 0.038331812 0.073517065 0.009665335 13046.4 1382.4 17884.8 34560 22550.4 2.801 139.41396
36625 730585 8.376728539 7.946791315 13.93064577 0.011053862 0.018251788 0.947513872 0.846335757 1.813278477 3.653187204 4.927220883 0.010823205 0.046549466 0.087266906 1.491619737 0.1278156 0.000378463 0.028489505 1.390913136 0.013246194 237.8754 0.038692995 0.073207618 0.00998137 8208 1382.4 15465.6 34560 22550.4 2.7378 204.48288
36626 730586 8.518116212 7.962127191 13.95663565 0.011336711 0.017950223 0.939271202 0.820272808 1.835504109 3.795245433 4.912578745 0.010970022 0.044552156 0.094152638 1.524303526 0.152629022 0.000392099 0.026607129 1.468944873 0.013723462 239.8158 0.039039676 0.072899513 0.010284717 13046.4 1382.4 15465.6 34560 22550.4 2.666 251.11296
36627 730587 8.660859157 7.978565578 13.98171918 0.011642012 0.017648763 0.931170072 0.794304322 1.858321257 3.94381159 4.896040693 0.011121117 0.042550605 0.101668472 1.556797113 0.180042978 0.000407717 0.024748427 1.555423876 0.014270094 241.7688 0.039368635 0.072593239 0.010572555 18835.2 1382.4 15465.6 34560 22550.4 2.5865 268.93944
36628 730588 8.804812072 7.995950442 14.00587861 0.011966701 0.017348538 0.923209449 0.768514177 1.881593251 4.09776968 4.877702015 0.011275554 0.040552746 0.109762647 1.588993761 0.2097324 0.000425286 0.022918416 1.649399819 0.014885007 243.7092 0.039676647 0.072289286 0.010842066 34041.6 1900.8 15465.6 34560 22550.4 2.5002 264.92508
36629 730589 8.949829658 8.01412575 14.02909619 0.012307711 0.017050681 0.915388303 0.742986253 1.905183423 4.256003709 4.857658 0.011432398 0.038566511 0.1183834 1.620786733 0.241372222 0.000444775 0.021122112 1.749922382 0.015567116 245.637 0.039960491 0.071988144 0.01109043 41990.4 1900.8 17884.8 34560 22550.4 2.4078 274.45068
36630 730590 9.095766614 8.032935468 14.05135417 0.012661975 0.016756323 0.907705602 0.717804428 1.928955102 4.417397682 4.836003937 0.011590713 0.036599835 0.12747897 1.652069293 0.274637378 0.000466152 0.019364532 1.856041241 0.016315336 247.5648 0.040216945 0.071690303 0.011314827 34041.6 1382.4 15465.6 34560 22550.4 2.3103 136.32948
36631 730591 9.242477641 8.052223563 14.07263483 0.013026428 0.016466595 0.900160314 0.693052579 1.95277162 4.580835605 4.812835115 0.011749562 0.034660649 0.136997595 1.682734704 0.3092028 0.000489388 0.017650693 1.966806074 0.017128583 249.4926 0.040442785 0.071396252 0.011512437 34041.6 1382.4 15465.6 34560 22550.4 2.2087 240.27192
36632 730592 9.389817438 8.071834 14.0929204 0.013398004 0.01618263 0.892751407 0.668814586 1.976496308 4.745201484 4.788246822 0.011908011 0.032756888 0.146887513 1.712676231 0.344743422 0.000514451 0.015985611 2.081266557 0.018005771 251.4078 0.040634789 0.071106482 0.01168044 25574.4 1382.4 15465.6 34560 22550.4 2.1037 279.46296
36633 730593 9.537640706 8.091610746 14.11219315 0.013773635 0.015905558 0.88547785 0.645174326 1.999992495 4.909379323 4.762334348 0.012065124 0.030896483 0.157096962 1.741787135 0.380934178 0.000541309 0.014374301 2.198472369 0.018945816 253.3104 0.040789735 0.070821482 0.011816018 18835.2 1382.4 15465.6 34560 22550.4 1.9962 199.17576
36634 730594 9.685802143 8.111397768 14.13043532 0.014150256 0.015636512 0.878338611 0.622215678 2.023123513 5.072253129 4.73519298 0.012219964 0.029087369 0.16757418 1.769960681 0.41745 0.000569932 0.012821782 2.317473186 0.019947634 255.213 0.040904401 0.070541741 0.011916351 18835.2 1382.4 15465.6 34560 22550.4 1.8872 138.6882
36635 730595 9.83415645 8.131039033 14.14762919 0.014524801 0.015376623 0.871332658 0.60002252 2.045752692 5.232706908 4.706918008 0.012371596 0.027337478 0.178267406 1.797090132 0.453965822 0.00060029 0.011333069 2.437318686 0.021010139 257.103 0.040975563 0.070267751 0.011978618 29376 1382.4 15465.6 34560 22550.4 1.7775 102.7404
36636 730596 9.982558327 8.150378505 14.16375699 0.014894203 0.015127022 0.86445896 0.578678731 2.067743364 5.389624664 4.67760472 0.012519084 0.025654744 0.189124877 1.823068751 0.490156578 0.00063235 0.009913179 2.557058547 0.022132247 258.993 0.041 0.07 0.012 18835.2 1382.4 15465.6 34560 22550.4 1.668 185.56776
36637 730597 10.13086247 8.169260153 14.17880099 0.015255397 0.014888841 0.857716485 0.558268189 2.088958858 5.541890403 4.647348406 0.012661493 0.024047099 0.200094831 1.847789803 0.5256972 0.000666082 0.008567129 2.675742444 0.023312874 260.8704 0.040962212 0.06973627 0.011981106 15811.2 1382.4 15465.6 34560 22550.4 1.5595 135.2229855
36638 730598 10.27892359 8.187527942 14.19274345 0.015605315 0.014663212 0.851104202 0.538874772 2.109262506 5.688388132 4.616244354 0.012797886 0.022522477 0.211125507 1.87114655 0.560262622 0.000701455 0.007299934 2.792420056 0.024550934 262.7352 0.040851963 0.069474007 0.011925982 15811.2 1382.4 15465.6 34560 22550.4 1.453 222.35472
36639 730599 10.42659637 8.205025838 14.20556661 0.015940893 0.014451266 0.844621079 0.520582359 2.128517637 5.828001854 4.584387853 0.012927329 0.021088811 0.222165143 1.893032255 0.593527778 0.000738438 0.006116612 2.90614106 0.025845344 264.5874 0.040673929 0.069213197 0.011836965 15811.2 1382.4 15465.6 34560 22550.4 1.3494 293.04828
36640 730600 10.57373553 8.221597809 14.21725274 0.016259062 0.014254135 0.838266083 0.503474828 2.146587584 5.959615577 4.551874191 0.013048884 0.019754034 0.233161976 1.913340183 0.6251676 0.000777 0.005022178 3.015955134 0.027195017 266.427 0.040432785 0.068953828 0.011716393 15811.2 1382.4 15465.6 34560 22550.4 1.2495 259.5726
36641 730601 10.72019575 8.23708782 14.22778408 0.016556759 0.014072951 0.832038184 0.487636057 2.163335676 6.082113306 4.518798658 0.013161618 0.018526079 0.244064246 1.931963597 0.654857022 0.000817111 0.00402165 3.120911954 0.028598871 268.254 0.040133205 0.068695886 0.011566603 18835.2 1382.4 15465.6 34560 22550.4 1.1541 96.6168
36642 730602 10.86583174 8.251339838 14.2371429 0.016830915 0.013908844 0.82593635 0.473149925 2.178625244 6.194379045 4.485256542 0.013264593 0.017412878 0.254820189 1.948795759 0.682270978 0.000858738 0.003120044 3.220061198 0.030055819 270.081 0.039779865 0.068439359 0.011389932 18835.2 1382.4 15465.6 34560 22550.4 1.0643 233.51328
36643 730603 11.0104982 8.264197829 14.24531144 0.017078466 0.013762947 0.819959549 0.46010031 2.192319619 6.295296801 4.451343131 0.013356874 0.016422366 0.265378045 1.963729934 0.7070844 0.000901851 0.002322376 3.312452543 0.031564777 271.8954 0.039377438 0.068184233 0.011188719 18835.2 1900.8 17884.8 34560 22550.4 0.98077 236.68848
36644 730604 11.15404983 8.27550576 14.25227197 0.017296344 0.013636391 0.81410675 0.448571091 2.204282132 6.38375058 4.417153716 0.013437525 0.015562476 0.27568605 1.976659385 0.728972222 0.000946419 0.001633663 3.397135666 0.033124661 273.6846 0.038930601 0.067930496 0.0109653 18835.2 1382.4 15465.6 34560 22550.4 0.90453 93.37356
36645 730605 11.29634133 8.285107597 14.25800674 0.017481483 0.013530308 0.80837692 0.438646145 2.214376113 6.458624386 4.382783584 0.013505611 0.014841139 0.285692445 1.987477376 0.747609378 0.000992411 0.001058922 3.473160246 0.034734386 275.4738 0.038444027 0.067678134 0.010722014 18835.2 1382.4 15465.6 34560 22550.4 0.83641 284.58864
36646 730606 11.4372274 8.292847306 14.26249801 0.017630818 0.013445829 0.802769029 0.430409351 2.222464893 6.518802225 4.348328024 0.013560195 0.014266291 0.295345465 1.996077169 0.7626708 0.001039796 0.000603168 3.539575958 0.036392867 277.2378 0.037922392 0.067427134 0.010461196 18835.2 1382.4 15465.6 34560 22550.4 0.7773 296.60904
36647 730607 11.57656273 8.298568854 14.26572803 0.017741283 0.013384086 0.797282044 0.423944588 2.228411803 6.563168104 4.313882326 0.013600342 0.013845862 0.30459335 2.002352029 0.773831422 0.001088543 0.000271419 3.595432481 0.038099019 278.9892 0.03737037 0.067177483 0.010185185 34041.6 1382.4 15465.6 34560 20736 0.72808 303.39036
36648 730608 11.71420203 8.302116208 14.26767905 0.01780981 0.01334621 0.791914934 0.419335734 2.232080172 6.590606027 4.279541777 0.013625117 0.013587788 0.313384338 2.006195218 0.780766178 0.001138622 6.87E-05 3.639779491 0.039851759 280.7406 0.036792637 0.066929167 0.009896319 29376 1900.8 13132.8 34560 20736 0.68962 280.91448
36649 730609 11.85 8.303333333 14.26833333 0.017833333 0.013333333 0.786666667 0.416666667 2.233333333 6.6 4.245401667 0.013633583 0.0135 0.321666667 2.0075 0.78315 0.00119 0 3.671666667 0.04165 282.4668 0.036193867 0.066682175 0.009596934 25574.4 1900.8 13132.8 34560 20736 0.66283 134.87796
36650 730610 11.98540384 8.303115156 14.26543557 0.017817047 0.013336406 0.781583694 0.415048186 2.232288542 6.594417518 4.208520966 0.013615708 0.013622035 0.329828092 2.004803516 0.781731511 0.00128712 0 3.696813047 0.045049193 284.1678 0.035578735 0.066436493 0.009289368 15811.2 1900.8 15465.6 34560 20736 0.64254 322.2828
36651 730611 12.12187858 8.302475417 14.25693875 0.017769292 0.013345417 0.776705309 0.413531914 2.229225 6.578007592 4.166118691 0.013563293 0.013988631 0.338273874 1.996896875 0.777572213 0.001471341 0 3.721562906 0.051496945 285.8688 0.034951916 0.066192107 0.008975958 18835.2 1900.8 15465.6 34560 20736 0.62301 321.6024
36652 730612 12.25930565 8.301436302 14.24313755 0.017691724 0.013360052 0.772019745 0.412112959 2.224248958 6.551276501 4.118530199 0.013478156 0.014600525 0.346978506 1.984054297 0.770816358 0.001738012 0 3.745903771 0.060830411 287.5446 0.034318084 0.065949005 0.008659042 15811.2 1900.8 13132.8 34560 20736 0.60423 305.7264
36653 730613 12.39756648 8.30002 14.22432667 0.017586 0.01338 0.767515234 0.410786431 2.217466667 6.514730525 4.066090845 0.013362116 0.015458453 0.35591648 1.96655 0.7616082 0.002082478 0 3.769823167 0.072886744 289.2078 0.033681916 0.065707174 0.008340958 13046.4 1382.4 13132.8 34560 20736 0.58616 318.94884
36654 730614 12.53654251 8.298248698 14.20080078 0.017453776 0.013404948 0.76318001 0.409547439 2.208984375 6.468875942 4.009135988 0.013216991 0.016563152 0.365062292 1.944658203 0.750091992 0.002500089 0 3.793308622 0.087503099 290.8458 0.033048084 0.0654666 0.008024042 10540.8 1382.4 15465.6 34560 20736 0.56878 247.46148
36655 730615 12.67611516 8.296144583 14.17285458 0.017296708 0.013434583 0.759002305 0.408391095 2.198908333 6.414219031 3.948000983 0.013044597 0.017915358 0.374390434 1.918653125 0.736411988 0.002986189 0 3.816347663 0.104516629 292.4712 0.032421265 0.065227271 0.007710632 10540.8 1900.8 15465.6 34560 20736 0.55206 62.46072
36656 730616 12.81616587 8.293729844 14.14078276 0.017116453 0.013468594 0.754970352 0.407312506 2.187344792 6.351266073 3.883021188 0.012846753 0.019515808 0.383875399 1.888808984 0.720712439 0.003536128 0 3.838927817 0.123764488 294.084 0.031806133 0.064989173 0.007403066 10540.8 1900.8 15465.6 34560 20736 0.53598 41.8446
36657 730617 12.95657606 8.291026667 14.10488 0.016914667 0.013506667 0.751072384 0.406306783 2.1744 6.280523347 3.814531958 0.012625277 0.021365239 0.393491681 1.8554 0.7031376 0.004145252 0 3.861036609 0.145083831 295.6716 0.031207363 0.064752293 0.007103681 15811.2 1900.8 13132.8 34560 20736 0.52052 286.15356
36658 730618 13.09722718 8.28805724 14.06544099 0.016693005 0.01354849 0.747296634 0.405369036 2.160180208 6.20249713 3.742868651 0.012381987 0.023464388 0.403213774 1.818700391 0.683831723 0.004808909 0 3.882661568 0.16831181 297.234 0.03062963 0.064516618 0.006814815 15811.2 1382.4 13132.8 34560 20736 0.50565 165.92688
36659 730619 13.23800065 8.28484375 14.02276042 0.016453125 0.01359375 0.743631334 0.404494375 2.144791667 6.117693704 3.668366624 0.012118701 0.02581399 0.41301617 1.778984375 0.662939063 0.005522445 0 3.90379022 0.193285581 298.7838 0.030077608 0.064282136 0.006538804 71625.6 950.4 13132.8 34560 20736 0.49135 319.74264
36660 730620 13.3787779 8.281408385 13.97713297 0.016196682 0.013642135 0.740064717 0.403677908 2.128340625 6.026619347 3.591361233 0.011837235 0.028414783 0.422873363 1.736526172 0.64060387 0.006281208 0 3.924410092 0.219842296 300.321 0.029555973 0.064048832 0.006277986 41990.4 5270.4 20304 34560 20736 0.47759 327.81672
36661 730621 13.51944037 8.277773333 13.92885333 0.015925333 0.013693333 0.736585017 0.402914746 2.110933333 5.929780338 3.512187834 0.011539409 0.031267502 0.432759847 1.6916 0.6169704 0.007080546 0 3.94450871 0.24781911 301.8204 0.029069399 0.063816695 0.0060347 29376 1382.4 9244.8 34560 20736 0.46435 308.87892
36662 730622 13.65986948 8.273960781 13.8782162 0.015640734 0.013747031 0.733180466 0.402199999 2.092676042 5.827682957 3.431181785 0.011227041 0.034372886 0.442650115 1.644480078 0.592182905 0.007915805 0 3.964073602 0.277053177 303.3072 0.028622562 0.06358571 0.005811281 25574.4 950.4 7603.2 34560 20736 0.4516 294.54516
36663 730623 13.79994668 8.269992917 13.82551625 0.015344542 0.013802917 0.729839296 0.401528775 2.073675 5.720833483 3.348678443 0.010901947 0.03773167 0.452518661 1.595440625 0.566385638 0.008782333 0 3.983092294 0.307381651 304.7688 0.028220135 0.063355865 0.005610068 22118.4 950.4 7603.2 34560 20736 0.43932 290.09988
36664 730624 13.93955339 8.265891927 13.77104818 0.015038411 0.013860677 0.726549742 0.400896186 2.054036458 5.609738195 3.265013163 0.010565946 0.04134459 0.462339977 1.544755859 0.539722852 0.009675477 0 4.001552313 0.338641685 306.2178 0.027866795 0.063127147 0.005433397 15811.2 691.2 7603.2 34560 20736 0.42748 186.92856
36665 730625 14.07857104 8.26168 13.71510667 0.014724 0.01392 0.723300035 0.40029734 2.033866667 5.494903373 3.180521303 0.010220855 0.045212385 0.472088558 1.4927 0.5123388 0.010590584 0 4.019441186 0.370670435 307.6416 0.027567215 0.062899543 0.005283607 41990.4 691.2 9244.8 34560 20736 0.41607 75.45636
36666 730626 14.21688106 8.257379323 13.65798641 0.014402964 0.013980573 0.720078408 0.399727347 2.013271875 5.376835295 3.095538219 0.009868494 0.049335789 0.481738896 1.439547266 0.484377736 0.011523001 0 4.036746439 0.403305052 309.0276 0.027326071 0.062673039 0.005163035 50803.2 950.4 12009.6 34560 20736 0.40504 256.3974
36667 730627 14.35436489 8.253012083 13.59998208 0.014076958 0.014042083 0.716873094 0.399181317 1.992358333 5.256040241 3.010399269 0.009510678 0.05371554 0.491265486 1.385571875 0.455983913 0.012468077 0 4.0534556 0.436382692 310.401 0.027148037 0.062447623 0.005074018 41990.4 1382.4 14515.2 34560 20736 0.39439 186.58836
36668 730628 14.49090396 8.248600469 13.54138839 0.013747641 0.014104219 0.713672326 0.39865436 1.971232292 5.133024491 2.925439808 0.009149227 0.058352374 0.50064282 1.331048047 0.427301583 0.013421157 0 4.069556195 0.469740508 311.7492 0.027037788 0.062223281 0.005018894 34041.6 950.4 9244.8 34560 20736 0.38409 251.77068
36669 730629 14.6263797 8.244166667 13.4825 0.013416667 0.014166667 0.710464337 0.398141586 1.95 5.008294322 2.840995194 0.008785958 0.063247028 0.509845392 1.27625 0.398475 0.01437759 0 4.085035751 0.503215655 313.0722 0.027 0.062 0.005 29376 950.4 7603.2 34560 20736 0.3741 333.78156
36670 730630 14.76067353 8.239732865 13.42361161 0.013085693 0.014229115 0.70723736 0.397638103 1.928767708 4.882356016 2.757400782 0.008422689 0.068400239 0.518847695 1.221451953 0.369648417 0.015332722 0 4.099881796 0.536645286 314.37 0.027003433 0.061772346 0.005 25574.4 691.2 7603.2 34560 20736 0.36441 308.87892
36671 730631 14.89366691 8.23532125 13.36501792 0.012756375 0.01429125 0.703979627 0.397139022 1.907641667 4.75571585 2.674991931 0.008061238 0.073812743 0.527624223 1.166928125 0.340966088 0.016281902 0 4.114081855 0.569866555 315.6426 0.027013632 0.061535548 0.005 18835.2 691.2 7603.2 34560 20736 0.35499 291.41532
36672 730632 15.02524124 8.23095401 13.30701359 0.01243037 0.01435276 0.700679372 0.396639453 1.886728125 4.628880105 2.594103997 0.007703423 0.079485277 0.536149469 1.112952734 0.312572264 0.017220475 0 4.127623455 0.602716616 316.89 0.027030443 0.061290586 0.005 18835.2 691.2 7603.2 34560 20736 0.34582 316.43136
36673 730633 15.15527798 8.226653333 13.24989333 0.012109333 0.014413333 0.697324827 0.396134505 1.866133333 4.502355059 2.515072335 0.007351061 0.085418577 0.544397927 1.0598 0.2846112 0.018143789 0 4.140494124 0.635032623 318.1122 0.027053714 0.061038441 0.005 18835.2 691.2 7603.2 34560 20736 0.33688 305.97588
36674 730634 15.28365854 8.222441406 13.19395182 0.011794922 0.014472656 0.693904224 0.395619287 1.845963542 4.376646992 2.438232304 0.007005971 0.09161338 0.55234409 1.007744141 0.257227148 0.019047192 0 4.152681388 0.66665173 319.2966 0.027083293 0.060780094 0.005 18835.2 691.2 7603.2 34560 20736 0.32813 60.91848
36675 730635 15.41026436 8.218340417 13.13948375 0.011488792 0.014530417 0.690405798 0.395088911 1.826325 4.252262183 2.36391926 0.00666997 0.098070422 0.559962452 0.957059375 0.230564363 0.019926031 0 4.164172774 0.697411091 320.4684 0.027119028 0.060516527 0.005 18835.2 691.2 7603.2 34560 20736 0.31955 311.55516
36676 730636 15.53497688 8.214372552 13.0867838 0.011192599 0.014586302 0.68681778 0.394538484 1.807323958 4.129706912 2.292468558 0.006344876 0.104790441 0.567227505 0.908019922 0.204767095 0.020775653 0 4.174955808 0.72714786 321.6024 0.027160765 0.06024872 0.005 66009.6 691.2 7603.2 34560 20736 0.31113 328.90536
36677 730637 15.65767752 8.21056 13.03614667 0.010908 0.01464 0.683128403 0.393963118 1.789066667 4.009487456 2.224215558 0.006032507 0.111774172 0.574113744 0.8609 0.1799796 0.021591405 0 4.185018019 0.75569919 322.7112 0.027208354 0.059977654 0.005 46224 691.2 7603.2 34560 20736 0.30282 295.20288
36678 730638 15.77824771 8.206924948 12.98786703 0.010636651 0.014691198 0.679325901 0.393357921 1.771659375 3.892110097 2.159495613 0.005734681 0.119022353 0.580595661 0.815973828 0.15634613 0.022368635 0 4.194346931 0.782902236 323.7822 0.02726164 0.059704311 0.005 37843.2 950.4 9244.8 34560 19872 0.29462 291.61944
36679 730639 15.8965689 8.203489583 12.94223958 0.010380208 0.014739583 0.675398506 0.392718004 1.755208333 3.778081113 2.098644083 0.005453216 0.12653572 0.586647751 0.773515625 0.134010938 0.02310269 0 4.202930073 0.808594152 324.8406 0.027320473 0.059429671 0.005 18835.2 691.2 7603.2 34560 19872 0.28649 269.48376
36680 730640 16.0125225 8.200276094 12.89955901 0.010140328 0.014784844 0.67133445 0.392038476 1.739819792 3.667906783 2.041996323 0.00518993 0.134315009 0.592244506 0.733799609 0.113118277 0.023788917 0 4.210754971 0.832612091 325.8612 0.027384699 0.059154716 0.005 18835.2 691.2 7603.2 34560 19872 0.27842 168.55776
36681 730641 16.12598995 8.197306667 12.86012 0.009918667 0.014826667 0.667121968 0.391314446 1.7256 3.562093386 1.98988769 0.004946639 0.142360957 0.59736042 0.6971 0.0938124 0.024422663 0 4.217809152 0.854793208 326.844 0.027454166 0.058880426 0.005 18835.2 950.4 7603.2 34560 19872 0.27037 268.48584
36682 730642 16.23685268 8.19460349 12.82421724 0.00971688 0.01486474 0.662749291 0.390541025 1.712655208 3.461147202 1.94265354 0.004725163 0.150674301 0.601969987 0.663691016 0.076237561 0.024999276 0 4.224080143 0.874974656 327.8016 0.027528722 0.058607782 0.005 18835.2 950.4 7603.2 34560 19872 0.26232 202.01076
36683 730643 16.34499213 8.19218875 12.79214542 0.009536625 0.01489875 0.658204653 0.389713323 1.701091667 3.365574511 1.900629231 0.00452732 0.159255778 0.606047699 0.633846875 0.060538013 0.025514103 0 4.22955547 0.892993589 328.7214 0.027608214 0.058337766 0.005 18835.2 950.4 7603.2 34560 19872 0.25425 235.44108
36684 730644 16.45028973 8.190084635 12.76419922 0.009379557 0.014928385 0.653476285 0.388826448 1.691015625 3.275881591 1.864150119 0.004354926 0.168106123 0.609568051 0.607841797 0.046858008 0.02596249 0 4.23422266 0.908687161 329.616 0.02769249 0.058071359 0.005 22118.4 950.4 7603.2 34560 19872 0.24613 348.97716
36685 730645 16.5526269 8.188313333 12.74067333 0.009247333 0.014953333 0.648552422 0.387875511 1.682533333 3.192574721 1.833551561 0.0042098 0.177226074 0.612505535 0.58595 0.0353418 0.026339786 0 4.238069241 0.921892527 330.4854 0.027781398 0.057809541 0.005 18835.2 950.4 7603.2 34560 19872 0.23793 352.4472
36686 730646 16.65188508 8.186897031 12.72186245 0.009141609 0.014973281 0.643421296 0.386855621 1.675751042 3.116160181 1.809168913 0.00409376 0.186616368 0.614834645 0.568445703 0.026133642 0.026641338 0 4.241082738 0.93244684 331.3044 0.027874784 0.057553294 0.005 15811.2 950.4 7603.2 34560 19872 0.22965 340.13196
36687 730647 16.7479457 8.185857917 12.70806125 0.009064042 0.014987917 0.638071139 0.385761889 1.670775 3.04714425 1.791337532 0.004008624 0.19627774 0.616529875 0.555603125 0.019377788 0.026862493 0 4.243250679 0.940187254 332.0982 0.027972498 0.057303598 0.005 13046.4 1382.4 7603.2 34560 19872 0.22124 326.34252
36688 730648 16.8406902 8.185218177 12.69956443 0.009016286 0.014996927 0.632490185 0.384589423 1.667711458 2.986033208 1.780392776 0.003956209 0.206210927 0.617565718 0.547696484 0.015218489 0.026998598 0 4.244560591 0.944950922 332.8668 0.028074386 0.057061435 0.005 13046.4 950.4 7603.2 34560 19872 0.21268 303.5718
36689 730649 16.93 8.185 12.69666667 0.009 0.015 0.626666667 0.383333333 1.666666667 2.933333333 1.77667 0.003938333 0.216416667 0.617916667 0.545 0.0138 0.027045 0 4.245 0.946575 333.585 0.028180296 0.056827786 0.005 13046.4 950.4 7603.2 34560 19872 0.20395 335.68668
36690 730650 17.01865986 8.18561843 12.70204586 0.009023054 0.014981969 0.620390722 0.381825282 1.66952093 2.88467036 1.785262189 0.003955143 0.234927752 0.615475101 0.546396373 0.01395907 0.026987027 0.001833315 4.22671535 0.944545954 334.278 0.028290075 0.056603631 0.005 15811.2 1382.4 7603.2 34560 19872 0.19505 325.95696
36691 730651 17.10914426 8.187406725 12.71747795 0.009089191 0.014929972 0.613488707 0.379931596 1.677709391 2.835527657 1.809911912 0.004003489 0.268672869 0.608452586 0.550452477 0.01441542 0.026819439 0.007092827 4.174079177 0.938680365 334.9332 0.028403572 0.056389952 0.005 15811.2 950.4 7603.2 34560 19872 0.18602 246.32748
36692 730652 17.20086923 8.190264389 12.74190476 0.009193878 0.014847149 0.60600318 0.377699381 1.690670554 2.786197955 1.848928902 0.004080247 0.315996597 0.597302398 0.556968786 0.015137755 0.02655173 0.015417881 4.090418146 0.929310558 335.5506 0.028520633 0.05618773 0.005 13046.4 950.4 7603.2 34560 19872 0.1769 104.1012
36693 730653 17.29325081 8.194090926 12.77426808 0.009332577 0.014736642 0.5979767 0.375175745 1.707842926 2.736973985 1.900622892 0.004182294 0.37524351 0.582477811 0.565745777 0.016094785 0.026193396 0.026447828 3.979058921 0.916768859 336.1428 0.028641107 0.055997945 0.005 13046.4 950.4 7603.2 34560 19872 0.16773 277.73928
36694 730654 17.38570502 8.198785842 12.8135097 0.009500756 0.014601593 0.589451825 0.372407796 1.728665011 2.688148478 1.963303616 0.004306504 0.444758186 0.564432099 0.576583926 0.017255215 0.025753931 0.039822013 3.843328167 0.901387593 336.6846 0.028764841 0.05582158 0.005 13046.4 950.4 7603.2 34560 19872 0.15856 291.95964
36695 730655 17.47764791 8.204248642 12.85857143 0.009693878 0.014445144 0.580471114 0.36944264 1.752575316 2.640014166 2.035280807 0.004449754 0.522885201 0.543618538 0.589283708 0.018587755 0.025242831 0.055179786 3.686552549 0.883499084 337.1886 0.028891682 0.055659614 0.005 13046.4 950.4 7603.2 34560 19872 0.14944 172.29996
36696 730656 17.5684955 8.210378831 12.90839506 0.009907407 0.014270436 0.571077126 0.366327384 1.779012346 2.59286378 2.114864198 0.00460892 0.607969133 0.520490402 0.6036456 0.020061111 0.02466959 0.072160494 3.512058732 0.863435657 337.6674 0.029021479 0.055513028 0.005 13046.4 950.4 7603.2 34560 19872 0.14041 218.36304
36697 730657 17.65766382 8.217075912 12.9619224 0.01013681 0.014080611 0.561312419 0.363109136 1.807414606 2.54699005 2.200363522 0.004780878 0.698354557 0.495500966 0.619470076 0.021643991 0.024043704 0.090403484 3.323173381 0.841529638 338.0958 0.029154078 0.055382805 0.005 10540.8 950.4 7603.2 34560 19872 0.13151 212.8518
36698 730658 17.7445689 8.224239393 13.01809524 0.010377551 0.01387881 0.551219552 0.359835002 1.837220603 2.502685708 2.290088513 0.004962503 0.792386052 0.469103504 0.636557614 0.023305102 0.023374667 0.109548105 3.12322316 0.818113351 338.4864 0.029289328 0.055269924 0.005 10540.8 950.4 7603.2 34560 19872 0.12278 269.0982
36699 730659 17.82862679 8.231768776 13.07585538 0.010625094 0.013668176 0.540841084 0.35655209 1.867868841 2.460243486 2.382348904 0.005150671 0.888408192 0.441751292 0.654708688 0.025013152 0.022671975 0.129233704 2.915534734 0.793519121 338.8392 0.029427076 0.055175368 0.005 8208 950.4 7603.2 34560 19872 0.11428 318.2004
36700 730660 17.9092535 8.239563567 13.13414462 0.010874906 0.013451849 0.530219573 0.353307507 1.898797826 2.419956113 2.475454429 0.005342259 0.984765556 0.413897604 0.673723774 0.026736848 0.021945122 0.149099629 2.703434769 0.768079274 339.1542 0.029567169 0.055100116 0.005 8208 950.4 7603.2 34560 19872 0.10604 309.42324
36701 730661 17.98586508 8.247523272 13.19190476 0.011122449 0.013232971 0.519397577 0.350148361 1.929446064 2.382116322 2.56771482 0.005534141 1.079802719 0.385995715 0.693403349 0.028444898 0.021203604 0.168785228 2.490249928 0.742126134 339.4314 0.029709456 0.05504515 0.005 22118.4 1382.4 9244.8 34560 19872 0.098113 236.12148
36702 730662 18.05787755 8.255547394 13.2480776 0.01136319 0.013014685 0.508417656 0.347121757 1.959252061 2.347016843 2.657439811 0.005723195 1.171864259 0.3584989 0.713547887 0.030106009 0.020456915 0.187929849 2.279306876 0.715992027 339.6582 0.029853784 0.055011451 0.005 34041.6 1900.8 9244.8 34560 19872 0.090539 300.10176
36703 730663 18.12470695 8.263535439 13.30160494 0.011592593 0.012800131 0.497322368 0.344274803 1.987654321 2.314950408 2.742939136 0.005906295 1.259294752 0.331860433 0.733957866 0.031688889 0.019714551 0.20617284 2.073932279 0.690009277 339.8598 0.03 0.055 0.005 41990.4 950.4 7603.2 34560 19872 0.083363 310.42116
36704 730664 18.1857693 8.271386911 13.35142857 0.011806122 0.012592452 0.486154272 0.341654607 2.014091351 2.286209748 2.822522527 0.006080317 1.340438774 0.306533589 0.75443376 0.033162245 0.018986006 0.223153547 1.877452802 0.664510209 340.011 0.030177879 0.055026148 0.005 18835.2 950.4 7603.2 34560 19872 0.07663 310.53456
36705 730665 18.24048064 8.279001317 13.3964903 0.011999244 0.012394788 0.474955926 0.339308275 2.038001656 2.261087594 2.894499717 0.006242138 1.413640904 0.282971644 0.774776046 0.034494785 0.018280776 0.23851132 1.693195108 0.639827149 340.1118 0.030414039 0.055102041 0.005 15811.2 950.4 7603.2 34560 19872 0.070384 75.02544
36706 730666 18.28825701 8.286278159 13.43573192 0.012167423 0.012210282 0.463769888 0.337282915 2.058823741 2.239876676 2.957180441 0.006388634 1.477245716 0.261627871 0.794785199 0.035655215 0.017608355 0.251885506 1.524485863 0.616292421 340.1748 0.030703592 0.055223852 0.005 15811.2 1382.4 9244.8 34560 19872 0.064668 265.1292
36707 730667 18.32851443 8.293116944 13.46809524 0.012306122 0.012042075 0.452638718 0.335625634 2.075996113 2.222869727 3.008874431 0.006516679 1.529597789 0.242955545 0.814261695 0.036612245 0.016978239 0.262915452 1.374651731 0.594238351 340.2 0.031041651 0.055387755 0.005 18835.2 1382.4 9244.8 34560 19872 0.059528 235.39572
36708 730668 18.36066894 8.299417175 13.49252205 0.012410809 0.01189331 0.441604975 0.334383538 2.088957276 2.210359477 3.047891421 0.006623151 1.569041698 0.227407941 0.83300601 0.03733458 0.016399922 0.271240507 1.247019378 0.573997263 340.1748 0.03142333 0.055589923 0.005 15811.2 950.4 7603.2 34560 19872 0.055007 116.14428
36709 730669 18.38413656 8.305078359 13.50795414 0.012476946 0.011767126 0.430711216 0.333603736 2.097145737 2.202638658 3.072541144 0.006704924 1.593922021 0.215438335 0.85081862 0.03779093 0.015882899 0.276500018 1.144915469 0.555901482 340.1118 0.03184374 0.055826531 0.005 15811.2 950.4 7603.2 34560 19872 0.051149 285.40512
36710 730670 18.39833333 8.31 13.51333333 0.0125 0.011666667 0.42 0.333333333 2.1 2.2 3.081133333 0.006758875 1.602583333 0.2075 0.8675 0.03795 0.015436667 0.278333333 1.071666667 0.540283333 340.011 0.032297994 0.05609375 0.005 15811.2 950.4 7603.2 34560 19872 0.048 234.76068
36711 730671 18.40731969 8.314572267 13.51324117 0.012496853 0.011580174 0.408951026 0.3343208 2.098373584 2.2 3.080787896 0.006797433 1.60155069 0.201792604 0.884169233 0.037853809 0.015024735 0.278060328 1.014539227 0.52586572 339.8598 0.032781205 0.056387755 0.005 15811.2 950.4 7603.2 34560 19872 0.045242 136.12536
36712 730672 18.41557706 8.319239921 13.51296681 0.012487577 0.011493931 0.397073992 0.337190263 2.093647409 2.2 3.079764819 0.006835088 1.598517831 0.196216953 0.901994022 0.03757429 0.014605348 0.277267006 0.958613913 0.511187178 339.6708 0.033288486 0.056704719 0.005 15811.2 950.4 7603.2 34560 19872 0.042532 167.01552
36713 730673 18.42315299 8.323984355 13.51251344 0.012472423 0.011408141 0.384456458 0.341802315 2.086051089 2.2 3.078083958 0.006871806 1.593582364 0.19077803 0.920847777 0.037125022 0.014180099 0.275991909 0.903939156 0.49630348 339.4314 0.03381495 0.057040816 0.005 13046.4 950.4 9244.8 34560 19872 0.039873 180.26064
36714 730674 18.43009501 8.328786962 13.51188424 0.01245164 0.011323006 0.371185986 0.348017549 2.075814233 2.2 3.075765169 0.006907556 1.586841898 0.185480819 0.940603906 0.036519585 0.013750583 0.27427358 0.850563387 0.481270401 339.1668 0.034355709 0.057392219 0.005 10540.8 950.4 7603.2 34560 19872 0.03727 327.18168
36715 730675 18.43645065 8.333629136 13.5110824 0.012425478 0.011238728 0.357350136 0.355696557 2.063166455 2.2 3.072828307 0.006942305 1.57839404 0.180330303 0.961135818 0.035771559 0.013318392 0.27215056 0.798535037 0.466143715 338.8518 0.034905875 0.057755102 0.005 10540.8 950.4 7603.2 34560 19872 0.034725 245.9646
36716 730676 18.44226745 8.338492269 13.51011112 0.012394187 0.01115551 0.343036468 0.364699933 2.048337365 2.2 3.069293226 0.00697602 1.568336398 0.175331466 0.982316923 0.034894524 0.01288512 0.269661391 0.747902535 0.450979195 338.499 0.035460563 0.058125638 0.005 37843.2 950.4 7603.2 34560 19872 0.032242 235.9854
36717 730677 18.44759295 8.343357756 13.50897357 0.012358017 0.011073555 0.328332542 0.374888269 2.031556576 2.2 3.065179782 0.007008668 1.55676658 0.17048929 1.004020629 0.03390206 0.01245236 0.266844616 0.698714314 0.435832616 338.1084 0.036014884 0.0585 0.005 18835.2 950.4 7603.2 34560 19872 0.029824 300.82752
36718 730678 18.45247468 8.348206988 13.50767294 0.012317217 0.010993066 0.313325919 0.386122159 2.013053699 2.2 3.060507831 0.007040217 1.543782194 0.165808761 1.026120346 0.032807747 0.012021707 0.263738776 0.651018803 0.420759752 337.68 0.03656395 0.058874362 0.005 41990.4 2505.6 14515.2 34560 19872 0.027476 209.17764
36719 730679 18.45696018 8.353021359 13.50621242 0.012272037 0.010914244 0.298104159 0.398262195 1.993058346 2.2 3.055297226 0.007070633 1.529480847 0.16129486 1.048489482 0.031625165 0.011594754 0.260382413 0.604864433 0.405816376 337.2138 0.037102876 0.059244898 0.005 83635.2 3888 16156.8 34560 19872 0.025201 249.84288
36720 730680 18.46109698 8.357782261 13.5045952 0.012222727 0.010837293 0.282754824 0.41116897 1.971800128 2.2 3.049567824 0.007099885 1.513960148 0.156952571 1.071001445 0.030367893 0.011173093 0.256814069 0.560299635 0.391058262 336.7098 0.037626773 0.059607781 0.005 41990.4 3110.4 16156.8 34560 19872 0.023002 247.0986
36721 730681 18.46493263 8.362471089 13.50282447 0.012169537 0.010762414 0.267365472 0.424703077 1.949508658 2.2 3.04333948 0.007127939 1.497317704 0.152786877 1.093529646 0.029049512 0.01075832 0.253072287 0.51737284 0.376541185 336.168 0.038130754 0.059959184 0.005 25574.4 3110.4 13651.2 34560 19872 0.020883 159.03216
36722 730682 18.46851465 8.367069236 13.5009034 0.012112716 0.010689812 0.252023665 0.438725108 1.926413547 2.2 3.036632048 0.007154763 1.479651123 0.148802763 1.115947493 0.027683601 0.010352026 0.249195607 0.476132479 0.362320918 335.5884 0.038609933 0.060295281 0.005 34041.6 2419.2 13651.2 34560 19872 0.018847 244.55844
36723 730683 18.47189058 8.371558093 13.4988352 0.012052515 0.010619687 0.236816964 0.453095658 1.902744407 2.2 3.029465384 0.007180324 1.461058013 0.145005211 1.138128395 0.026283741 0.009955807 0.245222573 0.436626981 0.348453236 334.971 0.039059421 0.060612245 0.005 18835.2 2419.2 13651.2 34560 19872 0.016899 241.56468
36724 730684 18.47510795 8.375919055 13.49662304 0.011989183 0.010552243 0.221832927 0.467675318 1.878730849 2.2 3.021859343 0.007204589 1.441635983 0.141399206 1.159945761 0.02486351 0.009571255 0.241191726 0.398904779 0.334993912 334.3158 0.039474331 0.06090625 0.005 15811.2 2419.2 13651.2 34560 19872 0.01504 314.3448
36725 730685 18.47821432 8.380133515 13.49427011 0.011922969 0.010487682 0.207159117 0.482324682 1.854602485 2.2 3.01383378 0.007227525 1.421482639 0.137989729 1.181272999 0.02343649 0.009199963 0.237141608 0.363014301 0.32199872 333.6354 0.039849777 0.061173469 0.005 15811.2 2419.2 13651.2 34560 19872 0.013277 150.75396
36726 730686 18.4812572 8.384182865 13.49177961 0.011854125 0.010426207 0.192883093 0.496904342 1.830588927 2.2 3.005408551 0.007249101 1.400695589 0.134781765 1.20198352 0.022016259 0.008843527 0.23311076 0.329003981 0.309523434 332.9172 0.04018087 0.061410077 0.005 15811.2 1814.4 11232 34560 19872 0.01161 229.34016
36727 730687 18.48428413 8.388048499 13.48915471 0.011782898 0.01036802 0.179092416 0.511274892 1.806919786 2.2 2.99660351 0.007269283 1.379372443 0.131780297 1.221950731 0.020616399 0.008503538 0.229137726 0.296922247 0.297623828 332.1612 0.040462724 0.061612245 0.005 15811.2 1814.4 11232 34560 19872 0.010045 222.24132
36728 730688 18.48734266 8.39171181 13.4863986 0.01170954 0.010313324 0.165874646 0.525296923 1.783824675 2.2 2.987438512 0.007288038 1.357610806 0.128990308 1.241048042 0.019250488 0.008181591 0.225261047 0.26681753 0.286355677 331.3674 0.040690451 0.061776148 0.005 15811.2 1814.4 11232 34560 19872 0.0085848 266.8302
36729 730689 18.49048031 8.395154191 13.48351448 0.011634299 0.010262321 0.153317343 0.53883103 1.761533205 2.2 2.977933414 0.007305333 1.335508288 0.126416783 1.259148861 0.017932107 0.007879279 0.221519264 0.238738263 0.275774753 330.5484 0.040859165 0.061897959 0.005 15811.2 1814.4 11232 34560 19872 0.0072328 289.94112
36730 730690 18.49374462 8.398357035 13.48050552 0.011557427 0.010215215 0.141508069 0.551737805 1.740274987 2.2 2.96810807 0.007321137 1.313162495 0.124064703 1.276126598 0.016674835 0.007598195 0.21795092 0.212732874 0.265936832 329.6916 0.040963977 0.061973852 0.005 15811.2 1814.4 11232 34560 19872 0.0059927 282.84228
36731 730691 18.49718314 8.401301735 13.47737492 0.011479172 0.010172207 0.130534383 0.563877841 1.720279634 2.2 2.957982334 0.007335417 1.290671037 0.121939054 1.291854662 0.015492253 0.007339934 0.214594558 0.188849795 0.256897687 328.8096 0.041 0.062 0.005 15811.2 1814.4 11232 34560 19872 0.004868 224.05572
36732 730692 18.50084338 8.403969685 13.47412586 0.011399784 0.0101335 0.120483846 0.575111731 1.701776757 2.2 2.947576063 0.007348138 1.26813152 0.120044817 1.306206461 0.01439794 0.007106088 0.211488718 0.167137456 0.248713091 327.8898 0.040903434 0.061891797 0.005 15811.2 1814.4 11232 34560 19872 0.0038624 51.84648
36733 730693 18.5047729 8.406342277 13.47076153 0.011319513 0.010099297 0.111444019 0.585300067 1.684995968 2.2 2.936909112 0.00735927 1.245641553 0.118386977 1.319055405 0.013405476 0.006898252 0.208671942 0.147644289 0.24143882 326.9322 0.040629896 0.061586676 0.005 15811.2 1814.4 11232 34560 19872 0.0029793 26.03664
36734 730694 18.50901922 8.408400904 13.46728511 0.011238609 0.0100698 0.103502461 0.594303443 1.670166879 2.2 2.926001335 0.007368779 1.223298744 0.116970517 1.330274902 0.012528441 0.006718018 0.206182774 0.130418723 0.235130646 325.962 0.040203631 0.061113865 0.005 15811.2 1814.4 11232 34560 19872 0.0022223 163.4094
36735 730695 18.51362988 8.41012696 13.4636998 0.011157321 0.010045212 0.096746733 0.601982451 1.6575191 2.2 2.914872588 0.007376632 1.2012007 0.11580042 1.339738361 0.011780415 0.006566981 0.204059754 0.115509191 0.229844344 324.9414 0.03964888 0.060502595 0.005 15811.2 1814.4 13651.2 34560 19872 0.0015949 247.91508
36736 730696 18.51865242 8.411501838 13.46000878 0.0110759 0.010025736 0.091264396 0.608197685 1.647282245 2.2 2.903542725 0.007382797 1.179445029 0.11488167 1.347319191 0.011174978 0.006446734 0.202341424 0.102964121 0.225635688 323.9082 0.038989886 0.059782095 0.005 15811.2 1814.4 11232 34560 19872 0.0011008 247.46148
36737 730697 18.52413438 8.412506931 13.45621524 0.010994596 0.010011573 0.08714301 0.612809737 1.639685924 2.2 2.892031603 0.007387241 1.158129339 0.114219249 1.352890802 0.01072571 0.00635887 0.201066328 0.092831946 0.222560451 322.8372 0.038250892 0.058981595 0.005 15811.2 2419.2 11232 34560 19872 0.00074347 243.96876
36738 730698 18.53012328 8.413123632 13.45232236 0.010913657 0.010002927 0.084470136 0.6156792 1.63495975 2.2 2.880359076 0.007389932 1.137351238 0.113818143 1.356326602 0.010446191 0.006304983 0.200273006 0.085161095 0.220674408 321.7284 0.037456141 0.058130325 0.005 15811.2 2419.2 11232 34560 19872 0.00052646 158.5117137
36739 730699 18.53666667 8.413333333 13.44833333 0.010833333 0.01 0.083333333 0.616666667 1.633333333 2.2 2.868545 0.007390836 1.117208333 0.113683333 1.3575 0.01035 0.006286667 0.2 0.08 0.220033333 320.607 0.036629875 0.057257514 0.005 15811.2 1814.4 11232 34188.3871 19872 0.00045333 277.9434
36740 730700 18.54413054 8.413151918 13.44266574 0.010747012 0.010006541 0.082998412 0.616198498 1.635030445 2.199211338 2.854430757 0.007383534 1.096633748 0.114246716 1.356131659 0.010489269 0.006289599 0.20170589 0.076156921 0.22013595 319.4478 0.035796338 0.056392392 0.005 13046.4 1814.4 11232 34188.3871 19872 0.00046496 283.88556
36741 730701 18.55280222 8.412619666 13.43381176 0.010648397 0.010025807 0.082672774 0.614824945 1.640009576 2.196884559 2.836001908 0.007362111 1.074561287 0.115899616 1.35211365 0.010902693 0.0062982 0.206710775 0.072407861 0.220437016 318.2634 0.034979771 0.05556419 0.005 10540.8 1814.4 11232 34188.3871 19872 0.00049947 208.3158
36742 730702 18.56261123 8.411754569 13.42188648 0.010538221 0.010057264 0.082356368 0.612592437 1.648102417 2.193078475 2.813494571 0.007327292 1.051089585 0.11858616 1.345576491 0.011583696 0.006312182 0.214845475 0.068752865 0.220926354 317.0538 0.034204419 0.054802136 0.005 10540.8 1814.4 11232 34188.3871 19872 0.00055635 242.24508
36743 730703 18.57348705 8.410574619 13.407005 0.010417214 0.010100377 0.082049142 0.609547405 1.659140659 2.187851896 2.787144866 0.0072798 1.026317276 0.122250475 1.336650701 0.012525703 0.006331251 0.225940811 0.065191976 0.221593787 315.819 0.033494522 0.05413546 0.005 25574.4 2419.2 13651.2 34188.3871 19872 0.00063506 248.09652
36744 730704 18.58535922 8.409097808 13.38928241 0.010286105 0.010154609 0.081751045 0.605736278 1.672955993 2.181263632 2.75718891 0.007220359 1.000342995 0.12683669 1.325466799 0.01372214 0.006355118 0.239827605 0.061725239 0.222429138 314.5464 0.032874325 0.053593392 0.005 37843.2 2419.2 18662.4 34188.3871 19872 0.00073507 265.2426
36745 730705 18.59815724 8.407342126 13.3688338 0.010145625 0.010219428 0.081462026 0.601205486 1.689380112 2.173372496 2.723862824 0.007149694 0.973265375 0.132288931 1.312155304 0.01516643 0.006383492 0.256336675 0.058352697 0.223422231 313.2612 0.03236807 0.053205162 0.005 37843.2 2419.2 16156.8 34188.3871 19872 0.00085585 261.11484
36746 730706 18.61181061 8.405325566 13.34577426 0.009996505 0.010294296 0.081182034 0.596001461 1.708244705 2.164237297 2.687402726 0.00706853 0.945183051 0.138551326 1.296846733 0.016851999 0.006416083 0.275298845 0.055074395 0.224562888 311.9508 0.032 0.053 0.005 18835.2 1814.4 16156.8 34188.3871 19872 0.00099688 268.28172
36747 730707 18.62624886 8.403066119 13.32021888 0.009839474 0.01037868 0.080911016 0.59017063 1.729381466 2.153916848 2.648044734 0.006977589 0.916194658 0.145568001 1.279671607 0.018772271 0.006452598 0.296544933 0.051890378 0.225840933 310.6026 0.031712113 0.052897609 0.005 15811.2 1814.4 13651.2 34188.3871 19872 0.0011576 260.253
36748 730708 18.64140148 8.400581777 13.29228276 0.009675263 0.010472045 0.080648923 0.583759425 1.752622084 2.142469957 2.606024969 0.006877596 0.886398828 0.153283085 1.260760444 0.020920671 0.006492748 0.319905762 0.048800688 0.227246189 309.2418 0.031430239 0.052798192 0.005 15811.2 1814.4 13651.2 34188.3871 19872 0.0013375 264.29004
36749 730709 18.65719799 8.397890532 13.26208098 0.009504603 0.010573855 0.080395702 0.576814275 1.777798252 2.129955437 2.561579549 0.006769275 0.855894197 0.161640705 1.240243762 0.023290624 0.006536242 0.345212151 0.045805371 0.228768479 307.8558 0.031154365 0.052701727 0.005 13046.4 1296 13651.2 34188.3871 19872 0.0015361 259.75404
36750 730710 18.6735679 8.395010374 13.22972864 0.009328224 0.010683575 0.080151302 0.569381611 1.804741661 2.116432099 2.514944593 0.006653351 0.824779399 0.170584987 1.218252081 0.025875555 0.006582789 0.372294922 0.04290447 0.230397627 306.4446 0.03088448 0.05260819 0.005 10540.8 1296 13651.2 34188.3871 19872 0.0017528 252.882
36751 730711 18.69044072 8.391959296 13.19534083 0.009146856 0.010800671 0.079915672 0.561507862 1.833284001 2.101958753 2.466356219 0.006530548 0.793153067 0.18006006 1.194915919 0.028668889 0.006632099 0.400984896 0.04009803 0.232123454 305.0208 0.030620572 0.05251756 0.005 10540.8 1296 11232 34188.3871 19872 0.0019871 262.38492
36752 730712 18.70774597 8.38875529 13.15903264 0.00896123 0.010924608 0.079688761 0.553239458 1.863256966 2.08659421 2.416050548 0.006401589 0.761113837 0.190010051 1.170365795 0.031664049 0.00668388 0.431112893 0.037386095 0.233935785 303.5592 0.030362629 0.052429813 0.005 10540.8 1296 11232 34188.3871 19872 0.0022385 252.90468
36753 730713 18.72541314 8.385416346 13.12091915 0.008772076 0.01105485 0.079470517 0.544622829 1.894492245 2.070397281 2.364263697 0.006267199 0.728760342 0.200379086 1.144732228 0.034854462 0.006737841 0.462509733 0.034768708 0.235824442 302.085 0.030110639 0.052344927 0.005 15811.2 1296 11232 34188.3871 19872 0.0025064 218.65788
36754 730714 18.74337175 8.381960457 13.08111548 0.008580123 0.011190862 0.07926089 0.535704406 1.92682153 2.053426777 2.311231786 0.006128102 0.696191216 0.211111294 1.118145736 0.038233551 0.006793693 0.495006239 0.032245915 0.237779249 300.5856 0.02986459 0.05226288 0.005 15811.2 1814.4 11232 34188.3871 19872 0.0027903 263.56428
36755 730715 18.76155131 8.378405614 13.03973669 0.008386104 0.01133211 0.079059826 0.526530617 1.960076513 2.035741509 2.257190934 0.005985023 0.663505094 0.222150802 1.090736839 0.041794742 0.006851144 0.52843323 0.029817758 0.239790029 299.061 0.02962447 0.052183649 0.005 13046.4 1296 11232 34188.3871 19872 0.0030896 236.52972
36756 730716 18.77988134 8.374769809 12.99689789 0.008190747 0.011478059 0.078867276 0.517147894 1.994088884 2.017400288 2.202377259 0.005838684 0.630800611 0.233441736 1.062636055 0.045531459 0.006909903 0.562621528 0.027484283 0.241846604 297.5238 0.029390268 0.052107211 0.005 10540.8 1296 11232 34188.3871 19872 0.0034039 36.17990809
36757 730717 18.79829133 8.371071033 12.95271417 0.007994784 0.011628173 0.078683189 0.507602666 2.028690336 1.998461924 2.147026881 0.005689811 0.598176399 0.244928225 1.033973903 0.049437127 0.00696968 0.597401953 0.025245533 0.243938799 295.974 0.029161971 0.052033544 0.005 10540.8 1296 11232 34188.3871 19872 0.0037327 232.03908
36758 730718 18.81671081 8.367327278 12.90730061 0.007798944 0.011781917 0.078507511 0.497941363 2.06371256 1.978985229 2.091375919 0.005539128 0.565731094 0.256554396 1.004880901 0.053505172 0.007030184 0.632605326 0.023101553 0.246056436 294.3864 0.028939567 0.051962626 0.005 8208 1296 11232 34188.3871 19872 0.0040753 242.676
36759 730719 18.83506927 8.363556536 12.86077232 0.007603959 0.011938758 0.078340194 0.488210415 2.098987246 1.959029014 2.035660491 0.005387359 0.533563329 0.268264375 0.975487569 0.057729017 0.007091124 0.668062468 0.021052386 0.248189338 292.7988 0.028723045 0.051894433 0.005 8208 1296 11232 34188.3871 19872 0.0044313 112.76496
36760 730720 18.85329624 8.359776798 12.81324437 0.007410558 0.012098158 0.078181184 0.478456252 2.134346087 1.938652088 1.980116717 0.005235227 0.501771739 0.280002291 0.945924425 0.062102087 0.007152209 0.703604199 0.019098077 0.250327329 291.1734 0.028512393 0.051828943 0.005 8208 1296 11232 34188.3871 19872 0.0048 195.86448
36761 730721 18.87132122 8.356006055 12.76483187 0.007219471 0.012259584 0.078030431 0.468725304 2.169620774 1.917913264 1.924980715 0.005083458 0.470454958 0.291712271 0.916321988 0.066617808 0.007213149 0.739061341 0.01723867 0.252460231 289.548 0.028307598 0.051766133 0.005 8208 1296 11232 34188.3871 19872 0.0051811 141.95412
36762 730722 18.88907372 8.3522623 12.7156499 0.00703143 0.012422501 0.077887884 0.459064001 2.204642997 1.896871352 1.870488605 0.004932775 0.43971162 0.303338441 0.886810777 0.071269603 0.007273653 0.774264714 0.015474209 0.254577868 287.8974 0.02810865 0.051705982 0.005 6134.4 1296 11232 34188.3871 19872 0.005574 214.53012
36763 730723 18.90648326 8.348563524 12.66581356 0.006847164 0.012586374 0.077753491 0.449518773 2.239244449 1.875585163 1.816876505 0.004783902 0.40964036 0.31482493 0.857521311 0.076050899 0.00733343 0.809045139 0.013804738 0.256670062 286.2342 0.027915535 0.051648466 0.005 8208 1296 11232 34188.3871 19872 0.0059781 119.5882621
36764 730724 18.92347934 8.344927719 12.61543794 0.006667404 0.012750667 0.0776272 0.440136049 2.273256821 1.854113508 1.764380534 0.004637563 0.380339811 0.326115865 0.828584108 0.080955119 0.00739219 0.843233436 0.012230302 0.258726638 284.5458 0.027728242 0.051593563 0.005 8208 1296 11232 34188.3871 19872 0.0063929 139.7165209
36765 730725 18.93999147 8.341372876 12.56463812 0.00649288 0.012914845 0.077508961 0.430962261 2.306511803 1.832515198 1.713236812 0.004494484 0.351908609 0.337155372 0.800129687 0.085975688 0.007449641 0.876660428 0.010750944 0.260737418 282.8448 0.027546759 0.05154125 0.005 10540.8 1296 13651.2 34188.3871 19872 0.0068179 233.42256
36766 730726 18.95594916 8.337916987 12.5135292 0.006324322 0.013078374 0.077398723 0.422043838 2.338841089 1.810849044 1.663681457 0.004355387 0.324445386 0.34788758 0.772288567 0.091106032 0.007505492 0.909156933 0.009366708 0.262692225 281.1312 0.027371075 0.051491504 0.005 13046.4 1296 13651.2 34188.3871 19872 0.0072525 78.65424
36767 730727 18.97128192 8.334578043 12.46222627 0.006162462 0.013240719 0.077296433 0.413427209 2.370076368 1.789173856 1.615950588 0.004220997 0.298048777 0.358256616 0.745191266 0.096339574 0.007559454 0.940553774 0.008077639 0.264580882 279.405 0.027201177 0.051444304 0.005 13046.4 1814.4 13651.2 34188.3871 19872 0.0076962 177.0174
36768 730728 18.98591927 8.331374037 12.41084443 0.006008029 0.013401345 0.077202041 0.405158805 2.400049332 1.767548446 1.570280325 0.004092038 0.272817417 0.368206606 0.718968305 0.10166974 0.007611235 0.970681771 0.006883782 0.266393213 277.6536 0.027037053 0.051399626 0.005 13046.4 1296 13651.2 34188.3871 19872 0.0081485 238.34412
36769 730729 18.99979071 8.328322959 12.35949876 0.005861753 0.013559716 0.077115495 0.397285056 2.428591673 1.746031624 1.526906785 0.003969235 0.24884994 0.377681679 0.6937502 0.107089955 0.007660544 0.999371744 0.005785179 0.26811904 275.9022 0.026878692 0.051357448 0.005 13046.4 1296 13651.2 34188.3871 19872 0.0086089 236.50704
36770 730730 19.01282576 8.325442802 12.30830435 0.005724365 0.013715297 0.077036744 0.389852391 2.455535081 1.724682201 1.486066089 0.003853311 0.22624498 0.386625962 0.669667471 0.112593643 0.007707091 1.026454516 0.004781875 0.269748187 274.1256 0.026726081 0.051317748 0.005 15811.2 1296 13651.2 34560 19872 0.0090768 223.21656
36771 730731 19.02495392 8.322751556 12.25737631 0.005596595 0.013867555 0.076965736 0.382907242 2.480711249 1.703558989 1.447994355 0.00374499 0.205101171 0.394983581 0.646850638 0.118174228 0.007750585 1.051760905 0.003873915 0.271270477 272.3364 0.026579209 0.051280502 0.005 18835.2 1296 13651.2 34560 19872 0.0095517 219.61044
36772 730732 19.0361047 8.320267214 12.2068297 0.005479174 0.014015953 0.076902421 0.376496037 2.503951868 1.682720797 1.412927701 0.003644997 0.185517147 0.402698665 0.625430218 0.123825137 0.007790735 1.075121734 0.003061342 0.272675733 270.5346 0.026438064 0.051245688 0.005 18835.2 1296 13651.2 34560 19872 0.010033 212.78376
36773 730733 19.04620762 8.318007767 12.15677964 0.005372832 0.014159956 0.076846747 0.370665206 2.525088628 1.662226438 1.381102248 0.003554056 0.167591542 0.409715341 0.60553673 0.129539793 0.007827251 1.096367822 0.0023442 0.273953778 268.7328 0.026302634 0.051213284 0.005 18835.2 1296 13651.2 34560 19872 0.01052 194.07276
36774 730734 19.05519219 8.315991207 12.10734121 0.0052783 0.01429903 0.076798663 0.36546118 2.543953222 1.642134722 1.352754114 0.003472891 0.151422992 0.415977736 0.587300693 0.135311622 0.007859841 1.115329991 0.001722534 0.275094436 266.9058 0.026172906 0.051183268 0.005 15811.2 1296 13651.2 34560 19872 0.011013 161.23212
36775 730735 19.0629879 8.314235526 12.0586295 0.005196307 0.01443264 0.076758117 0.360930389 2.56037734 1.622504459 1.328119417 0.003402227 0.137110129 0.421429977 0.570852627 0.141134047 0.007888215 1.131839062 0.001196388 0.276087529 265.0788 0.02604887 0.051155615 0.005 15811.2 1296 13651.2 34560 19872 0.011511 135.03672
36776 730736 19.06952429 8.312758714 12.01075961 0.005127584 0.014560251 0.076725058 0.357119262 2.574192675 1.603394461 1.307434278 0.003342786 0.124751589 0.426016191 0.556323049 0.147000495 0.007912082 1.145725855 0.000765806 0.27692288 263.2392 0.025930513 0.051130305 0.005 15811.2 1296 13651.2 34560 19872 0.012013 189.67284
36777 730737 19.07473084 8.311578764 11.96384662 0.005072862 0.014681327 0.076699435 0.35407423 2.585230917 1.584863538 1.290934814 0.003295294 0.114446005 0.429680507 0.543842478 0.152904389 0.007931152 1.156821191 0.000430832 0.277590313 261.3744 0.025817823 0.051107314 0.005 13046.4 1296 13651.2 34560 19872 0.012518 90.42516
36778 730738 19.07853708 8.310713667 11.91800563 0.00503287 0.014795334 0.076681196 0.351841722 2.593323757 1.566970502 1.278857145 0.003260475 0.106292011 0.432367051 0.533541434 0.158839155 0.007945133 1.164955892 0.00019151 0.278079651 259.5222 0.025710788 0.051086619 0.005 13046.4 1296 13651.2 34560 19872 0.013027 88.83756
36779 730739 19.08087252 8.310181415 11.87335172 0.005008339 0.014901737 0.07667029 0.350468169 2.598302888 1.549774164 1.271437389 0.003239052 0.100388243 0.434019951 0.525550435 0.164798217 0.007953735 1.169960776 4.79E-05 0.278380717 257.6448 0.025609397 0.051068199 0.005 10540.8 1296 13651.2 34560 19872 0.013539 167.28768
36780 730740 19.08166667 8.31 11.83 0.005 0.015 0.076666667 0.35 2.6 1.533333333 1.268911667 0.00323175 0.096833333 0.434583333 0.52 0.170775 0.007956667 1.171666667 0 0.278483333 255.7674 2.55E-02 0.051052031 0.005 10540.8 1296 13651.2 34560 19872 0.014053 104.46408
36781 730741 19.07833602 8.310175647 11.78735687 0.005013681 0.015096253 0.076691555 0.350341322 2.595604386 1.516585843 1.269106274 0.003239396 0.094581114 0.433319875 0.515926715 0.177645162 0.00793191 1.168537955 0.000225118 0.277616855 253.8774 0.025423497 0.051038091 0.005 10540.8 1296 13651.2 34560 19872 0.014601 180.46476
36782 730742 19.06857106 8.310679552 11.74471989 0.005053199 0.015196393 0.076765022 0.351334815 2.582979205 1.498572746 1.269671426 0.003261598 0.092510015 0.429681096 0.512253364 0.186153771 0.007860594 1.159562142 0.000882658 0.275120797 251.9748 0.025338964 0.051026358 0.005 10540.8 1296 13651.2 34560 19872 0.015213 126.30492
36783 730743 19.05271225 8.311477162 11.70204084 0.005116262 0.01529954 0.07688527 0.352934772 2.562966953 1.479507681 1.270579115 0.003297253 0.090605572 0.423894389 0.50893976 0.196098366 0.007747149 1.145354713 0.001945903 0.271150219 250.0722 0.025260027 0.051016809 0.005 10540.8 1296 13651.2 34560 19872 0.015884 152.54568
36784 730744 19.03110005 8.312533924 11.65927152 0.005200581 0.015404814 0.0770505 0.355095487 2.536410122 1.459604289 1.271801333 0.003345256 0.088853319 0.416187149 0.505945719 0.207276487 0.007596005 1.126531152 0.003388132 0.265860186 248.157 0.025186674 0.051009421 0.005 10540.8 1296 11232 34560 19872 0.016611 178.67304
36785 730745 19.00407493 8.313815283 11.61636372 0.005303864 0.015511334 0.077258917 0.357771253 2.504151206 1.439076211 1.273310075 0.003404503 0.087238792 0.406786768 0.503231054 0.219485675 0.007411593 1.103706943 0.005182627 0.259405759 246.2418 0.025118894 0.051004172 0.005 10540.8 1296 11232 34560 19872 0.017389 151.8426
36786 730746 18.97197735 8.315286686 11.57326922 0.005423822 0.01561822 0.077508722 0.360916361 2.4670327 1.418137086 1.275077332 0.00347389 0.085747525 0.39592064 0.500755579 0.232523468 0.007198343 1.07749757 0.007302668 0.251942001 244.314 0.025056673 0.051001039 0.005 34041.6 1814.4 13651.2 34560 19872 0.018215 171.43812
36787 730747 18.93514776 8.31691358 11.52993983 0.005558164 0.015724591 0.077798117 0.364485106 2.425897096 1.397000554 1.277075099 0.003552314 0.084365052 0.383816159 0.49847911 0.246187406 0.006960685 1.048518519 0.009721538 0.243623974 242.3862 0.025 0.051 0.005 34041.6 1814.4 13651.2 34560 19872 0.019084 120.34008
36788 730748 18.89392665 8.318661412 11.48632732 0.005704599 0.015829567 0.078125305 0.36843178 2.38158689 1.375880257 1.279275367 0.00363867 0.083076909 0.370700718 0.496361459 0.260275028 0.00670305 1.017385272 0.012412517 0.23460674 240.4584 0.024946372 0.05113037 0.005 18835.2 1296 11232 34560 19872 0.019992 135.64908
36789 730749 18.84865446 8.320495627 11.4423835 0.005860838 0.015932267 0.078488488 0.372710675 2.334944574 1.354989834 1.28165013 0.003731855 0.08186863 0.35680171 0.494362442 0.274583876 0.006429868 0.984713314 0.015348885 0.225045363 238.518 0.024893349 0.05150963 0.005 15811.2 1296 11232 34560 19872 0.020936 40.43844
36790 730750 18.79967167 8.322381672 11.39806015 0.00602459 0.016031811 0.078885869 0.377276085 2.286812642 1.334542925 1.284171381 0.003830764 0.08072575 0.342346529 0.492441872 0.288911487 0.006145569 0.95111813 0.018503924 0.215094905 236.5776 0.024841017 0.05212 0.005 15811.2 1814.4 13651.2 34560 19872 0.021911 17.73576
36791 730751 18.74731873 8.324284994 11.35330907 0.006193565 0.016127318 0.07931565 0.382082303 2.238033589 1.314753171 1.286811113 0.003934293 0.079633803 0.327562569 0.490559563 0.303055403 0.005854584 0.917215204 0.021850915 0.204910427 234.6372 0.02478946 0.052943704 0.005 15811.2 1814.4 13651.2 34560 19872 0.022913 100.85796
36792 730752 18.69193611 8.32617104 11.30808203 0.006365472 0.016217908 0.079776034 0.387083621 2.189449908 1.295834212 1.289541319 0.004041339 0.078578325 0.312677223 0.488675331 0.316813162 0.005561343 0.883620019 0.025363139 0.194646992 232.6842 0.024738764 0.053962963 0.005 13046.4 1296 11232 34560 19872 0.023938 44.58888
36793 730753 18.63386427 8.328005255 11.26233085 0.00653802 0.0163027 0.080265223 0.392234333 2.141904093 1.277999688 1.292333991 0.004150797 0.077544851 0.297917885 0.486748988 0.329982304 0.005270276 0.850948062 0.029013877 0.184459664 230.7312 0.024689014 0.05516 0.005 13046.4 1296 11232 34560 19872 0.024983 80.33256
36794 730754 18.57344368 8.329753086 11.21600729 0.00670892 0.016380814 0.080781419 0.397488731 2.096238637 1.26146324 1.295161124 0.004261563 0.076518914 0.283511947 0.48474035 0.342360369 0.004985814 0.819814815 0.03277641 0.174503503 228.7782 0.024640295 0.056517037 0.005 13046.4 1296 11232 34560 19872 0.026043 102.64968
36795 730755 18.51101479 8.331379981 11.16906317 0.006875881 0.01645137 0.081322824 0.402801108 2.053296035 1.246438508 1.297994709 0.004372535 0.075486049 0.269686804 0.482609231 0.353744897 0.004712388 0.790835763 0.036624018 0.164933573 226.8252 0.024592692 0.058016296 0.005 8208 1296 11232 34560 19872 0.027114 81.71604
36796 730756 18.44691808 8.332851384 11.12145026 0.007036613 0.016513486 0.081887642 0.408125757 2.01391878 1.233139131 1.300806739 0.004482606 0.074431792 0.256669849 0.480315444 0.363933427 0.004454427 0.76462639 0.040529984 0.155904937 224.8722 0.02454629 0.05964 0.005 8208 1296 11232 34560 19872 0.028192 11.27196
36797 730757 18.38149401 8.334132743 11.07312036 0.007188824 0.016566283 0.082474075 0.413416971 1.978949367 1.221778751 1.303569209 0.004590675 0.073341677 0.244688476 0.477818804 0.372723499 0.004216362 0.741802181 0.044467587 0.147572655 222.9192 0.024501174 0.06137037 0.005 8208 1296 11232 34560 19872 0.029273 23.95008
36798 730758 18.31508303 8.335189504 11.02402526 0.007330226 0.01660888 0.083080325 0.418629042 1.949230288 1.212571008 1.30625411 0.004695635 0.072201239 0.233970077 0.475079126 0.379912653 0.004002623 0.72297862 0.048410109 0.140091792 220.9662 0.024457429 0.06318963 0.005 8208 1296 11232 34560 19872 0.030353 15.9894
36799 730759 18.24802562 8.335987114 10.97411675 0.007458527 0.016640397 0.083704594 0.423716265 1.925604038 1.205729542 1.308833436 0.004796385 0.070996013 0.224742047 0.472056223 0.385298428 0.00381764 0.708771191 0.052330832 0.133617409 219.0006 0.024415141 0.06508 0.005 8208 1296 11232 34560 19872 0.031428 64.32048
36800 730760 18.18066223 8.33649102 10.92334662 0.007571438 0.016659952 0.084345085 0.428632931 1.908913111 1.201467992 1.311279179 0.004891819 0.069711532 0.217231779 0.468709909 0.388678364 0.003665845 0.699795378 0.056203035 0.128304568 217.0476 0.024374394 0.067023704 0.005 34041.6 3110.4 13651.2 34560 19872 0.032494 71.28324
36801 730761 18.11333333 8.336666667 10.87166667 0.007666667 0.016666667 0.085 0.433333333 1.9 1.2 1.313563333 0.004980833 0.068333333 0.211666667 0.465 0.38985 0.003551667 0.696666667 0.06 0.124308333 215.0946 0.024335274 0.069002963 0.005 83635.2 3110.4 13651.2 34560 19872 0.033547 9.14004
36802 730762 18.04054049 8.336114724 10.81758364 0.007752513 0.016656493 0.085765392 0.438010016 1.895404127 1.200156389 1.31572496 0.005067431 0.06686638 0.207224325 0.460576006 0.389452487 0.003458285 0.696694789 0.063822711 0.12103997 213.1416 0.024297865 0.071 0.005 55641.6 1814.4 11232 34560 19872 0.034583 109.74852
36803 730763 17.95688286 8.334492863 10.75979181 0.00783873 0.016626597 0.086736499 0.442879059 1.891094752 1.200620617 1.317825001 0.005156248 0.065328511 0.202927876 0.45514889 0.38828441 0.003365959 0.696780065 0.067788445 0.117808568 211.2012 0.024262253 0.072997037 0.005 34041.6 1814.4 11232 34560 19872 0.035603 130.13784
36804 730764 17.86284727 8.33185203 10.69852422 0.007925207 0.016577918 0.087910307 0.447930063 1.88705913 1.201385278 1.319868271 0.005247132 0.063724567 0.198772975 0.448770649 0.386382463 0.003274741 0.696923854 0.071894925 0.114615924 209.2482 0.024228523 0.074976296 0.005 25574.4 1814.4 11232 34560 19872 0.03661 111.33612
36805 730765 17.75892055 8.328243176 10.63401392 0.008011833 0.016511395 0.089283797 0.453152626 1.883284515 1.202442965 1.321859581 0.00533993 0.062059391 0.194755275 0.441493274 0.38378334 0.003184681 0.697127519 0.076139874 0.111463834 207.3078 0.02419676 0.07692 0.005 22118.4 1814.4 11232 34560 19872 0.037603 134.28828
36806 730766 17.64558955 8.323717247 10.56649397 0.008098498 0.016427968 0.090853954 0.458536348 1.87975816 1.203786271 1.323803747 0.005434488 0.060337826 0.190870433 0.433368761 0.380523733 0.003095831 0.697392421 0.080521012 0.108354095 205.3674 0.02416705 0.07881037 0.005 34041.6 1814.4 13651.2 34560 19872 0.038587 109.83924
36807 730767 17.5233411 8.318325194 10.49619741 0.008185092 0.016328575 0.09261776 0.464070829 1.87646732 1.205407788 1.32570558 0.005530655 0.058564714 0.187114102 0.424449102 0.376640336 0.003008243 0.69771992 0.085036063 0.105288503 203.4396 0.024139476 0.08062963 0.005 34041.6 2419.2 13651.2 34560 19872 0.039561 80.46864
36808 730768 17.39266203 8.312117964 10.4233573 0.008271505 0.016214156 0.0945722 0.469745666 1.873399247 1.207300111 1.327569895 0.005628278 0.056744897 0.183481936 0.414786293 0.372169844 0.002921967 0.69811138 0.08968275 0.102268855 201.5118 0.024114124 0.08236 0.005 34041.6 1814.4 11232 34560 19872 0.040529 33.15816
36809 730769 17.25403918 8.305146506 10.34820668 0.008357627 0.01608565 0.096714256 0.47555046 1.870541197 1.209455832 1.329401505 0.005727203 0.054883218 0.17996959 0.404432327 0.367148948 0.002837056 0.69856816 0.094458793 0.099296947 199.584 0.02409108 0.083983704 0.005 34041.6 1814.4 11232 34560 19872 0.041491 60.8958
36810 730770 17.10795938 8.297461769 10.27097861 0.008443346 0.015943996 0.099040913 0.48147481 1.867880423 1.211867543 1.331205223 0.005827278 0.05298452 0.176572719 0.393439198 0.361614344 0.002753559 0.699091621 0.099361916 0.096374576 197.6688 0.024070428 0.085482963 0.005 46224 2419.2 13651.2 34560 19872 0.042451 61.4628
36811 730771 16.95490947 8.289114701 10.19190614 0.008528553 0.015790133 0.101549153 0.487508314 1.865404179 1.214527839 1.332985862 0.00592835 0.051053644 0.173286977 0.3818589 0.355602724 0.00267153 0.699683127 0.10438984 0.093503538 195.7536 0.024052253 0.08684 0.005 46224 3110.4 16156.8 34560 19872 0.043409 120.34008
36812 730772 16.79537629 8.28015625 10.11122231 0.008613137 0.015625 0.10423596 0.493640573 1.863099719 1.217429312 1.334748237 0.006030267 0.049095433 0.170108019 0.369743427 0.349150781 0.002591018 0.700344037 0.109540289 0.09068563 193.851 0.024036642 0.088037037 0.005 41990.4 2419.2 13651.2 34560 19872 0.044367 64.50192
36813 730773 16.62984666 8.270637365 10.02916017 0.008696989 0.015449537 0.107098318 0.499861186 1.860954297 1.220564556 1.336497159 0.006132874 0.04711473 0.167031498 0.357144772 0.34229521 0.002512076 0.701075713 0.114810984 0.087922647 191.9484 0.024023678 0.089056296 0.005 34041.6 2419.2 13651.2 34560 19872 0.045328 125.94204
36814 730774 16.45880743 8.260608995 9.945952783 0.008779998 0.015264682 0.11013321 0.506159751 1.858955166 1.223926162 1.338237444 0.006236021 0.045116377 0.164053071 0.344114931 0.335072704 0.002434754 0.701879516 0.120199647 0.085216387 190.0584 0.024013446 0.08988 0.005 34041.6 2419.2 13651.2 34560 19872 0.046293 117.86796
36815 730775 16.28274543 8.250122089 9.861833191 0.008862053 0.015071375 0.113337619 0.512525868 1.85708958 1.227506726 1.339973903 0.006339553 0.043105216 0.16116839 0.330705896 0.327519957 0.002359104 0.702756809 0.125704001 0.082568647 188.1684 0.024006033 0.09049037 0.005 25574.4 1814.4 13651.2 34560 19872 0.047264 116.03088
36816 730776 16.1021475 8.239227594 9.777034446 0.008943044 0.014870555 0.116708528 0.518949137 1.855344794 1.231298838 1.341711351 0.006443319 0.041086091 0.158373111 0.316969662 0.319673661 0.002285178 0.703708951 0.131321769 0.079981222 186.3036 0.024001522 0.09086963 0.005 18835.2 1814.4 13651.2 34560 19872 0.048242 36.26532
36817 730777 15.91750046 8.227976459 9.691789598 0.009022862 0.014663161 0.120242922 0.525419156 1.853708062 1.235295094 1.3434546 0.006547164 0.039063842 0.155662888 0.302958222 0.311570511 0.002213026 0.704737304 0.137050671 0.077455909 184.4388 0.024 0.091 0.005 18835.2 1814.4 13651.2 34560 19872 0.049231 108.8176749
36818 730778 15.72929116 8.216419633 9.606331697 0.009101395 0.014450131 0.123937784 0.531925524 1.852166636 1.239488085 1.345208464 0.006650937 0.037043313 0.153033376 0.288723571 0.3032472 0.0021427 0.705843231 0.142888432 0.074994504 182.574 0.024045439 0.090996413 0.005020448 18835.2 1814.4 11232 34560 19872 0.05023 105.18984
36819 730779 15.53800643 8.204608064 9.520893794 0.009178534 0.014232407 0.127790097 0.538457842 1.850707772 1.243870405 1.346977757 0.006754485 0.035029347 0.150480228 0.274317703 0.294740421 0.002074252 0.707028091 0.148832772 0.072598804 180.7344 0.024178326 0.090985711 0.005080247 18835.2 1814.4 11232 34560 19872 0.051243 29.484
36820 730780 15.34413311 8.192592701 9.435708938 0.009254168 0.014010925 0.131796845 0.545005708 1.849318723 1.248434646 1.348767292 0.006857655 0.033026785 0.147999101 0.259792611 0.286086868 0.002007732 0.708293246 0.154881414 0.070270606 178.8948 0.024393519 0.090967978 0.005177083 18835.2 1814.4 11232 34560 19872 0.052272 75.8646
36821 730781 15.14815803 8.180424493 9.351010181 0.009328186 0.013786627 0.13595501 0.551558721 1.847986742 1.253173403 1.350581882 0.006960293 0.03104047 0.145585647 0.24520029 0.277323234 0.001943192 0.709640059 0.161032081 0.068011706 177.0804 0.024685871 0.090943301 0.005308642 18835.2 1814.4 11232 34560 19872 0.053317 27.17064
36822 730782 14.95056802 8.168154387 9.267030571 0.009400479 0.01356045 0.140261577 0.558106482 1.846699085 1.258079267 1.35242634 0.007062248 0.029075244 0.143235522 0.230592733 0.268486214 0.001880683 0.711069889 0.167282495 0.0658239 175.266 0.02505024 0.090911766 0.005472608 18835.2 1814.4 11232 34560 19872 0.05438 59.46696
36823 730783 14.75184993 8.155833333 9.18400316 0.009470937 0.013333333 0.144713529 0.564638588 1.845443004 1.263144832 1.354305481 0.007163366 0.02713595 0.14094438 0.216021935 0.2596125 0.001820257 0.712584098 0.173630377 0.063708986 173.4642 0.025481481 0.090873457 0.005666667 18835.2 1814.4 11232 34560 19872 0.055465 10.38744
36824 730784 14.55249058 8.143512279 9.102160998 0.009539448 0.013106217 0.149307849 0.571144639 1.844205753 1.268362692 1.356224116 0.007263495 0.025227431 0.138707875 0.201539889 0.250738786 0.001761965 0.714184049 0.180073451 0.061668758 171.675 0.025974451 0.090828461 0.005888503 15811.2 1814.4 11232 34560 19872 0.056572 14.8554
36825 730785 14.35297682 8.131242174 9.021737134 0.009605904 0.01288004 0.154041521 0.577614235 1.842974587 1.273725439 1.358187061 0.007362482 0.023354528 0.136521663 0.187198589 0.241901766 0.001705858 0.715871101 0.186609439 0.059705014 169.8984 0.026524005 0.090776863 0.006135802 13046.4 1814.4 11232 34560 19872 0.057703 50.50836
36826 730786 14.15379547 8.119073965 8.94296462 0.009670192 0.012655741 0.158911528 0.584036975 1.841736759 1.279225665 1.360199127 0.007460174 0.021522085 0.134381397 0.173050029 0.233138132 0.001651987 0.717646616 0.193236062 0.057819551 168.1344 0.027125 0.09071875 0.00640625 13046.4 1814.4 11232 34560 19872 0.058861 24.53976
36827 730787 13.95543337 8.107058603 8.866076505 0.009732204 0.01243426 0.163914854 0.590402457 1.840479524 1.284855966 1.362265128 0.007556418 0.019734943 0.132282732 0.159146204 0.224484579 0.001600405 0.719511956 0.199951043 0.056014165 166.3956 0.027772291 0.090654207 0.006697531 13046.4 1814.4 11232 34560 19872 0.060046 40.05288
36828 730788 13.75837737 8.095247034 8.791305839 0.009791828 0.012216535 0.169048482 0.596700282 1.839190135 1.290608932 1.364389879 0.007651061 0.017997945 0.130221322 0.145539107 0.2159778 0.001551161 0.721468482 0.206752105 0.054290652 164.6568 0.028460734 0.090583319 0.00700733 13046.4 1814.4 11232 34560 19872 0.061261 56.67732
36829 730789 13.56311428 8.083690208 8.718885674 0.009848955 0.012003506 0.174309395 0.602920048 1.837855846 1.296477158 1.366578191 0.007743951 0.016315934 0.128192823 0.132280731 0.207654489 0.001504309 0.723517555 0.213636969 0.052650808 162.9432 0.029185185 0.090506173 0.007333333 34041.6 1814.4 11232 34560 19872 0.062508 75.5244
36830 730790 13.37013096 8.072439073 8.649049058 0.009903475 0.011796112 0.179694578 0.609051355 1.83646391 1.302453236 1.368834879 0.007834935 0.014693751 0.126192888 0.119423072 0.199551339 0.001459898 0.725660537 0.220603359 0.051096431 161.2422 0.029940501 0.090422854 0.007673225 55641.6 2419.2 13651.2 34560 19872 0.063788 61.28136
36831 730791 13.17991422 8.061544578 8.582029043 0.009955276 0.011595292 0.185201013 0.615083802 1.835001583 1.30852976 1.371164755 0.007923859 0.01313624 0.124217172 0.107018123 0.191705043 0.00141798 0.727898789 0.227648995 0.049629317 159.5538 0.030721536 0.090333448 0.008024691 83635.2 3110.4 16156.8 8160 19872 0.065104 36.855
36832 730792 12.99295092 8.051057671 8.518058678 0.010004249 0.011401985 0.190825683 0.621006988 1.833456117 1.314699323 1.373572634 0.008010572 0.011648243 0.12226133 0.095117878 0.184152296 0.001378607 0.730233672 0.234771601 0.048251262 157.878 0.031523148 0.09023804 0.008385417 55641.6 3888 16156.8 8160 19872 0.066456 54.56808
36833 730793 12.80972788 8.041029301 8.457371014 0.010050283 0.01121713 0.196565573 0.626810513 1.831814767 1.320954517 1.376063328 0.008094921 0.010234601 0.120321016 0.083774331 0.17692979 0.00134183 0.732666548 0.241968899 0.046964063 156.2274 0.032340192 0.090136717 0.008753086 55641.6 4838.4 16156.8 8160 19872 0.067848 11.52144
36834 730794 12.63073194 8.031510417 8.400199102 0.010093268 0.011041667 0.202417666 0.632483975 1.830064786 1.327287937 1.378641651 0.008176752 0.008900159 0.118391884 0.073039476 0.170074219 0.0013077 0.735198777 0.24923861 0.045769515 154.5894 0.033167524 0.090029564 0.009125386 134784 5788.8 18662.4 8160 19872 0.06928 73.73268
36835 730795 12.45644993 8.022551966 8.34677599 0.010133094 0.010876534 0.208378945 0.638016974 1.828193429 1.333692174 1.381312417 0.008255912 0.007649757 0.116469589 0.062965306 0.163622276 0.001276269 0.737831722 0.256578458 0.044669417 152.9766 0.034 0.089916667 0.0095 83635.2 3888 16156.8 8160 19872 0.070755 46.24452
36836 730796 12.2873687 8.014204898 8.29733473 0.010169651 0.010722671 0.214446394 0.64339911 1.826187949 1.340159821 1.384080438 0.00833225 0.006488239 0.114549786 0.053603816 0.157610656 0.001247588 0.740566744 0.263986165 0.043665563 151.3764 0.034832476 0.089798111 0.009874614 66009.6 4838.4 16156.8 8160 19872 0.072275 15.55848
36837 730797 12.12397506 8.00652016 8.252108372 0.010202827 0.010581017 0.220616996 0.648619981 1.8240356 1.346683473 1.386950528 0.008405612 0.005420447 0.112628129 0.045007 0.152076052 0.001221707 0.743405203 0.271459452 0.042759752 149.7888 0.035659808 0.089673983 0.010246914 368928 10540.8 29980.8 8160 19872 0.07384 19.30068
36838 730798 11.96675587 7.999548702 8.211329966 0.010232514 0.010452511 0.226887734 0.653669186 1.821723636 1.353255722 1.3899275 0.008475845 0.004451223 0.110700272 0.037226852 0.147055156 0.001198679 0.746348461 0.278996043 0.041953778 148.2264 0.036476852 0.089544367 0.010614583 166752 5788.8 36201.6 8160 19872 0.075454 11.72556
36839 730799 11.81619795 7.993341473 8.175232562 0.0102586 0.010338092 0.233255592 0.658536326 1.819239312 1.359869161 1.393016168 0.008542797 0.00358541 0.10876187 0.030315365 0.142584664 0.001178555 0.74939788 0.286593658 0.041249439 146.6892 0.037278464 0.089409351 0.010975309 112320 3888 29980.8 8160 19872 0.077118 15.309
36840 730800 11.67278815 7.987949419 8.144049211 0.010280976 0.010238699 0.239717554 0.663210998 1.81656988 1.366516383 1.396221345 0.008606315 0.00282785 0.106808578 0.024324534 0.138701267 0.001161387 0.752554821 0.294250022 0.040648531 145.1646 0.038059499 0.089269019 0.011326775 75513.6 3888 24105.6 8160 19872 0.078834 17.84916
36841 730801 11.53701328 7.983423491 8.118012962 0.01029953 0.010155272 0.246270602 0.667682804 1.813702595 1.373189982 1.399547844 0.008666246 0.002183386 0.10483605 0.019306352 0.13544166 0.001147224 0.755820645 0.301962855 0.04015285 143.6652 0.038814815 0.089123457 0.011666667 53827.2 3110.4 18662.4 8160 19872 0.080603 11.65752
36842 730802 11.4093602 7.979814637 8.097356867 0.010314154 0.010088749 0.252911721 0.67194134 1.81062471 1.37988255 1.403000479 0.008722436 0.001656859 0.10283994 0.015312814 0.132842537 0.00113612 0.759196714 0.309729881 0.039764194 142.1784 0.039539266 0.088972751 0.01199267 43804.8 2419.2 13651.2 8160 19872 0.082428 35.87976
36843 730803 11.29031574 7.977173804 8.082313974 0.010324736 0.01004007 0.259637893 0.675976208 1.807323481 1.38658668 1.406584064 0.008774734 0.001253114 0.100815903 0.012395913 0.13094059 0.001128125 0.762684388 0.317548821 0.039484358 140.7294 0.040227709 0.088816987 0.012302469 43804.8 2419.2 13651.2 8160 19872 0.08431 33.27156
36844 730804 11.18036673 7.975551942 8.073117335 0.010331166 0.010010174 0.266446103 0.679777006 1.803786159 1.393294966 1.410303411 0.008822987 0.000976991 0.098759594 0.010607644 0.129772513 0.00112329 0.76628503 0.325417398 0.039315139 139.2804 0.040875 0.08865625 0.01259375 87264 3110.4 18662.4 8160 19872 0.086251 22.31712
36845 730805 11.08 7.975 8.07 0.010333333 0.01 0.273333333 0.683333333 1.8 1.4 1.414163333 0.008867042 0.000833333 0.096666667 0.01 0.129375 0.001121667 0.77 0.333333333 0.039258333 137.8692 0.041475995 0.088490626 0.012864198 112320 4838.4 24105.6 8160 19872 0.088253 9.57096
36846 730806 10.98481128 7.975 8.078114484 0.010333333 0.01 0.281119828 0.686813276 1.795271815 1.407185735 1.418410459 0.008907395 0.00075861 0.094532941 0.010028774 0.129811149 0.001125088 0.791534828 0.341524055 0.039378079 136.4832 0.042025549 0.088320202 0.013111497 149472 5788.8 29980.8 8160 19872 0.090396 51.34752
36847 730807 10.89028519 7.975 8.101431368 0.010333333 0.01 0.290509452 0.69037155 1.789040852 1.415278069 1.423274692 0.008944848 0.000686195 0.092364974 0.010113317 0.13105984 0.001134854 0.845996097 0.35018767 0.039719897 135.1098 0.042518519 0.088145062 0.013333333 112320 4838.4 24105.6 8160 19872 0.092757 76.47696
36848 730808 10.79674195 7.975 8.138410796 0.010333333 0.01 0.301324623 0.693977696 1.781493017 1.424182515 1.42873576 0.008979709 0.000616286 0.090174527 0.010250965 0.133031436 0.001150219 0.929486748 0.359277923 0.040257663 133.7742 0.04294976 0.087965292 0.013527392 124416 3888 29980.8 8160 19872 0.095333 48.05892
36849 730809 10.70450174 7.975 8.187512914 0.010333333 0.01 0.313387756 0.697601257 1.772814218 1.433804588 1.434773389 0.009012283 0.00054908 0.08797336 0.010439051 0.135636304 0.001170436 1.038109723 0.368748559 0.040965249 132.4512 0.043314129 0.087780979 0.013691358 87264 3888 26956.8 8160 19872 0.098122 81.12636
36850 730810 10.61388476 7.975 8.247197869 0.010333333 0.01 0.326521268 0.701211776 1.763190362 1.4440498 1.441367308 0.009042877 0.000484775 0.085773234 0.010674909 0.138784809 0.001194758 1.167967963 0.37855332 0.041816529 131.1534 0.043606481 0.087592207 0.013822917 34300.8 3888 29980.8 8160 19872 0.10112 66.63384
36851 730811 10.52521123 7.975 8.315925806 0.010333333 0.01 0.340547576 0.704778795 1.752807356 1.454823666 1.448497244 0.009071795 0.00042357 0.083585909 0.010955873 0.142387314 0.001222439 1.315164409 0.388645953 0.042785378 129.8934 0.043821674 0.087399063 0.013919753 292032 10540.8 63936 8160 19872 0.10432 81.85212
36852 730812 10.43880135 7.975 8.392156871 0.010333333 0.01 0.355289094 0.708271857 1.741851107 1.466031698 1.456142925 0.009099345 0.000365662 0.081423146 0.011279276 0.146354185 0.001252733 1.475802003 0.3989802 0.043845669 128.646 0.043954561 0.087201632 0.013979552 176256 5788.8 24105.6 8160 19872 0.10773 61.0092
36853 730813 10.3549753 7.975 8.474351209 0.010333333 0.01 0.37056824 0.711660503 1.730507521 1.477579411 1.464284078 0.009125833 0.000311249 0.079296705 0.011642454 0.150595787 0.001284894 1.645983687 0.409509806 0.044971275 127.4364 0.044 0.087 0.014 112320 4838.4 13651.2 8160 19872 0.11134 26.39952
36854 730814 10.2740533 7.975 8.560968966 0.010333333 0.01 0.38620743 0.714914277 1.718962507 1.489372317 1.47290043 0.009151565 0.000260529 0.077218348 0.012042739 0.155022484 0.001318173 1.821812401 0.420188515 0.046136071 126.2394 0.043893004 0.086720222 0.013919753 75513.6 3888 13651.2 8160 19872 0.11515 29.12112
36855 730815 10.19635554 7.975 8.650470289 0.010333333 0.01 0.402029081 0.71800272 1.707401971 1.501315931 1.48197171 0.009176846 0.000213701 0.075199834 0.012477467 0.159544642 0.001351827 1.999391087 0.430970071 0.047313929 125.0802 0.043588477 0.086300869 0.013691358 87264 3888 13651.2 8160 19872 0.11915 10.571904
36856 730816 10.12220223 7.975 8.741315322 0.010333333 0.01 0.417855608 0.720895375 1.696011821 1.513315765 1.491477645 0.009201983 0.000170961 0.073252924 0.01294397 0.164072626 0.001385106 2.174822686 0.441808219 0.048478725 123.9462 0.043111111 0.085760802 0.013333333 81302.4 3110.4 13651.2 8160 19872 0.12335 18.32544
36857 730817 10.05191357 7.975 8.831964212 0.010333333 0.01 0.433509427 0.723561784 1.684977962 1.525277333 1.501397962 0.009227282 0.000132509 0.071389379 0.013439583 0.1685168 0.001417267 2.344210141 0.452656703 0.049604331 122.84118 0.042485597 0.085118884 0.012864198 64368 3110.4 13651.2 8160 19872 0.12774 34.29216
36858 730818 9.985809762 7.975 8.920877104 0.010333333 0.01 0.448812956 0.72597149 1.674486303 1.537106149 1.511712389 0.009253049 9.85E-05 0.069620959 0.013961639 0.172787529 0.001447561 2.503656391 0.463469266 0.050664622 121.76388 0.041736626 0.084393976 0.012302469 53827.2 3110.4 11232 8160 19872 0.13231 1.88244
36859 730819 9.924211002 7.975 9.006514144 0.010333333 0.01 0.46358861 0.728094036 1.664722751 1.548707726 1.522400653 0.009279591 6.93E-05 0.067959425 0.014507474 1.77E-01 0.001475242 2.649264379 0.474199654 0.051633471 120.71682 0.040888889 0.083604938 0.011666667 43804.8 3110.4 11232 8160 19872 0.13707 3.99168
36860 730820 9.867437493 7.975 9.087335478 0.010333333 0.01 0.477658806 0.729898963 1.655873212 1.559987577 1.533442482 0.009307213 4.49E-05 0.066416538 0.01507442 1.80E-01 0.001499564 2.777137047 0.48480161 0.052484751 119.7 0.039967078 0.082770633 0.010975309 34300.8 3110.4 11232 8160 19872 0.14201 69.9678
36861 730821 9.815809437 7.975 9.161801252 0.010333333 0.01 0.49084596 0.731355813 1.648123594 1.570851217 1.544817604 0.009336221 2.55E-05 0.065004058 0.015659811 1.84E-01 0.001519781 2.883377334 0.495228878 0.053192337 118.70586 0.038995885 0.081909922 0.010246914 26784 3110.4 11232 28892.90323 14515.2 0.14713 51.66504
36862 730822 9.769647035 7.975 9.22837161 0.010333333 0.01 0.502972489 0.73243413 1.641659803 1.581204158 1.556505746 0.009366922 1.15E-05 0.063733746 0.016260983 1.86E-01 0.001535146 2.964088183 0.505435203 0.053730103 117.72558 0.038 0.081041667 0.0095 20563.2 3110.4 11232 28892.90323 14515.2 0.15243 45.99504
36863 730823 9.729270489 7.975 9.2855067 0.010333333 0.01 0.513860808 0.733103456 1.636667747 1.590951915 1.568486635 0.009399621 2.90E-06 0.062617362 0.016875267 1.88E-01 0.001544912 3.015372536 0.515374329 0.054071921 116.75916 0.037004115 0.080184728 0.008753086 20563.2 2419.2 11232 28892.90323 14515.2 0.1579 29.64276
36864 730824 9.695 7.975 9.331666667 0.010333333 0.01 0.523333333 0.733333333 1.633333333 1.6 1.58074 0.009434625 0 0.061666667 0.0175 1.90E-01 0.001548333 3.033333333 0.525 0.054191667 115.8066 0.036032922 0.079357968 0.008024691 20563.2 2419.2 11232 28892.90323 14515.2 0.16354 14.22036
36865 730825 9.66400758 7.974995787 9.37169562 0.010335335 0.010002458 0.532033515 0.733245557 1.630902518 1.608690236 1.593871009 0.009471675 0 0.060805609 0.018568637 0.19069934 0.001548328 3.033160866 0.534508853 0.054191476 114.8679 0.035111111 0.078580247 0.007333333 20563.2 2419.2 11232 28892.90323 14515.2 0.1697 6.32772
36866 730826 9.633252053 7.974983242 9.41146416 0.010341293 0.010009776 0.540722483 0.732984207 1.628497262 1.617426087 1.608480312 0.009510286 0 0.059950312 0.020507678 0.191623216 0.001548311 3.032645373 0.544126235 0.0541909 113.94306 0.034263374 0.077870428 0.006697531 17971.2 2419.2 11232 28892.90323 14515.2 0.17671 36.08388
36867 730827 9.602733839 7.974962508 9.450972162 0.010351142 0.01002187 0.549399181 0.73255225 1.626117479 1.626205529 1.624540863 0.009550427 0 0.059100803 0.023304017 0.192522064 0.001548284 3.031789716 0.553848956 0.054189935 113.02956 0.033514403 0.077247371 0.006135802 23500.8 1814.4 11232 28892.90323 14515.2 0.18456 32.61384
36868 730828 9.572453358 7.974933727 9.490219507 0.010364813 0.010038659 0.558062548 0.731952653 1.623763085 1.635026536 1.642025611 0.009592066 0 0.058257108 0.026944551 0.193396318 0.001548245 3.030596759 0.563673825 0.054188573 112.1274 0.032888889 0.076729938 0.005666667 59011.2 1814.4 11232 28892.90323 14515.2 0.19323 20.68416
36869 730829 9.542411028 7.974897042 9.529206071 0.010382238 0.010060059 0.566711526 0.731188382 1.621433992 1.643887084 1.660907507 0.009635171 0 0.057419251 0.031416173 0.194246415 0.001548195 3.029069364 0.573597653 0.054186811 111.23784 0.032411523 0.076336991 0.005308642 99360 1814.4 11232 28892.90323 14515.2 0.20271 31.61592
36870 730830 9.51260727 7.974852596 9.567931732 0.01040335 0.010085986 0.575345055 0.730262406 1.619130115 1.652785148 1.681159504 0.009679709 0 0.056587258 0.036705781 0.195072791 0.001548133 3.027210395 0.583617249 0.054184642 110.35962 0.032106996 0.076087391 0.005080247 106272 1814.4 11232 28892.90323 14515.2 0.21299 58.2876
36871 730831 9.483042502 7.974800529 9.606396369 0.010428082 0.010116358 0.583962079 0.729177692 1.616851368 1.661718704 1.702754553 0.00972565 0 0.055761155 0.04280027 0.19587588 0.001548059 3.025022714 0.593729423 0.054182061 109.49274 0.032 0.076 0.005 99360 1814.4 11232 28892.90323 14515.2 0.22404 32.79528
36872 730832 9.453717145 7.974740986 9.64459986 0.010456365 0.010151092 0.592561536 0.727937206 1.614597666 1.670685726 1.725665604 0.00977296 0 0.054940967 0.049686535 0.196656119 0.001547973 3.022509185 0.603930985 0.054179063 108.63594 0.032009619 0.076109053 0.005 99360 1814.4 11232 28892.90323 14515.2 0.23585 14.81004
36873 730833 9.424631618 7.974674108 9.682542082 0.010488132 0.010190104 0.601142369 0.726543915 1.612368921 1.67968419 1.749865609 0.009821609 0 0.054126721 0.057351471 0.197413943 0.001547875 3.019672669 0.614218745 0.054175642 107.78796 0.032038171 0.076427984 0.005 81302.4 1814.4 11232 28892.90323 14515.2 0.24841 59.1948
36874 730834 9.39578634 7.974600038 9.720222914 0.010523315 0.010233311 0.609703519 0.725000786 1.610165049 1.688712072 1.775327518 0.009871564 0 0.053318441 0.065781974 0.198149788 0.001547766 3.016516031 0.624589512 0.054171793 106.95006 0.032085198 0.076944444 0.005 64368 1814.4 11232 28892.90323 14515.2 0.2617 74.23164
36875 730835 9.367181732 7.974518918 9.757642233 0.010561847 0.010280631 0.618243927 0.723310787 1.607985964 1.697767346 1.802024285 0.009922794 0 0.052516154 0.074964939 0.19886409 0.001547643 3.013042132 0.635040096 0.054167511 106.12224 0.03215024 0.077646091 0.005 69897.6 2419.2 13651.2 28892.90323 14515.2 0.2757 6.75864
36876 730836 9.338818212 7.97443089 9.794799917 0.01060366 0.010331981 0.626762533 0.721476885 1.605831579 1.706847989 1.829928858 0.009975266 0 0.051719885 0.084887263 0.199557284 0.001547508 3.009253835 0.645567308 0.05416279 105.30198 0.03223284 0.078520576 0.005 99360 2419.2 13651.2 28892.90323 14515.2 0.29041 32.81796
36877 730837 9.310696199 7.974336098 9.831695845 0.010648687 0.010387276 0.63525828 0.719502047 1.603701809 1.715951975 1.859014191 0.010028949 0 0.050929659 0.095535839 0.200229806 0.001547361 3.005154005 0.656167956 0.054157625 104.49054 0.032332538 0.079555556 0.005 81302.4 1814.4 13651.2 28892.90323 14515.2 0.3058 26.49024
36878 730838 9.282816114 7.974234683 9.868329895 0.010696859 0.010446435 0.643730108 0.717389239 1.601596567 1.725077279 1.889253234 0.01008381 0 0.050145502 0.106897565 0.200882091 0.0015472 3.000745502 0.666838851 0.054152011 103.68666 0.032448876 0.080738683 0.005 64368 1814.4 11232 28892.90323 14515.2 0.32185 25.19748
36879 730839 9.255178377 7.974126789 9.904701944 0.010748109 0.010509373 0.652176959 0.71514143 1.599515769 1.734221877 1.920618937 0.010139818 0 0.04936744 0.118959335 0.201514575 0.001547027 2.996031191 0.677576803 0.054145941 102.89034 0.032581396 0.082057613 0.005 64368 1814.4 11232 28892.90323 14515.2 0.33857 12.7008
36880 730840 9.227783405 7.974012556 9.94081187 0.010802369 0.010576009 0.660597773 0.712761585 1.597459327 1.743383744 1.953084254 0.010196941 0 0.048595499 0.131708045 0.202127694 0.00154684 2.991013934 0.688378621 0.054139412 102.10158 0.032729639 0.0835 0.005 64368 1814.4 11232 28892.90323 14515.2 0.35592 32.81796
36881 730841 9.20063162 7.973892128 9.976659552 0.010859572 0.010646259 0.668991492 0.710252672 1.595427157 1.752560856 1.986622134 0.010255147 0 0.047829703 0.14513059 0.202721883 0.00154664 2.985696595 0.699241115 0.054132416 101.31912 0.032893147 0.085053498 0.005 64368 1814.4 11232 28892.90323 14515.2 0.37389 36.80964
36882 730842 9.17372344 7.973765648 10.01224487 0.010919651 0.010720039 0.677357057 0.707617659 1.593419172 1.761751188 2.021205529 0.010314405 0 0.047070079 0.159213865 0.203297579 0.001546427 2.980082035 0.710161095 0.05412495 100.5417 0.03307146 0.086705761 0.005 59011.2 1814.4 11232 28892.90323 14515.2 0.39247 83.93868
36883 730843 9.147059285 7.973633257 10.04756769 0.010982536 0.010797267 0.685693409 0.704859512 1.591435286 1.770952715 2.05680739 0.010374681 0 0.046316653 0.173944767 0.203855216 0.0015462 2.974173118 0.721135371 0.054117007 99.77184 0.033264121 0.088444444 0.005 59011.2 1814.4 11232 28892.90323 14515.2 0.41164 14.71932
36884 730844 9.120639575 7.973495097 10.08262791 0.011048162 0.01087786 0.693999489 0.701981198 1.589475413 1.780163412 2.093400669 0.010435945 0 0.045569449 0.189310191 0.20439523 0.001545959 2.967972706 0.732160752 0.054108582 99.00576 0.033470671 0.090257202 0.005 64368 1814.4 11232 28892.90323 14515.2 0.43139 17.30484
36885 730845 9.094464729 7.973351313 10.11742539 0.01111646 0.010961734 0.702274239 0.698985684 1.587539468 1.789381255 2.130958316 0.010498164 0 0.044828493 0.205297032 0.204918058 0.001545705 2.961483663 0.743234049 0.05409967 98.24472 0.033690651 0.092131687 0.005 81302.4 2419.2 13651.2 28892.90323 14515.2 0.4517 17.96256
36886 730846 9.068535166 7.973202045 10.15196002 0.011187362 0.011048807 0.710516599 0.695875938 1.585627365 1.798604218 2.169453284 0.010561306 0 0.044093811 0.221892185 0.205424134 0.001545436 2.954708852 0.75435207 0.054090265 97.48872 0.033923603 0.094055556 0.005 99360 2419.2 13651.2 28892.90323 14515.2 0.47255 23.3604
36887 730847 9.042851306 7.973047436 10.18623167 0.011260801 0.011138995 0.718725511 0.692654927 1.583739018 1.807830278 2.208858522 0.010625341 0 0.043365429 0.239082547 0.205913895 0.001545153 2.947651135 0.765511627 0.054080362 96.7365 0.034169068 0.096016461 0.005 99360 2419.2 13651.2 28892.90323 14515.2 0.49394 7.30296
36888 730848 9.017413569 7.97288763 10.22024023 0.011336709 0.011232216 0.726899916 0.689325617 1.58187434 1.81705741 2.249146983 0.010690234 0 0.042643373 0.256855012 0.206387775 0.001544856 2.940313375 0.776709529 0.054069956 95.98806 0.034426588 0.098002058 0.005 99360 2419.2 13651.2 28892.90323 14515.2 0.51584 8.9586
36889 730849 8.992222374 7.972722767 10.25398556 0.011415019 0.011328386 0.735038755 0.685890975 1.580033246 1.826283589 2.290291617 0.010755956 0 0.041927667 0.275196476 0.206846211 0.001544544 2.932698435 0.787942585 0.054059041 95.24214 0.034695704 0.1 0.005 99360 2419.2 13651.2 28892.90323 14515.2 0.53824 6.96276
36890 730850 8.967278141 7.972552991 10.28746755 0.011495663 0.011427422 0.743140969 0.68235397 1.57821565 1.83550679 2.332265377 0.010822474 0 0.041218337 0.294093835 0.207289638 0.001544217 2.924809178 0.799207605 0.054047612 94.5 0.034975958 0.101997942 0.005 99360 2419.2 13651.2 28892.90323 14515.2 0.56112 66.93977872
36891 730851 8.942581288 7.972378443 10.32068607 0.011578573 0.011529241 0.751205499 0.678717567 1.576421467 1.844724988 2.375041212 0.010889755 0 0.04051541 0.313533983 0.207718492 0.001543876 2.916648466 0.810501399 0.054035664 93 0.035266891 0.103983539 0.005 87264 2419.2 13651.2 28892.90323 14515.2 0.58447 37.78488
36892 730852 8.918132237 7.972199267 10.35364101 0.011663681 0.011633761 0.759231287 0.674984734 1.574650609 1.853936159 2.418592075 0.010957769 0 0.03981891 0.333503818 0.208133209 0.00154352 2.908219164 0.821820778 0.05402319 94.5 0.035568044 0.105944444 0.005 81302.4 3110.4 13651.2 32330.32258 5875.2 0.60828 33.5664
36893 730853 8.893931405 7.972015605 10.38633224 0.011750921 0.011740897 0.767217274 0.671158439 1.572902993 1.863138278 2.462890916 0.011026483 0 0.039128864 0.353990233 0.208534224 0.001543148 2.899524133 0.83316255 0.054010186 95.27616 0.035878959 0.107868313 0.005 81302.4 3110.4 13651.2 32330.32258 5875.2 0.63252 8.34624
36894 730854 8.869979213 7.971827599 10.41875964 0.011840224 0.011850567 0.7751624 0.667241647 1.57117853 1.872329321 2.507910687 0.011095865 0 0.038445296 0.374980124 0.208921972 0.001542761 2.890566236 0.844523526 0.053996646 96.0561 0.036199178 0.109742798 0.005 93312 3110.4 13651.2 32330.32258 5875.2 0.65719 90.153
36895 730855 8.84627608 7.971635392 10.45092309 0.011931522 0.011962688 0.783065607 0.663237327 1.569477136 1.881507263 2.553624339 0.011165884 0 0.037768233 0.396460388 0.20929689 0.001542359 2.881348337 0.855900515 0.053982566 96.8373 0.036528242 0.111555556 0.005 93312 3110.4 13651.2 32330.32258 5875.2 0.68226 77.24808
36896 730856 8.822822426 7.971439125 10.48282246 0.012024749 0.012077177 0.790925837 0.659148444 1.567798725 1.890670078 2.600004824 0.011236507 0 0.0370977 0.418417918 0.209659413 0.001541941 2.871873298 0.867290328 0.053967938 97.62354 0.036865692 0.113294239 0.005 75513.6 3110.4 13651.2 32330.32258 5875.2 0.70772 86.84172
36897 730857 8.79961867 7.971238942 10.51445763 0.012119836 0.01219395 0.79874203 0.654977967 1.56614321 1.899815743 2.647025092 0.011307702 0 0.036433723 0.440839612 0.210009977 0.001541507 2.862143982 0.878689773 0.053952759 98.4123 0.03721107 0.114946502 0.005 75513.6 3110.4 13651.2 32330.32258 5875.2 0.73356 48.01356
36898 730858 8.776665232 7.971034985 10.54582849 0.012216715 0.012312925 0.806513127 0.650728863 1.564510507 1.908942232 2.694658094 0.011379439 0 0.035776326 0.463712364 0.210349018 0.001541058 2.852163252 0.890095662 0.053937023 99.20484 0.037563917 0.1165 0.005 99360 3888 18662.4 32330.32258 5875.2 0.75976 27.98712
36899 730859 8.75396253 7.970827397 10.57693491 0.01231532 0.012434019 0.81423807 0.646404098 1.562900528 1.918047522 2.742876783 0.011451684 0 0.035125537 0.48702307 0.21067697 0.001540592 2.84193397 0.901504803 0.053920724 100.00242 0.037923775 0.117942387 0.005 124416 5702.4 18662.4 32330.32258 5875.2 0.78631 14.42448
36900 730860 8.731510986 7.970616319 10.60777676 0.012415582 0.012557147 0.821915799 0.64200664 1.561313189 1.927129586 2.791654109 0.011524406 0 0.034481381 0.510758625 0.21099427 0.00154011 2.831459001 0.912914006 0.053903856 100.8063 0.038290185 0.119261317 0.005 124416 4752 18662.4 32330.32258 5875.2 0.81318 26.1954
36901 730861 8.709311018 7.970401894 10.63835393 0.012517434 0.012682229 0.829545257 0.637539455 1.559748403 1.936186401 2.840963023 0.011597573 0 0.033843882 0.534905924 0.211301353 0.001539612 2.820741206 0.924320082 0.053886416 101.61396 0.038662689 0.120444444 0.005 93312 3888 16156.8 32330.32258 5875.2 0.84037 11.97504
36902 730862 8.687363045 7.970184265 10.66866629 0.012620808 0.012809179 0.837125383 0.633005511 1.558206084 1.945215942 2.890776477 0.011671153 0 0.033213068 0.559451864 0.211598656 0.001539097 2.809783448 0.935719839 0.053868396 102.42918 0.039040828 0.121479424 0.005 87264 3888 13651.2 32330.32258 5875.2 0.86786 22.49856
36903 730863 8.665667488 7.969963573 10.69871372 0.012725636 0.012937916 0.84465512 0.628407774 1.556686146 1.954216184 2.941067422 0.011745114 0 0.032588962 0.58438334 0.211886613 0.001538566 2.798588591 0.947110089 0.053849793 103.2507 0.039424143 0.122353909 0.005 87264 3110.4 13651.2 32330.32258 5875.2 0.89563 24.69852
36904 730864 8.644224765 7.969739962 10.7284961 0.012831851 0.013068355 0.852133408 0.623749213 1.555188504 1.963185103 2.991808809 0.011819424 0 0.031971592 0.609687246 0.21216566 0.001538017 2.787159497 0.95848764 0.0538306 104.07852 0.039812177 0.123055556 0.005 87264 2419.2 13651.2 32330.32258 5875.2 0.92367 20.91096
36905 730865 8.623035297 7.969513574 10.75801331 0.012939386 0.013200415 0.859559189 0.619032794 1.553713072 1.972120673 3.042973589 0.011894052 0 0.031360982 0.63535048 0.212436233 0.001537452 2.775499029 0.969849302 0.053810812 104.91516 0.04020447 0.123572016 0.005 75513.6 2419.2 13651.2 32330.32258 5875.2 0.95196 8.14212
36906 730866 8.602099502 7.969284551 10.78726522 0.013048172 0.013334012 0.866931403 0.614261483 1.552259763 1.98102087 3.094534714 0.011968966 0 0.030757158 0.661359935 0.212698768 0.001536869 2.76361005 0.981191886 0.053790423 105.75936 0.040600564 0.123890947 0.005 75513.6 2419.2 11232 32330.32258 5875.2 0.98049 14.53788
36907 730867 8.581417801 7.969053036 10.81625172 0.013158141 0.013469062 0.874248992 0.609438249 1.550828492 1.98988367 3.146465135 0.012044133 0 0.030160146 0.687702508 0.2129537 0.001536269 2.751495422 0.992512201 0.053769429 106.61112 0.041 0.124 0.005 75513.6 2419.2 11232 32330.32258 5875.2 1.0092 38.91308936
36908 730868 8.560990612 7.968819171 10.84497267 0.013269227 0.013605484 0.881510897 0.604566058 1.549419173 1.998707047 3.198737803 0.012119521 0 0.029569972 0.714365094 0.213201465 0.001535652 2.73915801 1.003807057 0.053747824 107.47296 0.041468131 0.123775238 0.005 75513.6 2419.2 11232 32330.32258 5875.2 1.0382 27.26136
36909 730869 8.540818355 7.968583098 10.87342797 0.013381362 0.013743193 0.88871606 0.599647877 1.54803172 2.007488977 3.251325669 0.0121951 0 0.02898666 0.741334588 0.213442498 0.001535017 2.726600675 1.015073263 0.053725602 108.34362 0.04206306 0.123123711 0.005 75513.6 2419.2 11232 32330.32258 5875.2 1.0674 42.27552
36910 730870 8.520901451 7.96834496 10.90161748 0.013494477 0.013882106 0.89586342 0.594686673 1.546666047 2.016227436 3.304201685 0.012270836 0 0.028410237 0.768597887 0.213677235 0.001534365 2.71382628 1.02630763 0.053702758 109.22436 0.042773456 0.122079561 0.005 75513.6 3110.4 11232 32330.32258 5875.2 1.0967 27.48816
36911 730871 8.501240318 7.9681049 10.92954109 0.013608506 0.014022142 0.902951921 0.589685414 1.545322069 2.024920398 3.357338802 0.012346698 0 0.027840729 0.796141885 0.213906113 0.001533694 2.700837689 1.037506967 0.053679287 110.11518 0.043587987 0.120676929 0.005 69897.6 3110.4 11232 32330.32258 5875.2 1.1262 15.85332
36912 730872 8.481835375 7.967863059 10.95719867 0.01372338 0.014163215 0.909980501 0.584647067 1.543999699 2.033565839 3.41070997 0.012422654 0 0.02727816 0.823953477 0.214129565 0.001533005 2.687637764 1.048668085 0.053655183 111.01734 0.04449532 0.118949957 0.005 81302.4 3110.4 11232 32330.32258 5875.2 1.1558 66.52044
36913 730873 8.462687043 7.967619581 10.98459011 0.013839032 0.014305245 0.916948104 0.579574598 1.542698851 2.042161734 3.464288142 0.012498673 0 0.026722556 0.852019561 0.214348029 0.001532298 2.674229368 1.059787792 0.053630441 111.93084 0.045484123 0.116932785 0.005 81302.4 2419.2 13651.2 32330.32258 5875.2 1.1855 100.06416
36914 730874 8.443795741 7.967374607 11.01171527 0.013955395 0.014448146 0.923853669 0.574470975 1.54141944 2.050706059 3.518046269 0.012574722 0 0.026173944 0.88032703 0.21456194 0.001531573 2.660615364 1.070862899 0.053605056 112.85568 0.046543066 0.114659554 0.005 75513.6 2419.2 13651.2 32330.32258 5875.2 1.2154 128.16468
36915 730875 8.425161888 7.96712828 11.03857404 0.0140724 0.014591837 0.930696139 0.569339164 1.540161379 2.059196788 3.571957301 0.012650769 0 0.025632348 0.90886278 0.214771733 0.001530829 2.646798615 1.081890215 0.053579022 113.79312 0.047660816 0.112164406 0.005 75513.6 2419.2 13651.2 32330.32258 5875.2 1.2454 89.1324
36916 730876 8.406785904 7.966880742 11.06516629 0.014189981 0.014736234 0.937474454 0.564182134 1.538924583 2.067631897 3.62599419 0.012726782 0 0.025097795 0.937613707 0.214977844 0.001530067 2.632781984 1.092866551 0.053552333 114.7419 0.048826041 0.109481481 0.005 124416 3888 24105.6 32330.32258 5875.2 1.2754 55.20312
36917 730877 8.388668208 7.966632137 11.09149191 0.014308068 0.014881254 0.944187555 0.55900285 1.537708967 2.076009362 3.680129888 0.01280273 0 0.024570309 0.966566707 0.215180708 0.001529285 2.618568333 1.103788716 0.053524985 115.7058 0.050027409 0.106644922 0.005 195264 4752 27216 32330.32258 5875.2 1.3056 10.36476
36918 730878 8.37080922 7.966382605 11.11755076 0.014426596 0.015026813 0.950834384 0.55380428 1.536514443 2.084327157 3.734337345 0.012878581 0 0.024049917 0.995708674 0.215380762 0.001528485 2.604160525 1.114653519 0.053496972 116.6823 0.051253589 0.103688869 0.005 176256 3888 21859.2 32330.32258 5875.2 1.3357 50.84856
36919 730879 8.353209359 7.966132291 11.14334274 0.014545495 0.01517283 0.957413882 0.548589391 1.535340926 2.092583259 3.788589512 0.012954303 0 0.023536644 1.025026505 0.215578441 0.001527665 2.589561424 1.125457772 0.053468289 117.67392 0.052493248 0.100647462 0.005 124416 4752 21859.2 32330.32258 5875.2 1.3659 67.9266
36920 730880 8.335869046 7.965881335 11.16886771 0.014664699 0.015319221 0.963924989 0.543361151 1.53418833 2.100775641 3.842859342 0.013029863 0 0.023030515 1.054507094 0.215774181 0.001526827 2.574773892 1.136198283 0.05343893 118.6794 0.053735054 0.097554844 0.005 112320 3888 19353.6 32330.32258 5875.2 1.3962 62.12052
36921 730881 8.318788698 7.965629881 11.19412556 0.01478414 0.015465903 0.970366648 0.538122525 1.53305657 2.108902281 3.897119784 0.013105231 0 0.022531557 1.084137337 0.215968417 0.001525968 2.559800792 1.146871862 0.05340889 119.7 0.054967677 0.094445156 0.005 99360 3888 19353.6 32330.32258 5875.2 1.4264 52.6176
36922 730882 8.301968737 7.965378071 11.21911616 0.01490375 0.015612792 0.976737798 0.532876482 1.531945559 2.116961152 3.951343791 0.013180373 0 0.022039795 1.11390413 0.216161584 0.00152509 2.544644988 1.15747532 0.053378163 120.74328 0.056179783 0.091352538 0.005 87264 3110.4 16934.4 32330.32258 5875.2 1.4566 54.15984
36923 730883 8.285409581 7.965126047 11.24383939 0.015023461 0.015759806 0.983037383 0.527625989 1.530855211 2.12495023 4.005504314 0.013255259 0 0.021555254 1.143794368 0.21635412 0.001524193 2.529309341 1.168005465 0.053346744 121.8168 0.057360042 0.088311131 0.005 87264 3110.4 16934.4 35794.28571 8337.6 1.4868 82.57788
36924 730884 8.26911165 7.964873953 11.26829513 0.015143206 0.015906861 0.989264341 0.522374011 1.529785442 2.132867491 4.059574303 0.013329856 0 0.021077961 1.173794947 0.216546458 0.001523275 2.513796714 1.178459108 0.053314628 122.9193 0.05849712 0.085355078 0.005 75513.6 3110.4 16934.4 35794.28571 8337.6 1.517 97.11576
36925 730885 8.253075363 7.964621929 11.29248326 0.015262917 0.016053875 0.995417615 0.517123518 1.528736163 2.140710909 4.113526711 0.013404132 0 0.02060794 1.203892762 0.216739036 0.001522337 2.498109971 1.188833059 0.053281809 124.05078 0.059579687 0.082518519 0.005 75513.6 3110.4 14515.2 35794.28571 8337.6 1.5471 81.55728
36926 730886 8.237301141 7.964370119 11.31640365 0.015382527 0.016200764 1.001496146 0.511877475 1.527707291 2.148478461 4.167334488 0.013478055 0 0.020145217 1.234074708 0.216932287 0.001521379 2.482251975 1.199124127 0.053248282 125.20998 0.06059641 0.079835594 0.005 75513.6 3110.4 16934.4 35794.28571 8337.6 1.5771 131.8842
36927 730887 8.221789402 7.964118665 11.34005619 0.015501968 0.016347446 1.007498875 0.506638849 1.526698739 2.156168121 4.220970585 0.013551595 0 0.019689819 1.264327682 0.217126649 0.001520401 2.466225588 1.209329123 0.053214042 126.3906 0.061535958 0.077340446 0.005 81302.4 3110.4 16934.4 35794.28571 8337.6 1.6071 136.85112
36928 730888 8.206540565 7.963867709 11.36344075 0.015621171 0.016493836 1.013424744 0.501410609 1.52571042 2.163777865 4.274407955 0.013624718 0 0.01924177 1.294638577 0.217322557 0.001519402 2.450033674 1.219444855 0.053179083 127.6128 0.062386998 0.075067215 0.005 75513.6 3110.4 16934.4 35794.28571 8337.6 1.6369 141.61392
36929 730889 8.191555052 7.963617395 11.3865572 0.015740071 0.016639853 1.019272692 0.49619572 1.52474225 2.171305668 4.327619547 0.013697392 0 0.018801096 1.324994291 0.217520446 0.001518383 2.433679094 1.229468134 0.053143399 128.8476 0.063138199 0.073050043 0.005 75513.6 3110.4 16934.4 35794.28571 8337.6 1.6667 133.31304
36930 730890 8.17683328 7.963367863 11.40940543 0.015858598 0.016785413 1.025041662 0.49099715 1.523794142 2.178749505 4.380578314 0.013769587 0 0.018367822 1.355381718 0.217720752 0.001517342 2.417164712 1.23939577 0.053106986 130.1202 0.063778229 0.071323071 0.005 75513.6 2419.2 16934.4 35794.28571 8337.6 1.6963 103.4208
36931 730891 8.162375669 7.963119258 11.43198532 0.015976686 0.016930433 1.030730595 0.485817866 1.52286601 2.186107351 4.433257206 0.013841269 0 0.017941976 1.385787754 0.217923911 0.001516281 2.400493392 1.249224572 0.053069838 131.418 0.064295756 0.069920439 0.005 87264 3110.4 19353.6 35794.28571 8337.6 1.7257 118.18548
36932 730892 8.14818264 7.96287172 11.45429674 0.016094266 0.01707483 1.036338431 0.480660836 1.521957769 2.193377183 4.485629175 0.013912408 0 0.017523581 1.416199295 0.218130359 0.001515199 2.383667995 1.25895135 0.05303195 132.7284 0.064679448 0.068876289 0.005 87264 3110.4 16934.4 35794.28571 8337.6 1.755 110.54232
36933 730893 8.134254611 7.962625393 11.47633957 0.016211272 0.017218521 1.041864112 0.475529025 1.521069332 2.200556974 4.537667172 0.01398297 0 0.017112664 1.446603235 0.21834053 0.001514095 2.366691384 1.268572915 0.052993315 134.0766 0.064917973 0.068224762 0.005 81302.4 3110.4 16934.4 35794.28571 8337.6 1.7841 99.83736
36934 730894 8.120592003 7.962380419 11.49811369 0.016327634 0.017361422 1.047306579 0.470425402 1.520200614 2.207644702 4.589344148 0.014052925 0 0.01670925 1.476986471 0.218554861 0.001512969 2.349566423 1.278086075 0.05295393 135.4374 0.065 0.068 0.005 81302.4 2419.2 16934.4 35794.28571 8337.6 1.813 151.43436
36935 730895 8.107195234 7.962136941 11.51961897 0.016443286 0.017503451 1.052664774 0.465352933 1.519351529 2.21463834 4.640633054 0.01412224 0 0.016313365 1.507335897 0.218773788 0.001511823 2.332295974 1.287487641 0.052913788 136.836 0.06493755 0.068082148 0.005045819 81302.4 2419.2 14515.2 35794.28571 8337.6 1.8417 50.73516
36936 730896 8.094064723 7.9618951 11.5408553 0.016558161 0.017644525 1.057937637 0.460314586 1.51852199 2.221535864 4.691506843 0.014190884 0 0.015925034 1.53763841 0.218997745 0.001510654 2.314882901 1.296774422 0.052872884 138.2472 0.064755335 0.068322632 0.005179249 81302.4 2419.2 14515.2 35794.28571 8337.6 1.8702 35.85708
36937 730897 8.081200892 7.96165504 11.56182256 0.016672189 0.01778456 1.063124109 0.455313327 1.517711913 2.228335249 4.741938464 0.014258824 0 0.015544283 1.567880904 0.219227169 0.001509463 2.297330066 1.305943228 0.052831212 139.6836 0.064461058 0.068712516 0.005394247 81302.4 2419.2 14515.2 35794.28571 8337.6 1.8984 77.72436
36938 730898 8.068604158 7.961416902 11.58252061 0.016785305 0.017923474 1.068223132 0.450352123 1.516921211 2.235034472 4.791900869 0.014326029 0 0.015171138 1.598050276 0.219462495 0.001508251 2.279640331 1.31499087 0.052788768 141.1452 0.064062423 0.069242862 0.005684771 81302.4 2419.2 14515.2 35794.28571 8337.6 1.9264 77.15736
36939 730899 8.056274942 7.961180829 11.60294934 0.016897439 0.018061183 1.073233647 0.445433942 1.516149797 2.241631506 4.84136701 0.014392467 0 0.014805624 1.62813342 0.219704159 0.001507016 2.261816561 1.323914156 0.052745546 142.632 0.063567133 0.069904734 0.006044779 81302.4 1814.4 14515.2 35794.28571 8337.6 1.9541 150.54984
36940 730900 8.044213663 7.960946964 11.62310863 0.017008525 0.018197604 1.078154595 0.440561751 1.515397587 2.248124328 4.890309837 0.014458105 0 0.014447767 1.658117233 0.219952596 0.001505758 2.243861617 1.332709897 0.05270154 144.1314 0.062982892 0.070689193 0.006468229 81302.4 1814.4 14515.2 35794.28571 8337.6 1.9815 26.46756
36941 730901 8.032420741 7.960715449 11.64299836 0.017118495 0.018332655 1.082984917 0.435738517 1.514664495 2.254510912 4.938702302 0.014522912 0 0.014097592 1.687988609 0.220208243 0.001504478 2.225778363 1.341374902 0.052656746 145.656 0.062317403 0.071587302 0.006949079 81302.4 1814.4 12268.8 35794.28571 8337.6 2.0086 97.524
36942 730902 8.020896595 7.960486426 11.66261839 0.017227281 0.018466252 1.087723555 0.430967206 1.513950434 2.260789234 4.986517357 0.014586857 0 0.013755126 1.717734444 0.220471535 0.001503176 2.207569661 1.349905982 0.052611157 147.2058 0.061578368 0.072590124 0.007481286 75513.6 1814.4 12268.8 35794.28571 8337.6 2.0354 128.5956
36943 730903 8.009641644 7.960260038 11.68196862 0.017334815 0.018598311 1.092369449 0.426250787 1.513255318 2.26695727 5.033727951 0.014649906 0 0.013420393 1.747341634 0.220742907 0.001501851 2.189238375 1.358299946 0.052564768 148.7682 0.060773493 0.073688722 0.00805881 75513.6 1814.4 12268.8 35794.28571 8337.6 2.0619 34.51220426
36944 730904 7.998656309 7.960036427 11.70104892 0.017441031 0.018728751 1.096921541 0.421592226 1.512579062 2.273012993 5.080307038 0.014712029 0 0.013093419 1.776797074 0.221022795 0.001500502 2.170787367 1.366553603 0.052517575 150.3558 0.05991048 0.074874159 0.008675607 75513.6 1814.4 14515.2 35794.28571 8337.6 2.088 17.2368
36945 730905 7.987941008 7.959815735 11.71985916 0.017545859 0.018857488 1.101378771 0.416994489 1.51192158 2.278954381 5.126227567 0.014773193 0 0.012774231 1.806087659 0.221311635 0.001499131 2.1522195 1.374663765 0.05246957 151.956 0.058997032 0.076137496 0.009325635 64368 1814.4 14515.2 35794.28571 8337.6 2.1138 28.21392
36946 730906 7.977496162 7.959598106 11.73839923 0.017649233 0.018984438 1.105740081 0.412460545 1.511282786 2.284779408 5.17146249 0.014833367 0 0.012462852 1.835200286 0.221609862 0.001497736 2.133537637 1.382627239 0.052420751 153.5814 0.058040853 0.077469798 0.010002853 75513.6 1814.4 14515.2 35794.28571 8337.6 2.1391 38.30652
36947 730907 7.967322189 7.959383681 11.756669 0.017751085 0.019109519 1.110004413 0.40799336 1.510662594 2.290486049 5.215984758 0.014892518 0 0.01215931 1.864121848 0.221917913 0.001496317 2.114744641 1.390440838 0.05237111 155.2194 0.057049646 0.078862125 0.010701218 87264 2419.2 14515.2 35794.28571 8337.6 2.1641 76.25112511
36948 730908 7.957419509 7.959172603 11.77466835 0.017851347 0.019232648 1.114170707 0.403595902 1.510060918 2.29607228 5.259767323 0.014950615 0 0.01186363 1.892839243 0.222236222 0.001494875 2.095843374 1.398101369 0.052320642 156.8826 0.056031114 0.080305542 0.011414689 87264 3110.4 16934.4 35794.28571 8337.6 2.1887 33.81588
36949 730909 7.947788542 7.958965015 11.79239716 0.017949951 0.019353741 1.118237904 0.399271137 1.509477672 2.301536077 5.302783136 0.015007625 0 0.011575837 1.921339365 0.222565225 0.00149341 2.076836701 1.405605643 0.052269342 158.5584 0.054992962 0.08179111 0.012137223 75513.6 2419.2 16934.4 35794.28571 8337.6 2.2128 44.38476
36950 730910 7.938429707 7.958761058 11.8098553 0.018046831 0.019472716 1.122204945 0.395022033 1.508912771 2.306875413 5.345005147 0.015063517 0 0.011295957 1.94960911 0.222905359 0.00149192 2.057727482 1.41295047 0.052217205 160.2468 0.053942891 0.083309893 0.012862777 64368 2419.2 14515.2 35794.28571 8337.6 2.2365 73.2564
36951 730911 7.929343423 7.958560875 11.82704266 0.018141918 0.01958949 1.126070773 0.390851556 1.508366128 2.312088265 5.386406309 0.015118259 0 0.011024015 1.977635374 0.223257058 0.001490406 2.038518582 1.420132659 0.052164226 161.9604 0.052888607 0.084852954 0.013585311 64368 3110.4 14515.2 33445.16129 7865.187 2.2598 172.41336
36952 730912 7.920530111 7.958364608 11.84395911 0.018235144 0.019703978 1.129834327 0.386762673 1.507837657 2.317172608 5.426959572 0.01517182 0 0.010760037 2.005405051 0.223620759 0.001488869 2.019212864 1.42714902 0.052110398 163.674 0.051837811 0.086411354 0.014298782 64368 3110.4 16934.4 33445.16129 7865.187 2.2825 94.66632
36953 730913 7.91199019 7.958172401 11.86060454 0.018326443 0.019816099 1.13349455 0.382758353 1.507327273 2.322126417 5.466637888 0.015224166 0 0.01050405 2.032905037 0.223996896 0.001487306 1.999813189 1.433996364 0.052055716 165.4128 0.050798208 0.087976156 0.014997147 112320 3888 16934.4 33445.16129 7865.187 2.3048 12.20184
36954 730914 7.903724079 7.957984395 11.87697881 0.018415746 0.01992577 1.137050381 0.378841561 1.50683489 2.326947668 5.505414208 0.015275267 0 0.010256077 2.060122229 0.224385906 0.001485719 1.980322422 1.4406715 0.052000176 167.1642 0.0497775 0.089538424 0.015674365 176256 3888 21859.2 33445.16129 7865.187 2.3266 161.91252
36955 730915 7.895732197 7.957800733 11.89308181 0.018502985 0.020032906 1.140500763 0.375015266 1.506360422 2.331634336 5.543261484 0.015325089 0 0.010016146 2.08704352 0.224788224 0.001484108 1.960743424 1.447171237 0.051943771 168.9408 0.048783392 0.09108922 0.016324393 225504 6652.8 32745.6 33445.16129 7865.187 2.3478 121.6782
36956 730916 7.888014965 7.957621557 11.90891341 0.018588094 0.020137425 1.143844637 0.371282433 1.505903782 2.336184396 5.580152665 0.015373603 0 0.009784281 2.113655807 0.225204286 0.001482471 1.941079059 1.453492386 0.051886497 170.7174 0.047823586 0.092619606 0.01694119 172800 3888 21859.2 33445.16129 7865.187 2.3686 113.37732
36957 730917 7.880572802 7.957447009 11.92447349 0.018671004 0.020239244 1.147080943 0.36764603 1.505464886 2.340595823 5.616060704 0.015420775 0 0.009560508 2.139945986 0.225634528 0.00148081 1.92133219 1.459631756 0.051828348 172.5066 0.046905785 0.094120645 0.017518714 149472 3110.4 16934.4 33445.16129 7865.187 2.3888 39.9168
36958 730918 7.873406127 7.957277233 11.93976194 0.018751648 0.020338281 1.150208623 0.364109025 1.505043647 2.344866593 5.650958552 0.015466573 0 0.009344854 2.165900951 0.226079385 0.001479123 1.901505679 1.465586158 0.051769318 174.321 0.046037695 0.095583401 0.018050921 128736 3110.4 16934.4 33445.16129 7865.187 2.4084 88.61076
36959 730919 7.866515359 7.95711237 11.95477862 0.018829957 0.020434451 1.153226618 0.360674383 1.504639979 2.348994681 5.68481916 0.015510966 0 0.009137342 2.191507598 0.226539292 0.001477411 1.88160239 1.4713524 0.051709402 176.1354 0.045227016 0.096998935 0.018531771 108864 3888 16934.4 33445.16129 7865.187 2.4274 74.32236
36960 730920 7.859900919 7.956952564 11.96952342 0.018905866 0.020527671 1.156133869 0.357345073 1.504253797 2.352978063 5.71761548 0.015553922 0 0.008938 2.216752823 0.227014686 0.001475674 1.861625184 1.476927293 0.051648595 177.9624 0.044481454 0.09835831 0.018955221 103680 3110.4 16934.4 33445.16129 7865.187 2.4458 75.43368
36961 730921 7.853563226 7.956797955 11.98399622 0.018979305 0.02061786 1.158929318 0.354124062 1.503885013 2.356814713 5.749320462 0.015595409 0 0.008746852 2.241623521 0.227506002 0.001473911 1.841576926 1.482307647 0.051586892 179.8146 0.043808711 0.099652589 0.019315229 103680 3110.4 16934.4 33445.16129 7865.187 2.4637 15.69456
36962 730922 7.847502699 7.956648687 11.99819688 0.019050207 0.020704932 1.161611904 0.351014316 1.503533544 2.360502607 5.779907058 0.015635395 0 0.008563924 2.266106587 0.228013676 0.001472122 1.821460478 1.487490271 0.051524286 181.6668 0.043216491 0.100872835 0.019605753 103680 3110.4 16934.4 33445.16129 7865.187 2.4809 105.71148
36963 730923 7.841719758 7.956504903 12.0121253 0.019118505 0.020788807 1.164180571 0.348018802 1.503199302 2.36403972 5.809348219 0.015673848 0 0.008389242 2.290188918 0.228538144 0.001470308 1.801278703 1.492471976 0.051460773 183.519 0.042712497 0.102010111 0.019820751 115776 3888 19353.6 33445.16129 7865.187 2.4974 184.02552
36964 730924 7.836214822 7.956366743 12.02578135 0.01918413 0.0208694 1.166634258 0.345140488 1.502882202 2.367424028 5.837616896 0.015710736 0 0.008222832 2.313857408 0.22907984 0.001468467 1.781034464 1.49724957 0.051396347 185.3964 0.042304432 0.103055478 0.019954181 115776 6652.8 38707.2 33445.16129 7865.187 2.5133 157.58064
36965 730925 7.830988311 7.956234352 12.0391649 0.019247016 0.020946628 1.168971907 0.342382341 1.502582158 2.370653506 5.86468604 0.015746028 0 0.008064719 2.337098953 0.229639201 0.0014666 1.760730623 1.501819864 0.051331003 187.2738 0.042 0.104 0.02 108864 4752 29980.8 33445.16129 7865.187 2.5285 171.71028
36966 730926 7.826040644 7.956107872 12.05227584 0.019307094 0.021020408 1.17119246 0.339747328 1.502299084 2.373726129 5.890528604 0.015779691 0 0.007914928 2.359900448 0.230216663 0.001464707 1.740370044 1.506179668 0.051264736 189.1638 0.041754564 0.104906048 0.019975931 103680 3110.4 21340.8 33445.16129 7865.187 2.5431 99.08940255
36967 730927 7.821372241 7.955987444 12.06511403 0.019364297 0.021090658 1.173294856 0.337238415 1.502032894 2.376639873 5.915117537 0.015811693 0 0.007773485 2.382248789 0.23081266 0.001462787 1.719955589 1.510325791 0.05119754 191.0664 0.041518206 0.105838577 0.019906156 103680 3110.4 21340.8 33445.16129 7865.187 2.5569 37.80756
36968 730928 7.816983522 7.955873211 12.07767937 0.019418558 0.021157293 1.175278038 0.33485857 1.501783502 2.379392712 5.938425792 0.015842003 0 0.007640417 2.404130872 0.231427629 0.00146084 1.699490121 1.514255043 0.051129409 192.969 0.041290707 0.106792524 0.01979432 91584 3110.4 24105.6 33445.16129 7865.187 2.57 77.20272
36969 730929 7.812874905 7.955765317 12.08997173 0.019469808 0.021220232 1.177140946 0.332610761 1.501550823 2.381982622 5.960426319 0.015870589 0 0.007515748 2.425533591 0.232062005 0.001458867 1.678976503 1.517964234 0.051060338 194.8842 0.041071848 0.107762826 0.019644071 86400 3110.4 18662.4 33445.16129 7865.187 2.5824 42.0631966
36970 730930 7.809046811 7.955663902 12.10199099 0.01951798 0.021279391 1.178882523 0.330497953 1.501334769 2.384407579 5.98109207 0.015897419 0 0.007399504 2.446443843 0.232716225 0.001456866 1.658417599 1.521450174 0.050990323 196.812 0.04086141 0.10874442 0.019459054 97632 2419.2 16156.8 33445.16129 7865.187 2.594 46.67544
36971 730931 7.805499659 7.95556911 12.11373701 0.019563006 0.021334686 1.180501708 0.328523115 1.501135257 2.386665557 6.000395996 0.01592246 0 0.007291711 2.466848523 0.233390722 0.001454839 1.63781627 1.524709673 0.050919357 198.7398 0.040659175 0.109732243 0.019242915 91584 1814.4 16156.8 33445.16129 7865.187 2.6049 127.84716
36972 730932 7.802233868 7.955481082 12.12520969 0.019604819 0.021386035 1.181997443 0.326689213 1.500952199 2.388754533 6.018311048 0.015945682 0 0.007192394 2.486734526 0.234085934 0.001452784 1.617175381 1.52773954 0.050847435 200.6676 0.040464924 0.110721233 0.018999302 91584 1814.4 13651.2 33445.16129 7865.187 2.615 164.97432
36973 730933 7.799249858 7.955399962 12.1364089 0.019643351 0.021433355 1.183368669 0.324999214 1.50078551 2.39067248 6.034810177 0.015967051 0 0.007101579 2.506088748 0.234802296 0.001450701 1.596497792 1.530536586 0.050774552 202.608 0.040278437 0.111706326 0.01873186 91584 1814.4 13651.2 33445.16129 7865.187 2.6243 248.89032
36974 730934 7.796548048 7.955325892 12.14733452 0.019678535 0.021476563 1.184614327 0.323456085 1.500635103 2.392417376 6.049866335 0.015986537 0 0.007019291 2.524898084 0.235540244 0.001448591 1.575786369 1.533097619 0.050700702 204.5484 0.040099496 0.112682459 0.018444235 81129.6 1814.4 13651.2 33445.16129 7865.187 2.6328 234.35244
36975 730935 7.794128859 7.955259014 12.15798643 0.019710302 0.021515575 1.185733359 0.322062794 1.500500894 2.393987194 6.063452473 0.016004107 0 0.006945557 2.543149429 0.236300212 0.001446454 1.555043972 1.53541945 0.05062588 206.5014 0.039927883 0.11364457 0.018140075 81129.6 1814.4 13651.2 33445.16129 7865.187 2.6404 216.27648
36976 730936 7.791992708 7.955199471 12.1683645 0.019738585 0.021550309 1.186724706 0.320822308 1.500382795 2.39537991 6.075541542 0.01601973 0 0.006880401 2.56082968 0.237082638 0.001444288 1.534273466 1.537498889 0.050550081 208.4544 0.039763378 0.114587596 0.017823025 97632 2419.2 18662.4 33445.16129 7865.187 2.6472 77.92848
36977 730937 7.790140017 7.955147404 12.17846861 0.019763316 0.021580681 1.187587309 0.319737594 1.500280722 2.3965935 6.086106493 0.016033373 0 0.00682385 2.577925731 0.237887955 0.001442094 1.513477713 1.539332746 0.050473299 210.4074 0.039605762 0.115506474 0.017496731 91584 3110.4 16156.8 33445.16129 7865.187 2.6532 250.45524
36978 730938 7.788571204 7.955102958 12.18829864 0.019784428 0.021606608 1.188320108 0.318811618 1.500194588 2.397625939 6.095120278 0.016045004 0 0.006775928 2.594424479 0.238716601 0.001439872 1.492659577 1.540917829 0.050395529 212.373 0.039454817 0.116396141 0.01716484 86400 4752 18662.4 33445.16129 7865.187 2.6582 52.0506
36979 730939 7.787286689 7.955066273 12.19785447 0.019801854 0.021628008 1.188922046 0.318047347 1.500124307 2.398475202 6.102555848 0.016054593 0 0.006736662 2.610312818 0.239569011 0.001437622 1.471821919 1.54225095 0.050316765 214.326 0.039310324 0.117251534 0.016830999 103680 3110.4 21340.8 33445.16129 7865.187 2.6624 70.89768
36980 730940 7.786286892 7.955037492 12.20713598 0.019815525 0.021644796 1.189392062 0.31744775 1.500069794 2.399139264 6.108386154 0.016062106 0 0.006706078 2.625577644 0.24044562 0.001435343 1.450967602 1.543328918 0.050237003 216.2916 0.039172064 0.11806759 0.016498853 103680 3110.4 21340.8 33445.16129 7865.187 2.6657 195.66036
36981 730941 7.785572232 7.955016758 12.21614304 0.019825373 0.021656891 1.1897291 0.317015793 1.500030962 2.399616101 6.112584147 0.016067512 0 0.0066842 2.640205853 0.241346864 0.001433035 1.430099491 1.544148542 0.050156235 218.2572 0.039039818 0.118839247 0.016172049 103680 3110.4 21340.8 33445.16129 7865.187 2.6681 259.86744
36982 730942 7.785143128 7.955004213 12.22487553 0.019831332 0.021664209 1.189932098 0.316754443 1.500007726 2.399903688 6.115122779 0.016070779 0 0.006671054 2.65418434 0.242273179 0.001430699 1.409220447 1.544706633 0.050074459 220.2228 0.038913368 0.119561441 0.015854233 103680 1814.4 18662.4 34560 19324.8 2.6695 38.73744
36983 730943 7.785 7.955 12.23333333 0.019833333 0.021666667 1.19 0.316666667 1.5 2.4 6.115975 0.016071875 0 0.006666667 2.6675 0.243225 0.001428333 1.388333333 1.545 0.049991667 222.1884 0.038792494 0.12022911 0.015549051 103680 1814.4 18662.4 34560 19324.8 2.67 166.78872
36984 730944 7.790135237 7.956037007 12.24136759 0.019824525 0.021666667 1.189320949 0.317587561 1.500960933 2.399439456 6.11365691 0.016068653 0 0.006941066 2.680595589 0.244393166 0.001422656 1.365901172 1.545153549 0.049792961 224.154 0.038676978 0.12083719 0.015260151 97632 1814.4 16156.8 34560 19324.8 2.664 180.37404
36985 730945 7.805255168 7.959067483 12.24885443 0.019798783 0.021666667 1.187325589 0.320278717 1.503769096 2.397801361 6.106822283 0.016059122 0 0.007754911 2.693899211 0.245956787 0.001410643 1.340528019 1.545294849 0.049372502 226.1196 0.038566601 0.12138062 0.014991177 91584 1814.4 16156.8 34560 19324.8 2.6463 220.35888
36986 730946 7.829931127 7.963970612 12.25583121 0.019757135 0.021666667 1.18407661 0.324632847 1.508312536 2.39515102 6.095650582 0.016043487 0 0.009094173 2.70737578 0.247898702 0.001392682 1.312428291 1.545424699 0.048743874 228.0852 0.038461144 0.121854335 0.014745777 86400 2419.2 18662.4 34560 19324.8 2.6178 232.22052
36987 730947 7.863734447 7.970625578 12.2623353 0.019700606 0.021666667 1.179636702 0.330542663 1.5144793 2.391553741 6.080321269 0.016021951 0 0.01094482 2.720990213 0.250201754 0.001369162 1.281816403 1.545543904 0.04792066 230.0508 0.038360388 0.122253273 0.014527597 86400 2419.2 16156.8 34560 19324.8 2.579 47.1744
36988 730948 7.90623646 7.978911565 12.26840404 0.019630224 0.021666667 1.174068554 0.337900875 1.522157434 2.38707483 6.061013808 0.015994719 0 0.013292825 2.734707426 0.252848782 0.00134047 1.24890677 1.545653263 0.046916444 232.0038 0.038264114 0.122572372 0.014340283 81129.6 2419.2 18662.4 34560 19324.8 2.5308 132.3378
36989 730949 7.957008499 7.988707755 12.2740748 0.019547013 0.021666667 1.167434855 0.346600194 1.531234985 2.381779592 6.03790766 0.015961994 0 0.016124156 2.748492336 0.255822628 0.001306995 1.213913807 1.54575358 0.045744811 233.9694 0.038172104 0.122806568 0.014187481 121824 3110.4 29980.8 34560 19324.8 2.4738 108.22896
36990 730950 8.015621897 7.999893333 12.27938495 0.019452 0.021666667 1.159798296 0.356533333 1.5416 2.375733333 6.01118229 0.015923981 0 0.019424785 2.762309857 0.259106134 0.001269124 1.17705193 1.545845655 0.044419344 235.9224 0.038084139 0.122950798 0.014072838 103680 3110.4 24105.6 34560 19324.8 2.4086 93.96324
36991 730951 8.081647987 8.012347483 12.28437182 0.019346212 0.021666667 1.151221567 0.367593003 1.553140525 2.369001361 5.981017159 0.015880884 0 0.023180682 2.776124906 0.262682139 0.001227246 1.138535555 1.545930292 0.042953626 237.8754 0.038 0.123 0.014 81129.6 2419.2 24105.6 34560 19324.8 2.3361 121.58748
36992 730952 8.154658101 8.025949388 12.2890728 0.019230674 0.021666667 1.141767356 0.379671914 1.565744606 2.36164898 5.947591732 0.015832906 0 0.027377817 2.7899024 0.266533484 0.00118175 1.098579096 1.546008291 0.041361242 239.8158 0.037917786 0.12296557 0.013949833 81129.6 2419.2 21340.8 34560 19324.8 2.2569 143.40564
36993 730953 8.234223573 8.040578231 12.29352523 0.019106414 0.021666667 1.131498354 0.392662779 1.579300292 2.353741497 5.91108547 0.015780252 0 0.03200216 2.803607253 0.270643012 0.001133022 1.057396969 1.546080454 0.039655776 241.7688 0.037835816 0.122864806 0.01390078 91584 2419.2 21340.8 34560 19324.8 2.1718 135.83052
36994 730954 8.319915735 8.056113197 12.29776647 0.018974457 0.021666667 1.120477249 0.406458309 1.593695627 2.345344218 5.871677836 0.015723126 0 0.037039682 2.817204383 0.274993562 0.001081452 1.015203589 1.546147584 0.037850811 243.7092 0.037754204 0.122701498 0.013852858 81129.6 1814.4 18662.4 34560 19324.8 2.0813 281.14128
36995 730955 8.41130592 8.072433469 12.30183388 0.018835829 0.021666667 1.108766733 0.420951215 1.608818659 2.336522449 5.829548294 0.015661732 0 0.042476353 2.830658705 0.279567976 0.001027427 0.972213372 1.546210481 0.035959931 245.637 0.037673063 0.122479439 0.013806079 76032 1814.4 18662.4 34560 19324.8 1.9863 287.67312
36996 730956 8.507965461 8.089418231 12.30576483 0.018691557 0.021666667 1.096429494 0.436034208 1.624557434 2.327341497 5.784876306 0.015596273 0 0.048298143 2.843935135 0.284349094 0.000971335 0.928640734 1.546269949 0.03399672 247.5648 0.037592507 0.122202416 0.01376046 76032 1814.4 18662.4 34560 19324.8 1.8874 183.5750847
36997 730957 8.60946569 8.106946667 12.30959666 0.018542667 0.021666667 1.083528223 0.4516 1.6408 2.317866667 5.737841336 0.015526955 0 0.054491023 2.856998589 0.289319757 0.000913565 0.884700088 1.546326788 0.031974761 249.4926 0.037512648 0.121874223 0.013716014 76032 2419.2 18662.4 34560 19324.8 1.7854 27.30672
36998 730958 8.715377941 8.124897959 12.31336675 0.018390185 0.021666667 1.070125608 0.467541302 1.657434402 2.308163265 5.688622845 0.01545398 0 0.061040963 2.869813983 0.294462807 0.000854504 0.840605852 1.546381801 0.02990764 251.4078 0.037433599 0.121498648 0.013672757 76032 1814.4 16156.8 34560 19324.8 1.6808 255.15
36999 730959 8.825273546 8.143151293 12.31711244 0.018235137 0.021666667 1.05628434 0.483750826 1.674348688 2.298296599 5.637400298 0.015377553 0 0.067933933 2.882346234 0.299761085 0.000794541 0.79657244 1.54643579 0.027808939 253.3104 0.037355473 0.121079482 0.013630702 76032 1814.4 16156.8 34560 19324.8 1.5746 276.67332
37000 730960 8.938723839 8.16158585 12.3208711 0.01807855 0.021666667 1.042067107 0.500121283 1.691430904 2.288331973 5.584353156 0.015297878 0 0.075155904 2.894560257 0.30519743 0.000734064 0.752814267 1.546489555 0.025692242 255.213 0.037278384 0.120620516 0.013589864 76032 2419.2 16156.8 34560 19324.8 1.4672 276.31044
37001 730961 9.055300151 8.180080816 12.32468008 0.01792145 0.021666667 1.027536601 0.516545384 1.708569096 2.278334694 5.529660883 0.015215159 0 0.082692846 2.906420969 0.310754685 0.000673461 0.70954575 1.5465439 0.023571133 257.103 0.037202445 0.12012554 0.013550259 97632 2419.2 18662.4 34560 19324.8 1.3596 287.49168
37002 730962 9.174573816 8.198515374 12.32857675 0.017764863 0.021666667 1.01275551 0.532915841 1.725651312 2.268370068 5.473502941 0.015129601 0 0.090530729 2.917893284 0.31641569 0.00061312 0.666981303 1.546599626 0.021459197 258.993 0.037127769 0.119598346 0.0135119 97632 2419.2 18662.4 34560 19324.8 1.2522 280.4382
37003 730963 9.296116166 8.216768707 12.33259847 0.017609815 0.021666667 0.997786525 0.549125364 1.742565598 2.258503401 5.416058794 0.015041406 0 0.098655524 2.92894212 0.322163286 0.000553429 0.625335341 1.546657534 0.019370016 260.8704 0.037054468 0.119042722 0.013474803 91584 2419.2 13651.2 34560 19324.8 1.146 298.21932
37004 730964 9.419498535 8.23472 12.33678258 0.017457333 0.021666667 0.982692334 0.565066667 1.7592 2.2488 5.357507904 0.014950779 0 0.107053201 2.939532393 0.327980314 0.000494776 0.584822281 1.546718427 0.017317174 262.7352 0.036982657 0.11846246 0.013438981 76032 1814.4 13651.2 34560 19324.8 1.0415 215.50536
37005 730965 9.544292255 8.252248435 12.34116645 0.017308443 0.021666667 0.967535628 0.580632459 1.775442566 2.23932517 5.298029734 0.014857925 0 0.11570973 2.949629017 0.333849615 0.00043755 0.545656537 1.546783106 0.015314256 264.5874 0.036912448 0.117861351 0.013404449 76032 1814.4 13651.2 34560 19324.8 0.93941 175.29372
37006 730966 9.670068659 8.269233197 12.34578745 0.017164171 0.021666667 0.952379096 0.595715452 1.791181341 2.230144218 5.237803747 0.014763047 0 0.124611082 2.959196911 0.33975403 0.000382138 0.508052526 1.546852374 0.013374846 266.427 0.036843954 0.117243184 0.013371223 76032 1814.4 13651.2 34560 19324.8 0.84052 216.04968
37007 730967 9.79639908 8.285553469 12.35068292 0.017025543 0.021666667 0.937285427 0.610208358 1.806304373 2.221322449 5.177009406 0.014666348 0 0.133743227 2.968200988 0.3456764 0.000328929 0.472224661 1.546927031 0.011512526 268.254 0.036777289 0.116611751 0.013339317 81129.6 1814.4 18662.4 34560 19324.8 0.7455 73.91412
37008 730968 9.92285485 8.301088435 12.35589023 0.016893586 0.021666667 0.922317312 0.624003887 1.820699708 2.21292517 5.115826174 0.014568035 0 0.143092135 2.976606167 0.351599566 0.000278311 0.438387359 1.547007881 0.009740882 270.081 0.036712565 0.115970841 0.013308744 86400 2419.2 18662.4 34560 19324.8 0.65506 87.885
37009 730969 10.0490073 8.315717279 12.36144674 0.016769326 0.021666667 0.907537441 0.636994752 1.834255394 2.205017687 5.054433514 0.014468309 0 0.152643777 2.984377361 0.357506368 0.000230671 0.406755035 1.547095724 0.008073496 271.8954 0.036649895 0.115324245 0.013279521 81129.6 2419.2 13651.2 34560 19324.8 0.56989 126.53172
37010 730970 10.17442777 8.329319184 12.3673898 0.016653788 0.021666667 0.893008502 0.649073664 1.846859475 2.197665306 4.993010888 0.014367376 0 0.162384122 2.991479488 0.363379649 0.000186399 0.377542104 1.547191363 0.006523953 273.6846 0.036589394 0.114675755 0.013251661 81129.6 1814.4 13651.2 34560 19324.8 0.4907 184.36572
37011 730971 10.29868759 8.341773333 12.37375677 0.016548 0.021666667 0.878793186 0.660133333 1.8584 2.190933333 4.931737759 0.014265439 0 0.172299142 2.997877464 0.369202247 0.000145881 0.350962983 1.547295599 0.005105836 275.4738 0.036531173 0.114029159 0.013225179 81129.6 1814.4 13651.2 34560 19324.8 0.41819 254.85516
37012 730972 10.42135808 8.352958912 12.38058502 0.016452987 0.021666667 0.864954182 0.670066472 1.868765015 2.184887075 4.870793591 0.014162702 0 0.182374806 3.003536205 0.374957006 0.000109507 0.327232085 1.547409234 0.003832729 277.2378 0.036475346 0.113388249 0.01320009 76032 1814.4 13651.2 34560 21859.2 0.35307 217.0476
37013 730973 10.54201059 8.362755102 12.3879119 0.016369776 0.021666667 0.851554179 0.678765792 1.877842566 2.179591837 4.810357845 0.01405937 0 0.192597085 3.008420625 0.380626765 7.76633E-05 0.306563827 1.547533071 0.002718217 278.9892 0.036422027 0.112756816 0.013176408 76032 1814.4 13651.2 34560 21859.2 0.29603 189.24192
37014 730974 10.66021645 8.371041088 12.39577477 0.016299394 0.021666667 0.838655868 0.686124004 1.8855207 2.175112925 4.750609986 0.013955646 0 0.20295195 3.012495643 0.386194365 5.07395E-05 0.289172623 1.54766791 0.001775882 280.7406 0.036371327 0.112138649 0.013154149 81129.6 1814.4 13651.2 34560 21859.2 0.24779 296.35956
37015 730975 10.77554699 8.377696054 12.40421099 0.016242865 0.021666667 0.826321939 0.692033819 1.891687464 2.171515646 4.691729476 0.013851735 0 0.21342537 3.015726173 0.391642648 2.91231E-05 0.27527289 1.547814554 0.00101931 282.4668 0.036323361 0.11153754 0.013133325 86400 1814.4 13651.2 34560 21859.2 0.20905 300.03372
37016 730976 10.88757354 8.382599184 12.41325792 0.016201217 0.021666667 0.81461508 0.696387949 1.896230904 2.168865306 4.633895777 0.01374784 0 0.224003316 3.018077132 0.396954454 1.32024E-05 0.265079043 1.547973805 0.000462082 284.1678 0.036278241 0.110957278 0.013113953 86400 1814.4 13651.2 34560 21859.2 0.1805 135.49032
37017 730977 10.99586743 8.38562966 12.42295291 0.016175475 0.021666667 0.803597982 0.699079106 1.899039067 2.167227211 4.577288353 0.013644166 0 0.234671758 3.019513436 0.402112624 3.36527E-06 0.258805497 1.548146464 0.000117785 285.8688 0.036236081 0.110401654 0.013096047 115776 2419.2 13651.2 34560 21859.2 0.16286 196.43148
37018 730978 11.1 8.386666667 12.43333333 0.016166667 0.021666667 0.793333333 0.7 1.9 2.166666667 4.522086667 0.013540917 0 0.245416667 3.02 0.4071 0 0.256666667 1.548333333 0 287.5446 0.036196994 0.10987446 0.013079621 83635.2 2419.2 13651.2 34560 21859.2 0.15682 231.336
37019 730979 11.20301726 8.385771247 12.44891474 0.016170089 0.021623087 0.783564526 0.698630345 1.89937743 2.167570457 4.466498395 0.013428599 0.000264592 0.257882579 3.009148597 0.41218759 5.37E-08 0.257834524 1.548749156 1.88E-06 289.2078 0.036161092 0.109379484 0.013064691 83635.2 1814.4 13651.2 34560 21859.2 0.16429 166.49388
37020 730980 11.30812774 8.383170402 12.47372174 0.016180134 0.021496599 0.773984131 0.694655005 1.897570457 2.170223518 4.408717983 0.013298617 0.001032556 0.273539977 2.977653061 0.417630647 2.14395E-07 0.261311842 1.549603889 7.50E-06 290.8458 0.036128489 0.108920518 0.013051269 77500.8 1814.4 13651.2 34560 21859.2 0.18598 318.06432
37021 730981 11.41514654 8.378992252 12.50705524 0.016196465 0.02129358 0.764578606 0.688274417 1.89467019 2.174538387 4.348905042 0.013152517 0.002265169 0.292113753 2.927101403 0.423388376 4.81496E-07 0.267059241 1.550891158 1.69E-05 292.4712 0.036099298 0.108501352 0.013039372 71625.6 1814.4 13651.2 34560 21859.2 0.2208 274.24656
37022 730982 11.52388876 8.373364917 12.54821615 0.016218747 0.021020408 0.755334411 0.679689018 1.890767736 2.1804276 4.287219186 0.012991845 0.003923712 0.313328794 2.859081633 0.429419981 8.54406E-07 0.275037341 1.552604588 2.99E-05 294.084 0.036073632 0.108125777 0.013029014 71625.6 1814.4 13651.2 34560 21859.2 0.26764 76.45428
37023 730983 11.63416951 8.366416519 12.59650537 0.016246645 0.020683461 0.746238005 0.669099247 1.885954203 2.187803693 4.223820027 0.012818149 0.005969464 0.336909992 2.77518176 0.435684669 1.33253E-06 0.285206761 1.554737804 4.66E-05 295.6716 0.036051605 0.107797584 0.01302021 66009.6 1814.4 11232 34560 21859.2 0.32542 113.55876
37024 730984 11.74580389 8.358275176 12.65122382 0.016279823 0.020289116 0.737275848 0.656705539 1.8803207 2.196579203 4.158867177 0.012632976 0.008363703 0.362582236 2.676989796 0.442141644 1.91527E-06 0.297528121 1.557284431 6.70E-05 297.234 0.036033329 0.107520561 0.013012973 60652.8 1814.4 11232 34560 21859.2 0.39305 238.151833
37025 730985 11.85860701 8.34906901 12.71167241 0.016317945 0.01984375 0.728434399 0.642708333 1.873958333 2.206666667 4.09252025 0.012437871 0.011067708 0.390070416 2.56609375 0.448750112 2.60204E-06 0.311962041 1.560238093 9.11E-05 298.7838 0.036018917 0.107298502 0.013007319 60652.8 1814.4 13651.2 34560 21859.2 0.46942 329.17752
37026 730986 11.97239397 8.338926142 12.77715205 0.016360677 0.019353741 0.719700116 0.627308066 1.866958212 2.21797862 4.024938857 0.012234382 0.01404276 0.419099421 2.444081633 0.455469277 3.39224E-06 0.32846914 1.563592416 0.000118728 300.321 0.036008483 0.107135194 0.013003263 60652.8 1814.4 13651.2 34560 21859.2 0.55345 192.213
37027 730987 12.08697987 8.327974691 12.84696365 0.016407682 0.018825468 0.711059459 0.610705175 1.859411443 2.2304276 3.956282611 0.012024056 0.017250137 0.449394143 2.312541454 0.462258345 4.28527E-06 0.347010039 1.567341025 0.000149984 301.8204 0.03600214 0.10703443 0.013000818 60652.8 1814.4 13651.2 34560 21859.2 0.64404 293.95548
37028 730988 12.20217983 8.316342778 12.92040812 0.016458626 0.018265306 0.702498888 0.593100097 1.851409135 2.243926142 3.886711125 0.011808439 0.020651118 0.480679469 2.173061224 0.469076521 5.28054E-06 0.367545358 1.571477544 0.000184819 303.3072 0.036 0.107 0.013 60652.8 1814.4 13651.2 34560 21859.2 0.7401 318.26844
37029 730989 12.31780893 8.304158524 12.99678637 0.016513173 0.017679634 0.694004861 0.57469327 1.843042396 2.258386783 3.816384012 0.011589078 0.024206982 0.512680291 2.027228954 0.475883009 6.37745E-06 0.390035715 1.575995598 0.000223211 304.7688 0.036107456 0.107228928 0.013009344 60652.8 1814.4 11232 34560 21859.2 0.84053 279.93924
37030 730990 12.4336823 8.291550049 13.0753993 0.016570987 0.01707483 0.685563837 0.555685131 1.834402332 2.27372206 3.745460883 0.01136752 0.027879009 0.545121499 1.876632653 0.482637016 7.57542E-06 0.414441731 1.580888813 0.00026514 306.2178 0.036418048 0.107890624 0.013036352 60652.8 1814.4 11232 34560 21859.2 0.94424 211.12812
37031 730991 12.54961502 8.278645473 13.15554784 0.016631733 0.01645727 0.677162277 0.536276118 1.825580053 2.289844509 3.674101353 0.011145312 0.031628477 0.577727981 1.722860332 0.489297746 8.87383E-06 0.440724026 1.586150813 0.000310584 307.6416 0.036914112 0.108947456 0.013079488 71625.6 1814.4 11232 34560 21859.2 1.0501 261.79524
37032 730992 12.66542221 8.265572917 13.23653289 0.016695076 0.015833333 0.668786638 0.516666667 1.816666667 2.306666667 3.602465032 0.010924 0.035416667 0.610224629 1.5675 0.495824405 1.02721E-05 0.468843219 1.591775223 0.000359524 309.0276 0.037577984 0.110361792 0.013137216 60652.8 1814.4 13651.2 34560 21859.2 1.1571 75.02544
37033 730993 12.78091897 8.252460501 13.31765535 0.01676068 0.015209396 0.660423381 0.497057216 1.80775328 2.324101069 3.530711535 0.010705131 0.039204856 0.642336331 1.412139668 0.502176197 1.17697E-05 0.498759931 1.597755669 0.000411938 310.401 0.038392 0.112096 0.013208 55641.6 1814.4 13651.2 34560 21859.2 1.2641 235.305
37034 730994 12.8959204 8.239436346 13.39821615 0.016828209 0.014591837 0.652058964 0.477648202 1.798931001 2.342060253 3.459000472 0.010490253 0.042954325 0.673787978 1.258367347 0.508312328 1.33659E-05 0.53043478 1.604085774 0.000467805 311.7492 0.039338496 0.114112448 0.013290304 41990.4 1814.4 11232 34560 21859.2 1.37 206.70552
37035 730995 13.01024161 8.226628572 13.47751618 0.016897329 0.013987032 0.643679847 0.458640063 1.790290938 2.360456754 3.387491458 0.010280911 0.046626351 0.704304459 1.107771046 0.514192003 1.50601E-05 0.563828387 1.610759165 0.000527105 313.0722 0.040399808 0.116373504 0.013382592 37843.2 1814.4 11232 34560 21859.2 1.4737 208.02096
37036 730996 13.1236977 8.2141653 13.55485636 0.016967704 0.013401361 0.635272489 0.440233236 1.781924198 2.37920311 3.316344104 0.010078653 0.050182216 0.733610665 0.961938776 0.519774428 1.68519E-05 0.598901372 1.617769465 0.000589817 314.37 0.041558272 0.118841536 0.013483328 37843.2 1814.4 11232 34560 21859.2 1.5742 290.62152
37037 730997 13.23610378 8.20217465 13.62953761 0.017038998 0.012841199 0.626823348 0.422628158 1.77392189 2.398211856 3.245718023 0.009885025 0.053583197 0.761431485 0.822458546 0.525018806 1.87406E-05 0.635614353 1.6251103 0.000655919 315.6426 0.042796224 0.121478912 0.013590976 37843.2 1814.4 11232 34560 21859.2 1.6702 341.42472
37038 730998 13.34727495 8.190784742 13.70086082 0.017110876 0.012312925 0.618318885 0.406025267 1.766375121 2.41739553 3.175772829 0.009701574 0.056790573 0.787491809 0.690918367 0.529884343 2.07255E-05 0.673927952 1.632775295 0.000725392 316.89 0.044096 0.124248 0.013704 34041.6 1814.4 11232 34560 21859.2 1.7608 177.22152
37039 730999 13.45702631 8.180123698 13.76812692 0.017183002 0.011822917 0.609745559 0.390625 1.759375 2.436666667 3.106668132 0.009529848 0.059765625 0.811516527 0.56890625 0.534330246 2.28061E-05 0.713802788 1.640758075 0.000798214 318.1122 0.045439936 0.127111168 0.013820864 34041.6 1814.4 11232 34560 21859.2 1.8449 313.6644
37040 731000 13.56517296 8.170319637 13.8306368 0.017255041 0.011377551 0.601089828 0.376627794 1.753012634 2.455937804 3.038563546 0.009371392 0.062469631 0.833230529 0.458010204 0.538315717 2.49819E-05 0.755199481 1.649052265 0.000874365 319.2966 0.046810368 0.130030784 0.013940032 34041.6 1814.4 11232 34560 21859.2 1.9212 322.66836
37041 731001 13.67153002 8.16150068 13.88769138 0.017326658 0.010983206 0.592338152 0.364234086 1.74737913 2.475121477 2.971618684 0.009227753 0.06486387 0.852358705 0.35981824 0.541799964 2.72521E-05 0.79807865 1.657651489 0.000953823 320.4684 0.048189632 0.132969216 0.014059968 34041.6 1814.4 11232 34560 21859.2 1.9889 207.99828
37042 731002 13.77591259 8.153794947 13.93859158 0.017397517 0.010646259 0.58347699 0.353644315 1.742565598 2.494130224 2.905993158 0.009100478 0.066909621 0.868625944 0.275918367 0.544742191 2.96162E-05 0.842400915 1.666549372 0.001036568 321.6024 0.049560064 0.135888832 0.014179136 34041.6 1814.4 11232 34560 21859.2 2.0466 129.88836
37043 731003 13.87813577 8.147330558 13.9826383 0.017467283 0.010373087 0.574492801 0.345058916 1.738663144 2.512876579 2.841846581 0.008991115 0.068568164 0.881757137 0.207898597 0.547101603 3.20737E-05 0.888126896 1.67573954 0.001122579 322.7112 0.050904 0.138752 0.014296 55641.6 3888 18662.4 34560 21859.2 2.0935 47.26512
37044 731004 13.97801466 8.142235635 14.01913244 0.01753562 0.010170068 0.565372045 0.338678328 1.735762877 2.531273081 2.779338565 0.008901209 0.069800777 0.891477173 0.157346939 0.548837405 3.46239E-05 0.935217213 1.685215618 0.001211835 323.7822 0.052203776 0.141521088 0.014409024 41990.4 3110.4 16156.8 34560 21859.2 2.1283 287.96796
37045 731005 14.07536437 8.138638298 14.04737493 0.017602193 0.01004358 0.55610118 0.334702988 1.733955904 2.549232264 2.718628722 0.008832308 0.070568741 0.897510941 0.125851403 0.549908802 3.72662E-05 0.983632485 1.694971229 0.001304316 324.8406 0.053441728 0.144158464 0.014516672 34041.6 1814.4 13651.2 34560 21859.2 2.15 328.86
37046 731006 14.17 8.136666667 14.06666667 0.017666667 0.01 0.546666667 0.333333333 1.733333333 2.566666667 2.659876667 0.008785958 0.070833333 0.899583333 0.115 0.550275 0.00004 1.033333333 1.705 0.0014 325.8612 0.054600192 0.146626496 0.014617408 22118.4 1814.4 13651.2 34560 21859.2 2.1575 199.56132
37047 731007 14.26209735 8.135603523 14.08109853 0.01773363 0.010007677 0.536760125 0.333333333 1.734080418 2.584062256 2.600873475 0.008752819 0.070652788 0.897431752 0.115588808 0.548606107 4.52966E-05 1.108509764 1.720240149 0.001585381 326.844 0.055661504 0.148887552 0.014709696 22118.4 1814.4 13651.2 34560 21859.2 2.1497 318.47256
37048 731008 14.35205707 8.134641149 14.09521684 0.017807431 0.010030202 0.526134917 0.333333333 1.736248785 2.601948545 2.539529566 0.008722388 0.070128766 0.891177736 0.117331306 0.543762245 5.55102E-05 1.230866363 1.745121131 0.001942856 327.8016 0.056608 0.150904 0.014792 22118.4 1814.4 11232 34560 21859.2 2.1271 283.88556
37049 731009 14.44003158 8.133771916 14.10900563 0.017887369 0.010066813 0.514870115 0.333333333 1.739729106 2.620303384 2.476183568 0.008694471 0.069287688 0.881122379 0.120191601 0.535987643 7.04646E-05 1.396635616 1.778873421 0.002466262 328.7214 0.057422016 0.152638208 0.014862784 22118.4 2419.2 13651.2 34560 21859.2 2.0909 128.43684
37050 731010 14.52617329 8.132988197 14.12244898 0.017972745 0.010116748 0.503044791 0.333333333 1.744412051 2.639104623 2.411174107 0.008668877 0.068155977 0.867566774 0.124133802 0.525526531 8.99838E-05 1.602050008 1.820727496 0.003149434 329.616 0.058085888 0.154052544 0.014920512 22118.4 2419.2 11232 34560 21859.2 2.0422 167.24232
37051 731011 14.6106346 8.132282363 14.13553093 0.018062858 0.010179247 0.490738016 0.333333333 1.75018829 2.658330113 2.344839808 0.008645409 0.066760052 0.850812015 0.129122017 0.512623135 0.000113892 1.843342026 1.869913834 0.003986211 330.4854 0.058581952 0.155109376 0.014963648 22118.4 1814.4 11232 34560 21859.2 1.982 257.44068
37052 731012 14.69356794 8.131646787 14.14823554 0.018157009 0.010253548 0.478028862 0.333333333 1.756948494 2.677957706 2.277519299 0.008623875 0.065126336 0.831159193 0.135120355 0.497521684 0.000142012 2.116744154 1.925662909 0.004970426 331.3044 0.058892544 0.155771072 0.014990656 22118.4 1814.4 11232 34560 21859.2 1.9116 352.37916
37053 731013 14.7751257 8.13107384 14.16054688 0.018254498 0.01033889 0.464996401 0.333333333 1.764583333 2.697965252 2.209551206 0.008604082 0.06328125 0.808909403 0.142092923 0.480466406 0.000174169 2.418488878 1.9872052 0.006095918 332.0982 0.059 0.156 0.015 34041.6 2419.2 13651.2 34560 21859.2 1.832 345.96072
37054 731014 14.8554603 8.130555894 14.17244898 0.018354625 0.010434512 0.451719704 0.333333333 1.772983479 2.718330602 2.141274154 0.008585835 0.061251215 0.784363737 0.15000383 0.461701531 0.000210186 2.744808685 2.053771183 0.007356521 332.8668 0.058941662 0.155783866 0.014997906 41990.4 3110.4 24105.6 34560 21859.2 1.7445 211.2642
37055 731015 14.93472415 8.130085321 14.18392591 0.01845669 0.010539652 0.438277843 0.333333333 1.782039602 2.739031606 2.073026772 0.00856894 0.059062652 0.75782329 0.158817185 0.441471285 0.000249888 3.09193606 2.124591333 0.008746073 333.585 0.058770918 0.155151961 0.014991677 41990.4 2419.2 13651.2 34560 21859.2 1.65 247.28004
37056 731016 15.01306965 8.129654494 14.19496173 0.018559993 0.010653549 0.42474989 0.333333333 1.791642371 2.760046116 2.005147684 0.008553205 0.056741983 0.729589152 0.168497096 0.420019898 0.000293097 3.456103488 2.198896128 0.010258409 334.278 0.058494173 0.154129028 0.014981395 37843.2 2419.2 18662.4 34560 21859.2 1.5498 341.96904
37057 731017 15.09064923 8.129255783 14.2055405 0.018663835 0.010775443 0.411214917 0.333333333 1.801682459 2.781351982 1.937975518 0.008538435 0.054315628 0.699962419 0.17900767 0.397591598 0.000339639 3.833543455 2.275916045 0.011887367 334.9332 0.058117833 0.152739812 0.014967141 46224 2419.2 13651.2 34560 21859.2 1.445 321.2622
37058 731018 15.16761528 8.128881562 14.21564626 0.018767515 0.010904571 0.397751994 0.333333333 1.812050534 2.802927056 1.8718489 0.008524436 0.05181001 0.669244183 0.190313017 0.374430612 0.000389337 4.220488447 2.35488156 0.013626782 335.5506 0.057648303 0.151009056 0.014948998 41990.4 2419.2 13651.2 34560 21859.2 1.3367 274.38264
37059 731019 15.24412023 8.128524201 14.22526307 0.018870333 0.011040172 0.384440194 0.333333333 1.822637269 2.824749187 1.807106456 0.008511016 0.049251549 0.637735537 0.202377245 0.35078117 0.000442014 4.613170949 2.435023149 0.01547049 336.1428 0.057091989 0.148961503 0.014927046 41990.4 2419.2 11232 34560 21859.2 1.226 319.85604
37060 731020 15.32031647 8.128176073 14.234375 0.018971591 0.011181485 0.371358588 0.333333333 1.833333333 2.846796227 1.744086812 0.008497979 0.046666667 0.605737575 0.215164461 0.3268875 0.000497495 5.007823447 2.515571289 0.017412328 336.6846 0.056455296 0.146621899 0.014901367 55641.6 3110.4 13651.2 34560 21859.2 1.114 224.25984
37061 731021 15.39635642 8.12782955 14.24296609 0.019070587 0.011327749 0.358586249 0.333333333 1.844029397 2.869046027 1.683128596 0.008485133 0.044081784 0.573551388 0.228638775 0.30299383 0.000555604 5.400678428 2.595756457 0.019446132 337.1886 0.055744629 0.144014987 0.014872043 46224 2419.2 13651.2 34560 21859.2 1.002 127.73376
37062 731022 15.4723925 8.127477003 14.25102041 0.019166622 0.011478203 0.346202247 0.333333333 1.854616132 2.891476437 1.624570433 0.008472284 0.041523324 0.541478072 0.242764295 0.279344388 0.000616164 5.787968376 2.674809129 0.021565738 337.6674 0.054966394 0.14116551 0.014839154 37843.2 1814.4 11232 34560 21859.2 0.89099 314.48088
37063 731023 15.5485771 8.127110805 14.258522 0.019258997 0.011632085 0.334285655 0.333333333 1.864984208 2.914065308 1.56875095 0.008459238 0.039017705 0.509818718 0.257505129 0.256183402 0.000679 6.165925777 2.751959782 0.023764983 338.0958 0.054126997 0.138098213 0.014802783 18835.2 1814.4 11232 34560 21859.2 0.78214 218.0682
37064 731024 15.62506264 8.126723327 14.26545493 0.019347011 0.011788634 0.322915544 0.333333333 1.875024295 2.936790492 1.516008774 0.008445801 0.036591351 0.47887442 0.272825385 0.233755102 0.000743934 6.530783117 2.826438892 0.026037703 338.4864 0.053232842 0.134837839 0.01476301 18835.2 1814.4 11232 34560 21859.2 0.67656 265.87764
37065 731025 15.70200153 8.126306942 14.27180325 0.019429964 0.011947089 0.312170986 0.333333333 1.884627065 2.959629838 1.46668253 0.00843178 0.034270681 0.448946271 0.288689171 0.212303715 0.000810792 6.878772881 2.897476937 0.028377734 338.8392 0.052290335 0.131409132 0.014719918 18835.2 1814.4 11232 34560 21859.2 0.57539 261.40968
37066 731026 15.77954618 8.125854021 14.27755102 0.019507156 0.012106688 0.302131052 0.333333333 1.893683188 2.982561198 1.421110845 0.008416981 0.032082119 0.420335364 0.305060596 0.192073469 0.000879397 7.206127556 2.964304391 0.030778912 339.1542 0.051305882 0.127836837 0.014673588 18835.2 1814.4 11232 34560 21859.2 0.47977 172.137881
37067 731027 15.85784901 8.125356936 14.28268229 0.019577888 0.012266671 0.292874814 0.333333333 1.902083333 3.005562422 1.379632346 0.00840121 0.030052083 0.393342792 0.321903769 0.173308594 0.000949574 7.509079626 3.026151733 0.033235074 339.4314 0.050285887 0.124145697 0.014624101 18835.2 1814.4 11232 34560 21859.2 0.39081 219.22488
37068 731028 15.93706241 8.12480806 14.28718112 0.01964146 0.012426275 0.284481345 0.333333333 1.909718173 3.028611362 1.342585659 0.008384273 0.028206997 0.368269649 0.339182797 0.156253316 0.001021144 7.783861578 3.082249439 0.035740056 339.6582 0.049236757 0.120360456 0.014571539 18835.2 1814.4 11232 34560 21859.2 0.30965 258.41592
37069 731029 16.01733881 8.124199763 14.29103157 0.019697172 0.01258474 0.277029715 0.333333333 1.916478377 3.051685868 1.31030941 0.008365978 0.026573281 0.345417027 0.35686179 0.141151865 0.001093934 8.026705897 3.131827985 0.038287694 339.8598 0.048164897 0.116505858 0.014515984 18835.2 1814.4 11232 34560 21859.2 0.23742 273.72492
37070 731030 16.0988306 8.123524419 14.29421769 0.019744324 0.012741305 0.270598996 0.333333333 1.922254616 3.07476379 1.283142226 0.008346129 0.025177357 0.32508602 0.374904854 0.128248469 0.001167766 8.233845069 3.174117848 0.040871825 340.011 0.047076712 0.112606646 0.014457516 18835.2 1814.4 11232 34560 21859.2 0.17525 300.26052
37071 731031 16.18169021 8.122774398 14.29672353 0.019782216 0.012895208 0.26526826 0.333333333 1.926937561 3.097822981 1.261422734 0.008324534 0.024045645 0.30757772 0.393276099 0.117787357 0.001242465 8.40151158 3.208349504 0.043486285 340.1118 0.045978607 0.108687566 0.014396217 37843.2 2419.2 16156.8 34560 21859.2 0.12426 193.21092
37072 731032 16.26607004 8.121942074 14.29853316 0.019810148 0.013045688 0.261116579 0.333333333 1.930417881 3.12084129 1.245489558 0.008300999 0.023204568 0.293193222 0.411939633 0.110012755 0.001317855 8.525937915 3.233753431 0.04612491 340.1748 0.044876988 0.104773359 0.014332169 34041.6 2419.2 13651.2 34560 21859.2 0.085594 193.27896
37073 731033 16.3521225 8.121019817 14.29963063 0.01982742 0.013191983 0.258223024 0.333333333 1.932586249 3.143796568 1.235681327 0.00827533 0.022680545 0.282233617 0.430859564 0.105168893 0.001393758 8.60335656 3.249560104 0.048781536 340.2 0.043778261 0.100888771 0.014265454 46224 2419.2 13651.2 34467.09677 21859.2 0.06037 289.46484
37074 731034 16.44 8.12 14.3 0.019833333 0.013333333 0.256666667 0.333333333 1.933333333 3.166666667 1.232336667 0.008247333 0.0225 0.275 0.45 0.1035 0.00147 8.63 3.255 0.05145 340.1748 0.042688831 0.097058546 0.014196152 37843.2 1814.4 13651.2 34467.09677 21859.2 0.04972 67.29156
37075 731035 16.53264793 8.118423277 14.29764939 0.019829282 0.013470586 0.255822718 0.333767901 1.932138272 3.19038093 1.237610757 0.008216203 0.023663556 0.269894417 0.472956038 0.104174667 0.001554004 8.612668323 3.253941666 0.05439014 340.1118 0.041615102 0.093307426 0.014124345 25574.4 1814.4 13651.2 34467.09677 21859.2 0.046783 252.882
37076 731036 16.63242935 8.115882972 14.29076852 0.019817354 0.013605417 0.255013182 0.335032099 1.928661728 3.215767606 1.252953563 0.008181375 0.027048444 0.265106101 0.502979616 0.106137333 0.001652616 8.562154801 3.250818135 0.057841576 340.011 0.040563482 0.089660157 0.014050115 18835.2 1814.4 13651.2 34467.09677 21859.2 0.043942 293.34312
37077 731037 16.73862321 8.112450463 14.27961383 0.019797889 0.013738301 0.254237325 0.337066667 1.923066667 3.242652905 1.277645893 0.008143012 0.032496 0.260616927 0.539520102 0.109296 0.001764795 8.480681696 3.245706607 0.061767815 339.8598 0.039540374 0.086141481 0.013973544 18835.2 1814.4 11232 34467.09677 21859.2 0.041199 270.39096
37078 731038 16.85050844 8.108197128 14.26444179 0.019771229 0.013869717 0.253494411 0.339812346 1.915516049 3.270863034 1.310968552 0.008101283 0.039847556 0.256408767 0.582026867 0.113558667 0.001889496 8.370471271 3.238684288 0.066132365 339.6708 0.038552185 0.082776144 0.013894712 18835.2 1814.4 13651.2 34467.09677 21859.2 0.038554 176.42772
37079 731039 16.96736398 8.103194345 14.24550883 0.019737713 0.014000141 0.252783705 0.343209877 1.90617284 3.300224201 1.352202346 0.00805635 0.048944444 0.252463495 0.629949278 0.118833333 0.002025678 8.233745789 3.22982838 0.070898733 339.4314 0.03760532 0.079588888 0.013813701 18835.2 1814.4 13651.2 34467.09677 21859.2 0.036006 155.4714
37080 731040 17.08846877 8.09751349 14.2230714 0.019697681 0.014130049 0.252104472 0.3472 1.8952 3.330562616 1.40062808 0.008008381 0.059628 0.248762985 0.682736705 0.125028 0.002172298 8.072727512 3.219216085 0.076030427 339.1668 0.036706184 0.076604457 0.013730592 15811.2 1814.4 11232 34467.09677 21859.2 0.033555 232.51536
37081 731041 17.21310176 8.091225941 14.19738596 0.019651473 0.01425992 0.251455977 0.351723457 1.882760494 3.361704485 1.455526561 0.007957541 0.071739556 0.24528911 0.739838518 0.132050667 0.002328313 7.889638704 3.206924608 0.081490954 338.8518 0.035861183 0.073847596 0.013645468 15811.2 1814.4 11232 34467.09677 21859.2 0.031203 165.81348
37082 731042 17.34054187 8.084403076 14.16870895 0.01959943 0.014390229 0.250837484 0.356720988 1.869017284 3.393476017 1.516178595 0.007903996 0.085120444 0.242023742 0.800704086 0.139809333 0.002492681 7.686701625 3.193031151 0.087243822 338.499 0.035076722 0.071343049 0.01355841 15811.2 1814.4 11232 34467.09677 21859.2 0.028949 86.27472
37083 731043 17.47006804 8.077116273 14.13729682 0.019541892 0.014521454 0.250248259 0.362133333 1.854133333 3.425703421 1.581864987 0.007847911 0.099612 0.238948757 0.864782779 0.148212 0.002664358 7.46613854 3.177612918 0.093252539 338.1084 0.034359206 0.069115558 0.013469498 15811.2 1814.4 13651.2 34467.09677 21859.2 0.026793 259.89012
37084 731044 17.60095923 8.069436909 14.10340602 0.019479199 0.014654072 0.249687566 0.367901235 1.838271605 3.458212904 1.651866543 0.007789451 0.115055556 0.236046026 0.931523964 0.157166667 0.002842303 7.230171711 3.160747111 0.099480611 337.68 0.033715041 0.067189869 0.013378816 55641.6 2419.2 16156.8 34467.09677 21859.2 0.024736 310.17168
37085 731045 17.73249436 8.061436362 14.067293 0.019411691 0.014788559 0.24915467 0.373965432 1.821595062 3.490830675 1.72546407 0.007728782 0.131292444 0.233297424 1.000377013 0.166581333 0.003025473 6.9810234 3.142510934 0.105891546 337.2138 0.033150633 0.065590724 0.013286443 37843.2 1814.4 13651.2 34467.09677 21859.2 0.022777 271.11672
37086 731046 17.86395237 8.053186009 14.02921421 0.019339708 0.014925393 0.248648836 0.380266667 1.804266667 3.523382943 1.801938373 0.007666071 0.148164 0.230684823 1.070791293 0.176364 0.003212824 6.720915871 3.122981589 0.112448852 336.7098 0.032672386 0.064342869 0.013192462 34041.6 1814.4 11232 34467.09677 21859.2 0.020918 124.92144
37087 731047 17.9946122 8.044757228 13.98942609 0.019263591 0.01506505 0.248169329 0.386745679 1.786449383 3.555695914 1.880570259 0.007601481 0.165511556 0.228190098 1.142216175 0.186422667 0.003403315 6.452071385 3.102236281 0.119116037 336.168 0.032286707 0.063471046 0.013096954 18835.2 1814.4 11232 34467.09677 21859.2 0.019157 146.9664
37088 731048 18.1237528 8.036221397 13.94818509 0.01918368 0.015208008 0.247715413 0.39334321 1.768306173 3.587595799 1.960640532 0.00753518 0.183176444 0.225795121 1.214101028 0.196665333 0.003595903 6.176712206 3.080352211 0.125856607 335.5884 0.032 0.063 0.013 15811.2 1814.4 11232 34467.09677 21859.2 0.017495 261.11484
37089 731049 18.2506531 8.027649892 13.90574766 0.019100315 0.015354743 0.247286354 0.4 1.75 3.618908804 2.04143 0.007467332 0.201 0.223481767 1.28589522 0.207 0.003789545 5.897060595 3.057406583 0.132634071 334.971 0.031766465 0.062741057 0.012879318 25574.4 1814.4 11232 34467.09677 21859.2 0.015933 233.39988
37090 731050 18.37459203 8.019114092 13.86237026 0.019013835 0.015505731 0.246881416 0.40665679 1.731693827 3.649461139 2.122219468 0.007398103 0.218823556 0.221231908 1.357048121 0.217334667 0.003983198 5.615338817 3.033476601 0.139411935 334.3158 0.031536288 0.062489168 0.012714987 29376 1814.4 13651.2 34467.09677 21859.2 0.01447 287.21952
37091 731051 18.49484855 8.010685375 13.81830933 0.018924582 0.015661451 0.246499864 0.413254321 1.713550617 3.679079011 2.202289741 0.007327659 0.236488444 0.219027417 1.427009101 0.227577333 0.00417582 5.333769133 3.008639467 0.146153708 333.6354 0.031309858 0.06224451 0.012510633 41990.4 2419.2 18662.4 34467.09677 21859.2 0.013107 232.78752
37092 731052 18.61070158 8.002435117 13.77382131 0.018832896 0.015822379 0.246140963 0.419733333 1.695733333 3.707588628 2.280921627 0.007256165 0.253836 0.216850169 1.495227529 0.237636 0.004366368 5.054573806 2.982972384 0.152822897 332.9172 0.031087562 0.062007262 0.012269882 83635.2 3888 24105.6 34467.09677 21859.2 0.011844 232.22052
37093 731053 18.72143007 7.994434697 13.72916266 0.018739116 0.015988992 0.245803978 0.426034568 1.678404938 3.7348162 2.35739593 0.007183787 0.270707556 0.214682036 1.561152773 0.247418667 0.0045538 4.779975099 2.956552556 0.159383009 332.1612 0.030869787 0.061777602 0.01199636 71625.6 3110.4 16156.8 34467.09677 21859.2 0.010681 300.57804
37094 731054 18.82631295 7.986755492 13.68458982 0.018643583 0.016161767 0.245488174 0.432098765 1.661728395 3.760587933 2.430993457 0.00711069 0.286944444 0.212504893 1.624234204 0.256833333 0.004737073 4.512195274 2.929457185 0.165797552 331.3674 0.030656921 0.061555709 0.011693693 50803.2 2419.2 15206.4 34467.09677 21859.2 0.009618 267.53328
37095 731055 18.92462916 7.979468879 13.64035925 0.018546637 0.01634118 0.245192815 0.437866667 1.645866667 3.784730037 2.500995013 0.00703704 0.302388 0.210300612 1.683921191 0.265788 0.004915144 4.253456594 2.901763475 0.172030034 330.5484 0.030449351 0.061341761 0.011365506 41990.4 2419.2 15206.4 34467.09677 21859.2 0.0086555 279.1908
37096 731056 19.01565765 7.972646237 13.59672739 0.018448618 0.016527709 0.244917167 0.443279012 1.630982716 3.80706872 2.566681405 0.006963003 0.316879556 0.208051066 1.739663102 0.274190667 0.00508697 4.005981321 2.873548629 0.178043961 329.6916 0.030247465 0.061135936 0.011015426 29376 2419.2 15206.4 34467.09677 21859.2 0.0077936 267.26112
37097 731057 19.09867735 7.966358942 13.5539507 0.018349866 0.01672183 0.244660494 0.448276543 1.617239506 3.827430189 2.627333439 0.006888744 0.330260444 0.20573813 1.790909307 0.281949333 0.00525151 3.771991719 2.84488985 0.183802842 328.8096 0.030051649 0.060938413 0.010647078 29376 2419.2 15206.4 34467.09677 21859.2 0.0070325 272.70432
37098 731058 19.17296719 7.960678372 13.51228561 0.018250722 0.016924021 0.244422061 0.4528 1.6048 3.845640654 2.68223192 0.006814428 0.342372 0.203343676 1.837109176 0.288972 0.00540772 3.55371005 2.815864341 0.189270183 327.8898 0.029862293 0.06074937 0.010264088 29376 1814.4 12960 34467.09677 21859.2 0.0063723 228.3876
37099 731059 19.23780613 7.955675906 13.47198858 0.018151526 0.017134759 0.244201132 0.456790123 1.59382716 3.861526322 2.730657654 0.006740222 0.353055556 0.200849579 1.877712078 0.295166667 0.005554557 3.353358576 2.786549305 0.194409494 326.9322 0.029679782 0.060568986 0.009870082 25574.4 1814.4 12960 34467.09677 21859.2 0.0058131 207.8622
37100 731060 19.29247309 7.95142292 13.43331605 0.018052618 0.017354519 0.243996974 0.460187654 1.584483951 3.874913401 2.771891448 0.006666291 0.362152444 0.198237711 1.912167381 0.300441333 0.005690979 3.17315956 2.757021946 0.19918428 325.962 0.029504505 0.060397438 0.009468687 25574.4 1814.4 12960 34467.09677 21859.2 0.0053553 297.5616
37101 731061 19.33624702 7.947990792 13.39652449 0.017954337 0.01758378 0.24380885 0.462933333 1.576933333 3.885628101 2.805214107 0.0065928 0.369504 0.195489945 1.939924456 0.304704 0.005815944 3.015335266 2.727359466 0.203558049 324.9414 0.029336849 0.060234905 0.009063526 25574.4 1814.4 12960 34467.09677 21859.2 0.0049988 266.98896
37102 731062 19.36840686 7.9454509 13.36187032 0.017857025 0.017823018 0.243636025 0.464967901 1.571338272 3.893496628 2.829906437 0.006519915 0.374951556 0.192588156 1.960432671 0.307862667 0.005928409 2.882107955 2.697639068 0.20749431 323.9082 0.029177201 0.060081565 0.008658228 25574.4 2419.2 15206.4 34467.09677 21859.2 0.004744 214.71156
37103 731063 19.38823154 7.943874621 13.32961001 0.017761022 0.01807271 0.243477765 0.466232099 1.567861728 3.898345192 2.845249243 0.006447801 0.378336444 0.189514217 1.973141396 0.309825333 0.006027331 2.77569989 2.667937956 0.210956568 322.8372 0.029025949 0.059937598 0.008256417 29376 1814.4 12960 34467.09677 21859.2 0.004591 154.76832
37104 731064 19.395 7.943333333 13.3 0.017666667 0.018333333 0.243333333 0.466666667 1.566666667 3.9 2.850523333 0.006376625 0.3795 0.18625 1.9775 0.3105 0.006111667 2.698333333 2.638333333 0.213908333 321.7284 0.028883481 0.05980318 0.007861719 25574.4 1814.4 12960 34560 21859.2 0.00454 79.8336
37105 731065 19.39346655 7.943336616 13.27231146 0.01757224 0.01863142 0.24319658 0.466586799 1.566879646 3.898630082 2.846501707 0.006304488 0.378911179 0.182788008 1.974674858 0.31020517 0.006185988 2.63667664 2.606169539 0.216509572 320.607 0.028750183 0.059678491 0.00747776 18835.2 1814.4 12960 34560 21859.2 0.0045405 285.201
37106 731066 19.38892536 7.943346495 13.24560516 0.017475787 0.018991365 0.243061881 0.466352229 1.567505167 3.894573535 2.834688106 0.006229496 0.377181808 0.17914066 1.966372303 0.309339253 0.006255724 2.575933901 2.568926944 0.218950343 319.4478 0.028626444 0.059563709 0.007108167 15811.2 1814.4 12960 34560 21859.2 0.0045419 281.59488
37107 731067 19.38146518 7.943363016 13.21982198 0.017377299 0.019410441 0.242929293 0.465970502 1.568523107 3.887910168 2.815459445 0.00615182 0.374367523 0.175319704 1.95285164 0.307930106 0.006321123 2.516130988 2.526886794 0.221239288 318.2634 0.02851265 0.059459012 0.006756564 15811.2 1814.4 12960 34560 21859.2 0.0045444 277.55784
37108 731068 19.37117477 7.943386225 13.19490279 0.017276768 0.019885917 0.242798871 0.465449164 1.569913341 3.878719791 2.789192639 0.006071631 0.37052396 0.171336889 1.934372173 0.306005588 0.00638243 2.457293772 2.480330336 0.223385053 317.0538 0.02840919 0.059364579 0.006426579 15811.2 1814.4 12960 34560 21859.2 0.0045478 277.10424
37109 731069 19.35814287 7.943416168 13.17078846 0.017174184 0.020415066 0.242670672 0.464795762 1.571655745 3.867082214 2.756264603 0.005989099 0.365706757 0.167203964 1.911193209 0.303593556 0.006439894 2.399448123 2.429538818 0.225396279 315.819 0.02831645 0.059280587 0.006121835 15811.2 2419.2 15206.4 34560 21859.2 0.0045522 262.72512
37110 731070 19.34245823 7.943452892 13.14741987 0.017069539 0.020995159 0.242544752 0.464017843 1.573730196 3.853077247 2.717052253 0.005904395 0.35997155 0.162932678 1.883574052 0.300721869 0.00649376 2.342619911 2.374793486 0.227281609 314.5464 0.028234819 0.059207216 0.005845961 15811.2 2419.2 12960 34560 21859.2 0.0045577 244.17288
37111 731071 19.3242096 7.943496443 13.12473789 0.016962823 0.021623467 0.242421166 0.463122954 1.576116568 3.836784699 2.671932504 0.005817689 0.353373975 0.158534779 1.851774008 0.297418383 0.006544277 2.286835008 2.316375586 0.229049688 313.2612 0.028164683 0.059144643 0.005602581 15811.2 1814.4 12960 34560 21859.2 0.0045642 239.79564
37112 731072 19.30348573 7.943546867 13.10268339 0.016854028 0.02229726 0.242299971 0.462118639 1.578794739 3.818284381 2.62128227 0.005729152 0.345969669 0.154022017 1.816052382 0.293710958 0.00659169 2.232119284 2.254566367 0.230709159 311.9508 0.02810643 0.059093047 0.005395321 15811.2 1814.4 12960 34560 21859.2 0.0045717 224.82684
37113 731073 19.28037537 7.94360421 13.08119724 0.016743144 0.023013811 0.242181224 0.461012448 1.581744584 3.797656103 2.565478468 0.005638956 0.337814269 0.149406141 1.776668478 0.28962745 0.006636248 2.17849861 2.189647074 0.232268663 310.6026 0.028060448 0.059052606 0.005227807 15811.2 1814.4 12960 34560 21859.2 0.0045803 191.46456
37114 731074 19.25496727 7.943668517 13.06022032 0.016630164 0.02377039 0.242064979 0.459811924 1.58494598 3.774979673 2.504898011 0.00554727 0.328963412 0.144698899 1.733881603 0.285195719 0.006678196 2.125998855 2.121898954 0.233736846 309.2418 0.028027124 0.0590235 0.005103665 37843.2 2419.2 17712 34560 21859.2 0.00459 212.2153123
37115 731075 19.22735017 7.943739836 13.03969349 0.016515077 0.024564268 0.241951293 0.458524616 1.588378801 3.750334902 2.439917817 0.005454265 0.319472734 0.139912039 1.687951061 0.280443621 0.006717781 2.074645892 2.051603255 0.23512235 307.8558 0.028006846 0.059005905 0.00502652 18835.2 2419.2 12960 34560 21859.2 0.0046008 224.2135149
37116 731076 19.19761284 7.943818212 13.01955764 0.016397874 0.025392717 0.241840222 0.45715807 1.592022925 3.7238016 2.370914798 0.005360112 0.309397871 0.135057312 1.639136157 0.275399015 0.006755252 2.024465591 1.979041223 0.236433818 306.4446 0.028 0.059 0.005 15811.2 1814.4 12960 34560 21859.2 0.0046127 204.14268
37117 731077 19.16584402 7.943903692 12.99975362 0.016278548 0.026253009 0.241731823 0.455719832 1.595858226 3.695459576 2.298265872 0.005264982 0.29879446 0.130146466 1.587696198 0.270089759 0.006790854 1.975483821 1.904494105 0.237679893 305.0208 0.02800201 0.05902787 0.005 15811.2 1814.4 12960 34560 21859.2 0.0046257 165.47328
37118 731078 19.13213245 7.943996322 12.98022232 0.016157089 0.027142413 0.24162615 0.454217448 1.599864582 3.665388641 2.222347952 0.005169045 0.287718138 0.12519125 1.533890487 0.264543711 0.006824835 1.927726455 1.828243148 0.238869219 303.5592 0.028007978 0.059110249 0.005 15811.2 1814.4 12960 34560 21859.2 0.0046398 238.61628
37119 731079 19.09656689 7.944096147 12.96090461 0.016033487 0.028058201 0.241523261 0.452658466 1.604021868 3.633668603 2.143537954 0.005072472 0.276224542 0.120203412 1.47797833 0.258788728 0.006857441 1.881219362 1.750569599 0.240010439 302.085 0.028017813 0.059245293 0.005 15811.2 1814.4 12960 34560 21859.2 0.0046551 248.41404
37120 731080 19.05923609 7.944203214 12.94174136 0.015907735 0.028997645 0.241423211 0.451050432 1.60830996 3.600379274 2.062212794 0.004975434 0.264369307 0.115194701 1.420219033 0.252852668 0.00688892 1.835988414 1.671754704 0.241112196 300.5856 0.028031424 0.059431156 0.005 15811.2 1814.4 12960 34560 21859.2 0.0046715 229.70304
37121 731081 19.02022879 7.944317568 12.92267343 0.015779822 0.029958016 0.241326057 0.449400891 1.612708734 3.565600462 1.978749386 0.004878101 0.252208071 0.110176867 1.3608719 0.24676339 0.006919518 1.79205948 1.592079711 0.242183133 299.061 0.028048719 0.059665995 0.005 15811.2 1814.4 12960 34560 21859.2 0.0046891 95.11992
37122 731082 18.97963375 7.944439257 12.90364172 0.015649741 0.030936585 0.241231854 0.447717392 1.617198066 3.529411978 1.893524646 0.004780644 0.239796471 0.105161658 1.300196237 0.240548752 0.006949483 1.749458432 1.511825866 0.243231894 297.5238 0.028069607 0.059947964 0.005 15811.2 1814.4 15206.4 34560 21859.2 0.0047078 246.32748
37123 731083 18.93753971 7.944568327 12.88458707 0.015517482 0.031930622 0.241140659 0.446007479 1.621757833 3.491893631 1.806915488 0.004683234 0.227190142 0.100160823 1.238451349 0.23423661 0.006979061 1.70821114 1.431274416 0.244267121 295.974 0.028093995 0.060275218 0.005 15811.2 1814.4 15206.4 34560 21859.2 0.0047278 146.0592
37124 731084 18.89403543 7.944704822 12.86545038 0.015383036 0.0329374 0.241052527 0.444278701 1.626367909 3.453125231 1.719298829 0.004586041 0.214444722 0.09518611 1.17589654 0.227854824 0.007008499 1.668343474 1.350706608 0.245297459 294.3864 0.028121794 0.060645912 0.005 15811.2 1814.4 12960 34560 21859.2 0.004749 41.18688
37125 731085 18.84920966 7.94484879 12.84617251 0.015246395 0.03395419 0.240967515 0.442538602 1.631008171 3.413186588 1.631051583 0.004489237 0.201615847 0.09024927 1.112791118 0.221431251 0.007038044 1.629881307 1.270403689 0.24633155 292.7988 0.028152911 0.061058202 0.005 15811.2 1814.4 12960 34560 21859.2 0.0047714 172.64016
37126 731086 18.80315113 7.945000277 12.82669433 0.015107549 0.034978262 0.240885679 0.440794731 1.635658495 3.372157512 1.542550665 0.004392991 0.188759153 0.085362049 1.049394385 0.214993749 0.007067944 1.592850507 1.190646906 0.247378037 291.1734 0.028187254 0.061510243 0.005 15811.2 1814.4 12960 34560 21859.2 0.004795 128.9358
37127 731087 18.75594862 7.945159329 12.80695672 0.014966489 0.036006887 0.240807075 0.439054633 1.640298758 3.330117812 1.45417299 0.004297474 0.175930278 0.080536199 0.985965648 0.208570176 0.007098445 1.557276946 1.111717506 0.248445564 289.548 0.028224733 0.062000189 0.005 13046.4 1814.4 10713.6 34560 21859.2 0.0048199 210.6972
37128 731088 18.70769085 7.945325991 12.78690054 0.014823207 0.037037338 0.240731758 0.437325854 1.644908834 3.287147299 1.366295474 0.004202858 0.163184858 0.075783466 0.922764212 0.20218839 0.007129794 1.523186494 1.033896735 0.249542774 287.8974 0.028265255 0.062526196 0.005 13046.4 1814.4 10713.6 34560 21859.2 0.004846 92.46636
37129 731089 18.65846659 7.945500311 12.76646668 0.014677693 0.038066885 0.240659785 0.435615942 1.6494686 3.243325782 1.279295032 0.004109312 0.150578529 0.071115601 0.860049383 0.195876248 0.007162237 1.490605023 0.95746584 0.25067831 286.2342 0.02830873 0.06308642 0.005 10540.8 1814.4 10713.6 34560 21859.2 0.0048734 62.84628
37130 731090 18.60836458 7.945682333 12.74559599 0.014529939 0.039092799 0.240591213 0.433932442 1.653957932 3.198733071 1.193548579 0.004017008 0.138166929 0.066544352 0.798080464 0.18966161 0.007196023 1.459558402 0.882706069 0.251860816 284.5458 0.028355066 0.063679015 0.005 10540.8 1814.4 12960 34560 21859.2 0.0049021 125.307
37131 731091 18.55747357 7.945872105 12.72422937 0.014379936 0.040112352 0.240526096 0.432282902 1.658356707 3.153448975 1.10943303 0.003926116 0.126005693 0.062081467 0.737116762 0.183572332 0.007231398 1.430072503 0.809898667 0.253098933 282.8448 0.028404171 0.064302136 0.005 10540.8 1814.4 12960 34560 21859.2 0.0049321 168.1722
37132 731092 18.50588231 7.946069673 12.70230767 0.014227674 0.041122815 0.240464491 0.430674867 1.662644799 3.107553305 1.027325301 0.003836807 0.114150458 0.057738697 0.677417581 0.177636272 0.007268609 1.402173196 0.739324883 0.254401307 281.1312 0.028455954 0.064953939 0.005 10540.8 1814.4 12960 34560 21859.2 0.0049634 102.7404
37133 731093 18.45367956 7.946275081 12.67977177 0.014073145 0.042121459 0.240406455 0.429115885 1.666802085 3.061125871 0.947602306 0.003749251 0.102656862 0.053527788 0.619242227 0.171881289 0.007307902 1.375886351 0.671265962 0.25577658 279.405 0.028510323 0.065632578 0.005 10540.8 1814.4 12960 34560 21859.2 0.0049961 61.32672
37134 731094 18.40095405 7.946488378 12.65656254 0.01391634 0.043105554 0.240352043 0.427613502 1.67080844 3.014246482 0.87064096 0.003663619 0.09158054 0.049460491 0.562850006 0.166335241 0.007349526 1.351237839 0.606003151 0.257233395 277.6536 0.028567187 0.066336209 0.005 10540.8 1814.4 12960 34560 21859.2 0.0050301 197.36136
37135 731095 18.34779455 7.946709608 12.63262086 0.013757249 0.044072373 0.240301311 0.426175263 1.674643742 2.966994948 0.79681818 0.003580083 0.080977129 0.045548555 0.508500221 0.161025985 0.007393726 1.328253532 0.543817698 0.258780395 275.9022 0.028626455 0.067062988 0.005 41990.4 2419.2 15206.4 34560 21859.2 0.0050654 155.38068
37136 731096 18.29428979 7.946938819 12.60788759 0.013595865 0.045019187 0.240254316 0.424808717 1.678287866 2.919451079 0.72651088 0.003498811 0.070902266 0.041803727 0.456452179 0.155981379 0.007440749 1.306959299 0.48499085 0.260426225 274.1256 0.028688035 0.067811068 0.005 29376 2419.2 15206.4 34560 21859.2 0.0051021 155.8116
37137 731097 18.24052854 7.947176055 12.58230361 0.013432177 0.045943266 0.240211113 0.423521409 1.681720687 2.871694684 0.660095975 0.003419976 0.061411588 0.038237758 0.406965185 0.151229281 0.007490844 1.287381011 0.429803852 0.262179526 272.3364 0.028751836 0.068578606 0.005 15811.2 1814.4 12960 34560 21859.2 0.0051402 127.25748
37138 731098 18.18659953 7.947421363 12.5558098 0.013266178 0.046841882 0.240171758 0.422320886 1.684922082 2.823805574 0.59795038 0.003343748 0.052560731 0.034862395 0.360298543 0.14679755 0.007544255 1.26954454 0.378537953 0.264048942 270.5346 0.028817765 0.069363756 0.005 15811.2 1814.4 12960 34560 21859.2 0.0051797 42.13944
37139 731099 18.13259152 7.94767479 12.52834702 0.013097857 0.047712306 0.240136308 0.421214694 1.687871927 2.775863558 0.540451011 0.003270298 0.044405331 0.031689388 0.316711559 0.142714042 0.007601232 1.253475754 0.331474398 0.266043116 268.7328 0.028885733 0.070164674 0.005 46224 2419.2 15206.4 34560 21859.2 0.0052206 88.63344
37140 731100 18.07859326 7.947936382 12.49985614 0.012927207 0.04855181 0.240104819 0.42021038 1.690550098 2.727948446 0.487974782 0.003199795 0.037001025 0.028730486 0.276463539 0.139006617 0.00766202 1.239200526 0.288894436 0.268170692 266.9058 0.028955646 0.070979514 0.005 18835.2 2419.2 12960 34560 21859.2 0.0052629 39.03228
37141 731101 18.02469349 7.948206183 12.47027804 0.012754218 0.049357664 0.240077346 0.41931549 1.692936471 2.680140048 0.44089861 0.003132412 0.03040345 0.025997437 0.239813787 0.135703131 0.007726866 1.226744726 0.251079311 0.270440313 265.0788 0.029027414 0.071806432 0.005 18835.2 1814.4 12960 34560 21859.2 0.0053067 55.86084
37142 731102 17.97098098 7.948484242 12.4395536 0.012578881 0.050127139 0.240053946 0.418537571 1.695010921 2.632518173 0.399599409 0.003068318 0.024668243 0.02350199 0.207021608 0.132831444 0.007796018 1.216134225 0.218310273 0.272860622 263.2392 0.029100945 0.072643584 0.005 15811.2 1814.4 12960 34560 21859.2 0.0053519 130.13784
37143 731103 17.91754446 7.948770603 12.40762368 0.012401187 0.050857508 0.240034675 0.41788417 1.696753326 2.585162632 0.364454094 0.003007684 0.01985104 0.021255894 0.178346308 0.130419412 0.007869722 1.207394892 0.190868566 0.275440262 261.3744 0.029176148 0.073489123 0.005 46224 3110.4 17712 34560 21859.2 0.0053985 142.74792
37144 731104 17.86447268 7.949065314 12.37442915 0.012221128 0.05154604 0.240019589 0.417362832 1.69814356 2.538153235 0.33583958 0.002950682 0.016007477 0.019270899 0.154047192 0.128494894 0.007948225 1.2005526 0.169035439 0.278187877 259.5222 0.029252931 0.074341206 0.005 41990.4 3110.4 15206.4 34560 21859.2 0.0054466 202.82724
37145 731105 17.81185441 7.949368419 12.33991089 0.012038694 0.052190008 0.240008744 0.416981104 1.699161499 2.49156979 0.314132783 0.002897481 0.013193192 0.017558752 0.134383565 0.127085747 0.008031775 1.195633217 0.153092137 0.281112109 257.6448 0.029331203 0.075197988 0.005 34041.6 2419.2 12960 34560 21859.2 0.0054963 181.82556
37146 731106 17.75977837 7.949679966 12.30400977 0.011853877 0.052786682 0.240002195 0.416746534 1.699787021 2.445492109 0.299710618 0.002848252 0.011463821 0.016131203 0.119614733 0.12621983 0.008120617 1.192662616 0.143319909 0.284221603 255.7674 0.029410873 0.076057622 0.005 34041.6 1814.4 12960 34560 21859.2 0.0055474 88.36128
37147 731107 17.70833333 7.95 12.26666667 0.011666667 0.053333333 0.24 0.416666667 1.7 2.4 0.29295 0.002803167 0.010875 0.015 0.11 0.125925 0.008215 1.191666667 0.14 0.287525 253.8774 0.029491848 0.076918266 0.005 18835.2 1814.4 12960 34560 21859.2 0.0056 21.22848
37148 731108 17.65674857 7.950742709 12.22518897 0.011461882 0.053842962 0.240422179 0.417079424 1.697975467 2.351962113 0.290183513 0.002760006 0.010896437 0.014027569 0.103117186 0.12602171 0.00837051 1.212418133 0.1426864 0.292967867 251.9748 0.029574038 0.077778074 0.005 18835.2 1814.4 12960 34560 21859.2 0.0059183 89.15508
37149 731109 17.60415923 7.952275683 12.17724527 0.011226554 0.05433143 0.241656576 0.418288903 1.692123733 2.298572569 0.287494479 0.002716553 0.010959375 0.013069917 0.096378975 0.126301243 0.008635972 1.2723984 0.1504512 0.302259025 250.0722 0.02965735 0.0786352 0.005 83635.2 3888 20217.6 34560 21859.2 0.0067373 16.82856
37150 731110 17.55051284 7.954529078 12.1233182 0.010963995 0.054800308 0.243654979 0.420251915 1.6827776 2.240399388 0.284885914 0.002672984 0.011061754 0.012129164 0.089796972 0.126747701 0.009001486 1.368196267 0.1628528 0.315052004 248.157 0.029741694 0.079487801 0.005 91584 3110.4 20217.6 34560 21859.2 0.0080133 55.83816
37151 731111 17.49575693 7.957433045 12.0638904 0.010677514 0.055251162 0.246369176 0.422925271 1.670269867 2.178010588 0.28236084 0.002629473 0.011201517 0.011207431 0.083382781 0.127345186 0.009457152 1.496400533 0.1794496 0.331000332 246.2418 0.029826978 0.080334031 0.005 50457.6 2419.2 17712 34560 21859.2 0.0097025 159.64452
37152 731112 17.43983904 7.960917738 11.99944452 0.010370424 0.055685562 0.249750956 0.42626578 1.654933333 2.11197419 0.279922273 0.002586195 0.011376602 0.010306838 0.077148006 0.1280778 0.009993073 1.6536 0.1998 0.349757538 244.314 0.029913111 0.081172046 0.005 41385.6 2419.2 15206.4 34560 21859.2 0.011761 162.1610349
37153 731113 17.3827067 7.96491331 11.93046321 0.010046036 0.056105076 0.253752108 0.430230253 1.6371008 2.042858211 0.277573234 0.002543325 0.011584952 0.009429506 0.071104251 0.128929646 0.010599347 1.836383467 0.2234624 0.370977149 242.3862 0.03 0.082 0.005 33264 2419.2 15206.4 34560 21859.2 0.014146 169.57836
37154 731114 17.32430745 7.969349915 11.85742909 0.009707661 0.056511272 0.258324419 0.434775502 1.617105067 1.971230673 0.275316741 0.002501038 0.011824506 0.008577554 0.065263119 0.129884827 0.011266077 2.041339733 0.2499952 0.394312696 240.4584 0.030102276 0.082889993 0.005038917 25920 2419.2 15206.4 34560 21859.2 0.016812 40.86936
37155 731115 17.26458881 7.974157705 11.78082483 0.00935861 0.056905719 0.26341968 0.439858337 1.595278933 1.897659592 0.273155812 0.002459507 0.012093206 0.007753105 0.059636215 0.130927445 0.011983363 2.2650576 0.2789568 0.419417706 238.518 0.030232871 0.083906566 0.00515157 25920 1814.4 12960 34560 21859.2 0.019717 109.06812
37156 731116 17.20349833 7.979266834 11.70113305 0.009002195 0.057289984 0.268989678 0.445435568 1.5719552 1.82271299 0.271093467 0.002418908 0.012388993 0.006958277 0.054235143 0.132041602 0.012741306 2.504125867 0.3099056 0.445945707 236.5776 0.030389144 0.085036534 0.005331816 22636.8 1814.4 12960 34560 21859.2 0.022817 170.28144
37157 731117 17.14098353 7.984607455 11.61883641 0.008641727 0.057665636 0.274986201 0.451464006 1.547466667 1.746958884 0.269132724 0.002379417 0.012709806 0.006195193 0.049071507 0.1332114 0.013530007 2.755133333 0.3424 0.47355023 234.6372 0.030568456 0.086266713 0.005573509 29462.4 1814.4 12960 34560 21859.2 0.026067 178.42356
37158 731118 17.07699195 7.990109722 11.53441755 0.008280517 0.058034244 0.281361038 0.457900462 1.522146133 1.670965295 0.267276603 0.002341206 0.013053588 0.005465971 0.044156911 0.134420942 0.014339566 3.0146688 0.3759984 0.501884802 232.6842 0.030768168 0.08758392 0.005870505 41385.6 3888 20217.6 34560 21859.2 0.029425 138.96036
37159 731119 17.01147113 7.995703786 11.4483591 0.007921877 0.058397375 0.288065979 0.464701746 1.4963264 1.595300241 0.265528121 0.002304452 0.013418278 0.004772734 0.039502958 0.135654331 0.015160084 3.279321067 0.4102592 0.530602951 230.7312 0.030985641 0.088974971 0.006216659 70156.8 3110.4 17712 34560 21859.2 0.032846 60.14736
37160 731120 16.94436859 8.001319803 11.36114372 0.007569117 0.058756599 0.29505281 0.471824669 1.470340267 1.520531742 0.263890298 0.002269328 0.013801818 0.0041176 0.035121254 0.136895669 0.015981663 3.545678933 0.4447408 0.559358207 228.7782 0.031218234 0.090426681 0.006605826 70156.8 2419.2 15206.4 34560 21859.2 0.036287 142.83864
37161 731121 16.87563187 8.006887924 11.27325404 0.007225549 0.059113483 0.302273322 0.479226042 1.444520533 1.447227817 0.262366153 0.002236011 0.014202148 0.003502692 0.031023401 0.138129058 0.016794403 3.8103312 0.4790016 0.587804098 226.8252 0.031463308 0.091925868 0.007031862 70156.8 2419.2 15206.4 34560 21859.2 0.039704 30.43656
37162 731122 16.8052085 8.012338303 11.18517271 0.006894485 0.059469595 0.309679301 0.486862675 1.4192 1.375956484 0.260958705 0.002204673 0.01461721 0.002930129 0.027221005 0.1393386 0.017588404 4.069866667 0.5126 0.615594153 224.8722 0.031718225 0.093459347 0.007488621 55296 2419.2 15206.4 34560 21859.2 0.043053 136.71504
37163 731123 16.73304603 8.017601094 11.09738237 0.006579235 0.059826505 0.317222538 0.49469138 1.394711467 1.307285764 0.259670972 0.002175491 0.015044943 0.002402031 0.023725668 0.140508398 0.018353769 4.320874133 0.5450944 0.6423819 222.9192 0.031980344 0.095013933 0.007969959 55296 1814.4 12960 34560 21859.2 0.046291 148.4406
37164 731124 16.65909197 8.022606449 11.01036567 0.006283111 0.06018578 0.32485482 0.502668965 1.371387733 1.241783675 0.258505973 0.002148639 0.015483288 0.00192052 0.020548995 0.141622555 0.019080596 4.5599424 0.5760432 0.667820868 220.9662 0.032247026 0.096576445 0.008469731 55296 1814.4 12960 34560 21859.2 0.049373 95.18796
37165 731125 16.58329386 8.027284522 10.92460524 0.006009424 0.060548989 0.332527936 0.510752243 1.3495616 1.180018237 0.257466727 0.002124291 0.015930187 0.001487716 0.017702591 0.142665173 0.019758988 4.783660267 0.6050048 0.691564586 219.0006 0.032515632 0.098133696 0.008981793 55296 1814.4 15206.4 33259.35484 21859.2 0.052257 137.71296
37166 731126 16.50559925 8.031565466 10.84058373 0.005761485 0.060917699 0.340193674 0.518898024 1.329565867 1.122557469 0.256556252 0.002102623 0.016383581 0.001105739 0.015198058 0.143620354 0.020379045 4.988616533 0.6315376 0.713266582 217.0476 0.032783522 0.099672505 0.0095 41385.6 1814.4 12960 33259.35484 21859.2 0.054898 106.43724
37167 731127 16.42595565 8.035379434 10.75878379 0.005542606 0.061293481 0.347803823 0.527063119 1.311733333 1.069969389 0.255777568 0.002083809 0.016841409 0.00077671 0.013047002 0.1444722 0.020930868 5.1714 0.6552 0.732580384 215.0946 0.033048056 0.101179686 0.010018207 41385.6 1814.4 12960 33259.35484 21859.2 0.057252 116.05356
37168 731128 16.34431061 8.03865658 10.67968805 0.005356098 0.0616779 0.355310172 0.535204337 1.2963968 1.022822018 0.255133694 0.002068024 0.017301612 0.000502749 0.011261025 0.145204814 0.021404558 5.328599467 0.6755504 0.749159522 213.1416 0.033306596 0.102642055 0.010530269 33264 1814.4 12960 33259.35484 21859.2 0.059277 125.35236
37169 731129 16.26061166 8.041327056 10.60377915 0.005205272 0.062072527 0.362664509 0.543278491 1.283889067 0.981683375 0.254627648 0.002055442 0.017762133 0.000285977 0.009851733 0.145802299 0.021790215 5.456803733 0.6921472 0.762657524 211.2012 0.033556502 0.10404643 0.011030041 50457.6 1814.4 15206.4 33259.35484 21859.2 0.060928 102.42288
37170 731130 16.17480633 8.043321016 10.53153975 0.00509344 0.06247893 0.369818623 0.55124239 1.274542933 0.947121478 0.254262449 0.002046239 0.01822091 0.000128515 0.008830728 0.146248757 0.022077941 5.5526016 0.7045488 0.772727919 209.2482 0.033795134 0.105379626 0.011511379 41385.6 1814.4 15206.4 33259.35484 21859.2 0.062161 94.16736
37171 731131 16.08684215 8.044568613 10.46345249 0.005023912 0.062898675 0.376724301 0.559052845 1.2686912 0.919704346 0.254041115 0.002040589 0.018675886 3.25E-05 0.008209616 0.14652829 0.022257835 5.612581867 0.7123136 0.779024234 207.3078 0.034019853 0.106628459 0.011968138 33264 1814.4 15206.4 33259.35484 21859.2 0.062933 57.1536
37172 731132 15.99666667 8.045 10.4 0.005 0.063333333 0.383333333 0.566666667 1.266666667 0.9 0.253966667 0.002038667 0.019125 0 0.008 0.146625 2.23E-02 5.633333333 0.715 0.7812 205.3674 0.034228019 0.107779746 0.012394174 91584 3110.4 20217.6 33259.35484 21859.2 0.0632 94.53024
37173 731133 15.90086317 8.044882914 10.3384901 0.005 0.0637889 0.389897369 0.574374785 1.267036411 0.884481 0.25411399 0.002039978 0.019600104 0.000174601 0.008007601 0.146612244 0.022301597 5.630080377 0.714330353 0.780555884 203.4396 0.034416994 0.108820302 0.012783341 65491.2 2419.2 15206.4 33259.35484 21859.2 0.06313 124.33176
37174 731134 15.79631549 8.044538118 10.2759727 0.005 0.064269362 0.396692246 0.582485426 1.268125243 0.869242339 0.254548719 0.002043857 0.020132536 0.000688772 0.008030186 0.146574679 0.022247399 5.620493959 0.712358357 0.778658966 201.5118 0.034584137 0.109736944 0.013129495 55296 1814.4 15206.4 33259.35484 21859.2 0.062922 33.54372
37175 731135 15.68342199 8.043975299 10.21254365 0.005 0.064773278 0.403706036 0.590981344 1.269902563 0.854285687 0.255259999 0.002050223 0.020719471 0.001528062 0.008067432 0.146513362 0.022158925 5.604832758 0.709139432 0.775562388 199.584 0.034726809 0.110516487 0.013426491 41385.6 1296 15206.4 33259.35484 21859.2 0.062584 109.27224
37176 731136 15.56258101 8.04320415 10.14829875 0.005 0.065299202 0.410926811 0.599845294 1.272337773 0.839612713 0.256236969 0.002058994 0.021358082 0.002678022 0.008119011 0.146429347 0.022037694 5.583355452 0.704728996 0.771319292 197.6688 0.034842371 0.111145748 0.013668184 41385.6 1296 12960 33259.35484 21859.2 0.062121 105.93828
37177 731137 15.4341909 8.042234358 10.08333383 0.005 0.065845692 0.418342641 0.609060029 1.275400273 0.825225087 0.257468772 0.00207009 0.022045543 0.004124203 0.008184598 0.146323691 0.021885223 5.556320717 0.699182469 0.765982821 195.7536 0.034928183 0.111611543 0.01384843 45792 1296 12960 33259.35484 21859.2 0.061538 110.70108
37178 731138 15.29865002 8.041075615 10.01774472 0.005 0.066411302 0.425941598 0.618608305 1.279059462 0.811124476 0.25894455 0.002083428 0.022779026 0.005852153 0.00826387 0.146197449 0.021703032 5.523987233 0.69255527 0.759606118 193.851 0.034981606 0.111900688 0.013961083 45792 1296 12960 33259.35484 21859.2 0.060842 39.44052
37179 731139 15.1563567 8.039737609 9.951627246 0.005 0.06699459 0.433711753 0.628472877 1.283284742 0.797312551 0.260653445 0.002098928 0.023555706 0.007847425 0.008356499 0.146051676 0.021492638 5.486613675 0.684902818 0.752242325 191.9484 0.035 0.112 0.014 41385.6 1296 12960 33259.35484 21859.2 0.060038 80.60472
37180 731140 15.00770931 8.038230032 9.885077222 0.005 0.067594112 0.441641177 0.638636497 1.288045514 0.78379098 0.2625846 0.002116509 0.024372757 0.010095567 0.00846216 0.14588743 0.02125556 5.444458723 0.676280532 0.743944585 190.0584 0.034924404 0.111795642 0.013945905 50457.6 1296 12960 33259.35484 21859.2 0.059132 40.27968
37181 731141 14.85310619 8.036562572 9.818190477 0.005 0.068208423 0.449717943 0.649081922 1.293311177 0.770561432 0.264727155 0.002136088 0.025227351 0.01258213 0.008580529 0.145705764 0.020993315 5.397781055 0.666743831 0.734766041 188.1684 0.034706897 0.111208114 0.013790383 33264 1296 12960 33259.35484 21859.2 0.05813 92.8746
37182 731142 14.69294569 8.034744919 9.751062834 0.005 0.06883608 0.45793012 0.659791906 1.299051132 0.757625578 0.267070253 0.002157586 0.026116663 0.015292664 0.00871128 0.145507736 0.020707424 5.346839346 0.656348134 0.724759835 186.3036 0.034361407 0.110275733 0.013543576 29462.4 1296 12960 33259.35484 21859.2 0.057038 105.87024
37183 731143 14.52762616 8.032786764 9.683790117 0.005 0.06947564 0.466265781 0.670749202 1.30523478 0.744985084 0.269603037 0.00218092 0.027037866 0.01821272 0.008854087 0.1452944 0.020399403 5.291892277 0.645148861 0.713979109 184.4388 0.033901856 0.109036814 0.013215627 22636.8 1296 12960 33259.35484 21859.2 0.055862 68.22144
37184 731144 14.35754594 8.030697796 9.61646815 0.005 0.070125657 0.474712997 0.681936566 1.311831521 0.732641622 0.272314647 0.002206009 0.027988134 0.021327848 0.009008625 0.145066813 0.020070772 5.233198523 0.63320143 0.702477007 182.574 0.03334217 0.107529677 0.012816679 22636.8 1296 12960 33259.35484 21859.2 0.054607 48.46716
37185 731145 14.18310339 8.028487705 9.549192757 0.005 0.070784689 0.483259838 0.693336752 1.318810756 0.720596859 0.275194227 0.002232773 0.02896464 0.024623598 0.00917457 0.144826029 0.019723048 5.171016763 0.62056126 0.690306671 180.7344 0.032696273 0.105792637 0.012356875 22636.8 1296 12960 33259.35484 21859.2 0.053279 115.87212
37186 731146 14.00469686 8.026166181 9.482059761 0.005 0.071451292 0.491894378 0.704932515 1.326141885 0.708852466 0.278230917 0.002261129 0.029964558 0.02808552 0.009351594 0.144573105 0.01935775 5.105605675 0.607283771 0.677521243 178.8948 0.031978091 0.103864012 0.011846356 50457.6 1814.4 17712 33259.35484 21859.2 0.051884 60.85044
37187 731147 13.8227247 8.023742913 9.415164987 0.005 0.072124022 0.500604685 0.716706609 1.333794309 0.69741011 0.281413861 0.002290997 0.030985061 0.031699164 0.009539374 0.144309096 0.018976396 5.037223937 0.593424381 0.664173866 177.0804 0.031201549 0.101782119 0.011295267 33264 1296 15206.4 33259.35484 21859.2 0.050428 123.65136
37188 731148 13.63758525 8.021227592 9.348604257 0.005 0.072801434 0.509378833 0.728641789 1.341737428 0.686271461 0.284732199 0.002322295 0.032023324 0.035450082 0.009737583 0.144035059 0.018580505 4.966130225 0.57903851 0.650317683 175.266 0.030380571 0.099585274 0.010713749 22636.8 1296 15206.4 33259.35484 21859.2 0.048917 117.21024
37189 731149 13.44967687 8.018629908 9.282473398 0.005 0.073482086 0.518204892 0.740720809 1.349940643 0.675438189 0.288175075 0.002354942 0.033076519 0.039323822 0.009945896 0.143752048 0.018171595 4.892583218 0.564181577 0.636005837 173.4642 0.029529082 0.097311796 0.010111946 19526.4 1296 15206.4 33259.35484 21859.2 0.047356 99.70128
37190 731150 13.2593979 8.015959549 9.21686823 0.005 0.074164532 0.527070934 0.752926423 1.358373354 0.664911962 0.291731629 0.002388856 0.03414182 0.043305935 0.010163989 0.143461119 0.017751185 4.816841594 0.548909001 0.621291469 171.675 0.028661006 0.095 0.0095 13824 1296 15206.4 33259.35484 21859.2 0.045751 103.57956
37191 731151 13.06714669 8.013226207 9.15188458 0.005 0.074847331 0.535965029 0.765241386 1.367004961 0.65469445 0.295391005 0.002423957 0.035216402 0.047381972 0.010391534 0.143163329 0.017320792 4.73916403 0.5332762 0.606227723 169.8984 0.02779027 0.092688204 0.008888054 13824 1296 15206.4 33259.35484 21859.2 0.044109 44.58888
37192 731152 12.8733216 8.01043957 9.087618271 0.005 0.075529037 0.54487525 0.777648454 1.375804866 0.644787321 0.299142344 0.002460164 0.036297436 0.051537483 0.010628209 0.142859732 0.016881935 4.659809204 0.517338595 0.590867741 168.1344 0.026930797 0.090414726 0.008286251 13824 1296 15206.4 33259.35484 21859.2 0.042435 47.69604
37193 731153 12.67832097 8.007609329 9.024165126 0.005 0.076208206 0.553789667 0.790130379 1.384742468 0.635192245 0.302974787 0.002497394 0.037382098 0.055758017 0.010873686 0.142551385 0.016436133 4.579035794 0.501151603 0.575264666 166.3956 0.026096512 0.088217881 0.007704733 13824 1296 15206.4 33259.35484 21859.2 0.040734 9.45756
37194 731154 12.48254315 8.004745174 8.961620969 0.005 0.076883396 0.562696353 0.802669917 1.393787169 0.62591089 0.306877478 0.002535566 0.038467561 0.060029126 0.01112764 0.142239343 0.015984904 4.497102477 0.484770645 0.55947164 164.6568 0.025301341 0.086135988 0.007153644 13824 1296 15206.4 33259.35484 21859.2 0.039013 5.67
37195 731155 12.28638649 8.001856794 8.900081624 0.005 0.077553162 0.571583377 0.815249822 1.402908369 0.616944926 0.310839557 0.002574601 0.039550997 0.064336359 0.011389746 0.141924661 0.015529766 4.414267931 0.46825114 0.543541806 162.9432 0.024559208 0.084207363 0.006643125 13824 1296 15206.4 33259.35484 21859.2 0.037278 42.6384
37196 731156 12.09024934 7.99895388 8.839642916 0.005 0.07821606 0.580438812 0.827852849 1.412075467 0.608296022 0.314850168 0.002614415 0.040629582 0.068665267 0.01165968 0.141608396 0.015072237 4.330790835 0.451648505 0.527528307 161.2422 0.023884038 0.082470323 0.006183321 13824 1296 15206.4 34560 21859.2 0.035534 35.3808
37197 731157 11.89453005 7.99604612 8.780400667 0.005 0.078870647 0.589250728 0.840461752 1.421257866 0.599965847 0.318898451 0.002654928 0.041700487 0.0730014 0.011937114 0.141291604 0.014613837 4.246929865 0.435018161 0.511484284 159.5538 0.023289755 0.080963186 0.005784373 13824 1296 15206.4 34560 21859.2 0.033786 26.92116
37198 731158 11.69962697 7.993143206 8.722450702 0.005 0.079515479 0.598007198 0.853059286 1.430424965 0.59195607 0.32297355 0.002696058 0.042760888 0.077330307 0.012221725 0.140975339 0.014156082 4.162943699 0.418415527 0.495462882 157.878 0.022790285 0.079724267 0.005456424 16588.8 1296 15206.4 34560 21859.2 0.032042 19.3914
37199 731159 11.50593845 7.990254826 8.665888845 0.005 0.080149111 0.606696292 0.865628204 1.439546164 0.584268361 0.327064605 0.002737725 0.043807958 0.08163754 0.012513186 0.140660657 0.013700493 4.079091015 0.401896021 0.479517242 156.2274 0.022399553 0.078791886 0.005209617 16588.8 1296 15206.4 34560 21859.2 0.030307 81.9882
37200 731160 11.31386284 7.987390671 8.610810919 0.005 0.0807701 0.615306082 0.878151263 1.448590865 0.576904387 0.331160759 0.002779847 0.04483887 0.085908649 0.012811173 0.140348615 0.013248586 3.995630492 0.385515063 0.463700507 154.5894 0.022131483 0.078204358 0.005054095 16588.8 1296 15206.4 34560 21859.2 0.028586 110.95056
37201 731161 11.12379848 7.98456043 8.557312748 0.005 0.081377003 0.623824638 0.890611216 1.457528467 0.56986582 0.335251155 0.002822342 0.045850797 0.090129184 0.013115359 0.140040268 0.012801881 3.912820805 0.369328072 0.448065819 152.9766 0.022 0.078 0.005 16588.8 1296 15206.4 34560 21859.2 0.026885 113.4
37202 731162 10.93614373 7.981773793 8.505490157 0.005 0.081968375 0.632240034 0.902990817 1.466328372 0.563154326 0.339324933 0.00286513 0.046840914 0.094284694 0.01342542 0.139736671 0.012361895 3.830920634 0.353390467 0.432666322 151.3764 0.021942348 0.078008456 0.005 16588.8 1296 15206.4 34560 21859.2 0.025211 101.10744
37203 731163 10.75129694 7.979040451 8.455438968 0.005 0.082542772 0.640540338 0.915272822 1.47495998 0.556771576 0.343371236 0.00290813 0.047806394 0.098360731 0.01374103 0.139438881 0.011930147 3.750188656 0.337757666 0.417555157 149.7888 0.021886482 0.078035805 0.005 16588.8 1296 15206.4 34560 21859.2 0.023569 82.87272
37204 731164 10.56965645 7.976370092 8.407255007 0.005 0.083098752 0.648713624 0.927439985 1.483392691 0.550719239 0.347379206 0.002951259 0.04874441 0.102342845 0.014061864 0.139147952 0.011508156 3.670883549 0.32248509 0.402785468 148.2264 0.021832395 0.078085023 0.005 41385.6 1814.4 12960 34560 21859.2 0.021964 27.47078809
37205 731165 10.39162062 7.973772408 8.361034096 0.005 0.083634869 0.656747962 0.93947506 1.491595905 0.544998984 0.351337985 0.002994437 0.049652137 0.106216585 0.014387596 0.138864941 0.01109744 3.59326399 0.307628157 0.388410397 146.6892 0.021780081 0.078159081 0.005 25920 1814.4 12960 34560 21859.2 0.020403 57.9474
37206 731166 10.21758779 7.971257087 8.316872059 0.005 0.08414968 0.664631424 0.951360801 1.499539024 0.539612479 0.355236715 0.003037582 0.050526747 0.109967502 0.014717901 0.138590904 0.010699517 3.517588658 0.293242286 0.374483086 145.1646 0.021729533 0.078260954 0.005 22636.8 2419.2 12960 34560 21859.2 0.018892 38.2158
37207 731167 10.04795631 7.968833819 8.274864721 0.005 0.084641741 0.67235208 0.963079964 1.507191448 0.534561394 0.359064538 0.003080613 0.051365415 0.113581147 0.015052454 0.138326895 0.010315905 3.444116229 0.279382896 0.361056679 143.6652 0.021680744 0.078393615 0.005 41385.6 2419.2 15206.4 34560 21859.2 0.017436 77.40684
37208 731168 9.883124533 7.966512295 8.235107905 0.005 0.085109609 0.679898003 0.974615303 1.514522577 0.529847399 0.362810596 0.003123449 0.052165314 0.117043069 0.01539093 0.138073971 0.009948123 3.373105382 0.266105407 0.348184317 142.1784 0.021633706 0.078560038 0.005 37152 1814.4 15206.4 34560 21859.2 0.016041 53.6382
37209 731169 9.72349081 7.964302204 8.197697435 0.005 0.08555184 0.687257263 0.985949571 1.521501812 0.525472161 0.366464031 0.003166009 0.052923617 0.120338819 0.015733002 0.137833187 0.00959769 3.304814795 0.253465237 0.335919144 140.7294 0.021588414 0.078763197 0.005 33264 1814.4 15206.4 34560 21859.2 0.014713 79.24392
37210 731170 9.569453488 7.962213236 8.162729135 0.005 0.085966989 0.694417932 0.997065525 1.528098553 0.521437351 0.370013984 0.003208211 0.053637498 0.123453946 0.016078346 0.1376056 0.009266123 3.239503144 0.241517806 0.324314301 139.2804 0.021544859 0.079006065 0.005 25920 1296 15206.4 34560 21859.2 0.013458 82.215
37211 731171 9.421410916 7.960255081 8.130298828 0.005 0.086353613 0.701368081 1.007945918 1.534282201 0.517744638 0.373449599 0.003249974 0.054304132 0.126374002 0.016426636 0.137392264 0.008954941 3.177429108 0.230318532 0.313422933 137.8692 0.021503036 0.079291615 0.005 16588.8 1296 12960 34560 21859.2 0.012282 58.12884
37212 731172 9.279761445 7.958437428 8.100502339 0.005 0.086710268 0.708095781 1.018573505 1.540022156 0.514395689 0.376760016 0.003291217 0.05492069 0.129084537 0.016777547 0.137194236 0.008665662 3.118851365 0.219922835 0.30329818 136.4832 0.021462938 0.079622822 0.005 16588.8 1296 12960 34560 21859.2 0.01119 9.43488
37213 731173 9.144903422 7.956769968 8.073435492 0.005 0.087035511 0.714589105 1.02893104 1.545287819 0.511392175 0.379934379 0.003331859 0.055484348 0.1315711 0.017130754 0.13701257 0.008399805 3.064028592 0.210386134 0.293993187 135.1098 0.021424556 0.080002658 0.005 16588.8 1296 12960 34560 21859.2 0.010188 20.412
37214 731174 9.017235198 7.955262391 8.04919411 0.005 0.087327897 0.720836122 1.039001278 1.550048591 0.508735765 0.382961828 0.003371817 0.055992278 0.133819242 0.01748593 0.136848324 0.008158888 3.013219467 0.201763848 0.285561094 133.7742 0.021387886 0.080434098 0.005 16588.8 1296 12960 34560 21859.2 0.0092819 35.01792
37215 731175 8.897155122 7.953924385 8.027874017 0.005 0.087585982 0.726824905 1.048766973 1.554273871 0.506428128 0.385831506 0.003411012 0.056441654 0.135814513 0.017842752 0.136702551 0.00794443 2.966682668 0.194111396 0.278055046 132.4512 0.021352919 0.080920115 0.005 16588.8 1296 12960 34560 21859.2 0.0084779 32.16024
37216 731176 8.785061543 7.952765642 8.009571037 0.005 0.087808323 0.732543524 1.05821088 1.557933061 0.504470932 0.388532555 0.003449361 0.056829649 0.137542464 0.018200893 0.136576309 0.007757948 2.924676873 0.187484197 0.271528185 131.1534 0.021319649 0.081463682 0.005 16588.8 1296 12960 34560 21859.2 0.0077817 17.30484
37217 731177 8.68135281 7.95179585 7.994380994 0.005 0.087993477 0.737980051 1.067315753 1.56099556 0.502865848 0.391054117 0.003486784 0.057153439 0.138988644 0.018560028 0.136470653 0.007600961 2.887460758 0.181937671 0.266033652 129.8934 0.02128807 0.082067774 0.005 16588.8 1296 12960 34560 21859.2 0.007199 27.5562
37218 731178 8.586427274 7.951024701 7.982399712 0.005 0.088139998 0.743122558 1.076064347 1.56343077 0.501614543 0.393385334 0.003523199 0.057410195 0.140138604 0.018919831 0.136386638 0.007474988 2.855293003 0.177527235 0.261624591 128.646 0.021258173 0.082735364 0.005 37152 1296 12960 34560 21859.2 0.0067357 14.08428
37219 731179 8.500683283 7.950461882 7.973723014 0.005 0.088246444 0.747959115 1.084439417 1.565208091 0.500718687 0.395515347 0.003558524 0.057597091 0.140977895 0.019279978 0.136325321 0.007381547 2.828432284 0.17430831 0.258354145 127.4364 0.021229952 0.083469425 0.005 29462.4 1296 12960 34560 21859.2 0.0063975 13.9482
37220 731180 8.424519186 7.950117086 7.968446724 0.005 0.08831137 0.752477794 1.092423716 1.566296923 0.50017995 0.3974333 0.00359268 0.057711302 0.141492065 0.019640143 0.136287756 0.007322156 2.807137279 0.172336314 0.256275456 126.2394 0.021203401 0.084272931 0.005 37152 1296 12960 34560 21859.2 0.0061903 14.87808
37221 731181 8.358333333 7.95 7.966666667 0.005 0.088333333 0.756666667 1.1 1.566666667 0.5 0.399128333 0.003625583 0.05775 0.141666667 0.02 0.136275 0.007298333 2.791666667 0.171666667 0.255441667 125.0802 0.021178513 0.085148855 0.005 41385.6 1296 12960 34560 21859.2 0.00612 28.0098
37222 731182 8.297452488 7.950123658 7.967167386 0.005 0.08833024 0.760659019 1.107375576 1.566513885 0.500601579 0.400684589 0.003658142 0.057735724 0.141635633 0.02037745 0.136291801 0.007292837 2.779254969 0.171671383 0.255249296 123.9462 0.02115528 0.086100172 0.005 41385.6 1296 12960 34560 21859.2 0.0061282 30.52728
37223 731183 8.236940908 7.950491377 7.968659319 0.005 0.088320988 0.764596602 1.114768059 1.56605956 0.502390483 0.402194158 0.003691305 0.057693273 0.141543348 0.020790105 0.136341763 0.007287412 2.766964275 0.171685604 0.255059426 122.84118 0.021133695 0.087129855 0.005 50457.6 1296 12960 34560 21859.2 0.0061528 41.98068
37224 731184 8.176803179 7.951098277 7.971127127 0.005 0.088305617 0.768480181 1.122175668 1.565309723 0.505342968 0.403658107 0.003725054 0.057623211 0.141391037 0.021237209 0.136424221 0.007282058 2.75479461 0.17170944 0.254872046 121.76388 0.021113753 0.088240877 0.005 50457.6 1296 15206.4 34560 21859.2 0.0061941 58.03812
37225 731185 8.117043891 7.951939475 7.974555474 0.005 0.08828417 0.772310523 1.12959662 1.564270404 0.509435285 0.405077502 0.003759369 0.057526099 0.141179926 0.021718005 0.136538514 0.007276776 2.742745999 0.171743002 0.254687143 120.71682 0.021095445 0.089436212 0.005 45792 1296 12960 34560 21859.2 0.0062522 83.87064
37226 731186 8.057667631 7.953010092 7.978929022 0.005 0.088256687 0.776088394 1.137029132 1.562947635 0.514643689 0.406453409 0.003794234 0.057402503 0.140911238 0.022231739 0.136683977 0.007271563 2.730818468 0.1717864 0.254504705 119.7 0.021078765 0.090718833 0.005 45792 1296 15206.4 34560 10086.503 0.0063272 25.37892
37227 731187 7.998678988 7.954305245 7.984232432 0.005 0.088223208 0.779814561 1.144471422 1.561347446 0.520944433 0.407786895 0.003829629 0.057252985 0.1405862 0.022777652 0.136859948 0.007266421 2.719012042 0.171839742 0.25432472 118.70586 0.021063707 0.092091715 0.005 41385.6 1296 12960 34560 10086.503 0.0064194 15.6492
37228 731188 7.940082548 7.955820053 7.990450367 0.005 0.088183776 0.783489788 1.151921707 1.559475868 0.528313771 0.409079025 0.003865536 0.05707811 0.140206036 0.02335499 0.137065763 0.007261348 2.707326747 0.17190314 0.254147177 117.72558 0.021050263 0.09355783 0.005 41385.6 1296 12960 34560 10086.503 0.0065289 6.44112
37229 731189 7.881882902 7.957549635 7.997567489 0.005 0.08813843 0.787114844 1.159378205 1.557338932 0.536727955 0.410330867 0.003901936 0.05687844 0.139771971 0.023962995 0.137300759 0.007256345 2.695762607 0.171976704 0.253972062 116.75916 0.021038427 0.095120153 0.005 41385.6 1296 12960 34560 10086.503 0.0066559 29.77884
37230 731190 7.824084635 7.959489111 8.005568461 0.005 0.088087212 0.790690494 1.166839132 1.554942669 0.54616324 0.411543485 0.003938812 0.056654539 0.13928523 0.024600913 0.137564273 0.00725141 2.68431965 0.172060542 0.253799364 115.8066 0.02102819 0.096781657 0.005 41385.6 1296 12960 34560 10086.503 0.0068006 38.19312
37231 731191 7.766692338 7.961633597 8.014437946 0.005 0.088030164 0.794217504 1.174302707 1.55229311 0.556595879 0.412717948 0.003976144 0.056406971 0.138747038 0.025267985 0.137855642 0.007246545 2.672997899 0.172154767 0.253629071 114.8679 0.021019548 0.098545315 0.005 41385.6 1296 12960 34560 10086.503 0.006963 42.09408
37232 731192 7.709710596 7.963978215 8.024160604 0.005 0.087967325 0.79769664 1.181767147 1.549396285 0.568002126 0.41385532 0.004013915 0.056136299 0.13815862 0.025963457 0.138174202 0.007241748 2.661797381 0.172259486 0.25346117 113.94306 0.021012492 0.100414101 0.005 41385.6 1296 12960 34560 10086.503 0.0071435 46.65276
37233 731193 7.653144 7.966518081 8.034721099 0.005 0.087898737 0.80112867 1.189230669 1.546258226 0.580358233 0.414956668 0.004052105 0.055843086 0.137521202 0.026686572 0.138519291 0.007237019 2.65071812 0.172374812 0.253295651 113.02956 0.021007017 0.102390989 0.005 41385.6 1296 12960 34560 10086.503 0.0073421 34.4736
37234 731194 7.596997136 7.969248316 8.046104093 0.005 0.087824442 0.804514358 1.19669149 1.542884964 0.593640455 0.416023059 0.004090697 0.055527897 0.136836008 0.027436574 0.138890244 0.007232357 2.639760143 0.172500853 0.2531325 112.1274 0.021003114 0.104478953 0.005 41385.6 1296 12960 34560 10086.503 0.007559 64.59264
37235 731195 7.541274592 7.972164037 8.058294249 0.005 0.087744479 0.807854472 1.204147829 1.539282528 0.607825045 0.417055558 0.004129673 0.055191295 0.136104264 0.028212707 0.139286399 0.007227763 2.628923475 0.172637719 0.252971705 111.23784 0.021000777 0.106680965 0.005 41385.6 1296 12960 34560 10086.503 0.0077944 14.6286
37236 731196 7.485980957 7.975260364 8.071276228 0.005 0.087658891 0.811149777 1.211597902 1.535456951 0.622888256 0.418055232 0.004169013 0.054833842 0.135327193 0.029014214 0.139707093 0.007223236 2.618208141 0.172785521 0.252813255 110.35962 0.021 0.109 0.005 37152 1296 12960 34560 10086.503 0.0080485 45.15588
37237 731197 7.431120819 7.978532415 8.085034693 0.005 0.087567717 0.81440104 1.219039927 1.531414262 0.638806341 0.419023147 0.004208699 0.054456103 0.134506022 0.029840339 0.140151663 0.007218775 2.607614167 0.172944368 0.252657138 109.49274 0.021 0.108890596 0.005 41385.6 1296 12960 34560 10086.503 0.0083214 69.71832
37238 731198 7.376698766 7.981975309 8.099554306 0.005 0.087470999 0.817609027 1.226472122 1.527160494 0.655555556 0.41996037 0.004248714 0.054058642 0.133641975 0.030690326 0.140619444 0.007214381 2.597141579 0.173114371 0.252503341 108.63594 0.021 0.108571138 0.005 41385.6 1296 10713.6 34560 10086.503 0.0086133 26.55828
37239 731199 7.322719386 7.985584164 8.11481973 0.005 0.087368779 0.820774504 1.233892703 1.522701676 0.673112151 0.420867966 0.004289038 0.053642021 0.132736278 0.031563419 0.141109775 0.007210053 2.586790401 0.17329564 0.252351852 107.78796 0.021 0.108054753 0.005 41385.6 1296 10713.6 34560 10086.503 0.0089243 92.5344
37240 731200 7.269187266 7.989354101 8.130815626 0.005 0.087261096 0.823898238 1.241299888 1.518043839 0.691452383 0.421747002 0.004329653 0.053206805 0.131790155 0.032458861 0.141621992 0.00720579 2.576560659 0.173488284 0.25220266 106.95006 0.021 0.10735457 0.005 37152 1296 10713.6 34560 10086.503 0.0092547 58.33296
37241 731201 7.216106996 7.993280237 8.147526658 0.005 0.087147993 0.826980995 1.248691895 1.513193015 0.710552502 0.422598545 0.004370541 0.052753556 0.130804831 0.033375897 0.142155431 0.007201593 2.566452378 0.173692414 0.252055752 106.12224 0.021 0.106483717 0.005 33264 1296 10713.6 34560 10086.503 0.0096046 12.56472
37242 731202 7.163483162 7.99735769 8.164937487 0.005 0.08702951 0.830023541 1.256066941 1.508155234 0.730388765 0.42342366 0.004411683 0.052282838 0.129781532 0.03431377 0.142709429 0.00719746 2.556465585 0.17390814 0.251911116 105.30198 0.021 0.105455323 0.005 33264 1296 10713.6 34560 10086.503 0.0099742 24.13152
37243 731203 7.111320353 8.001581581 8.183032776 0.005 0.086905687 0.833026642 1.263423244 1.502936528 0.750937422 0.424223413 0.004453061 0.051795215 0.128721482 0.035271724 0.143283324 0.007193393 2.546600305 0.174135571 0.25176874 104.49054 0.021 0.104282516 0.005 33264 1296 10713.6 34560 10086.503 0.010364 74.5038
37244 731204 7.059623158 8.005947028 8.201797186 0.005 0.086776567 0.835991064 1.27075902 1.497542926 0.772174729 0.424998872 0.004494656 0.05129125 0.127625907 0.036249002 0.143876451 0.007189389 2.536856562 0.174374818 0.251628612 103.68666 0.021 0.102978425 0.005 33264 1296 10713.6 34560 10086.503 0.010773 7.55244
37245 731205 7.008396163 8.010449149 8.221215382 0.005 0.08664219 0.838917575 1.278072488 1.49198046 0.794076939 0.425751102 0.004536451 0.050771508 0.126496031 0.037244849 0.144488149 0.007185449 2.527234383 0.174625991 0.25149072 102.89034 0.021 0.101556177 0.005 37152 1296 10713.6 34560 10086.503 0.011203 21.75012
37246 731206 6.957643958 8.015083063 8.241272024 0.005 0.086502597 0.841806939 1.285361864 1.486255161 0.816620304 0.42648117 0.004578426 0.05023655 0.12533308 0.038258508 0.145117753 0.007181573 2.517733793 0.1748892 0.251355053 102.10158 0.021 0.100028903 0.005 37152 1296 10713.6 34560 10086.503 0.011653 33.63444
37247 731207 6.907371129 8.019843889 8.261951775 0.005 0.086357829 0.844659924 1.292625367 1.480373059 0.83978108 0.427190141 0.004620564 0.049686941 0.124138278 0.039289224 0.1457646 0.00717776 2.508354817 0.175164554 0.251221597 101.31912 0.021 0.098409729 0.005 37152 1296 10713.6 34560 10086.503 0.012123 82.15757617
37248 731208 6.857582266 8.024726745 8.283239297 0.005 0.086207927 0.847477296 1.299861213 1.474340186 0.863535518 0.427879082 0.004662846 0.049123244 0.12291285 0.040336239 0.146428028 0.00717401 2.499097481 0.175452164 0.25109034 100.5417 0.021 0.096711785 0.005 33264 1296 10713.6 34560 10086.503 0.012614 0
37249 731209 6.808281956 8.029726752 8.305119253 0.005 0.086052932 0.85025982 1.30706762 1.468162572 0.887859873 0.42854906 0.004705253 0.048546024 0.121658022 0.041398798 0.147107372 0.007170322 2.48996181 0.17575214 0.250961272 99.77184 0.021 0.094948199 0.005 37152 1296 10713.6 34560 10086.503 0.013126 97.90811234
37250 731210 6.759474787 8.034839026 8.327576306 0.005 0.085892886 0.853008264 1.314242806 1.461846248 0.912730398 0.42920114 0.004747767 0.047955842 0.120375019 0.042476144 0.14780197 0.007166697 2.48094783 0.176064592 0.250834379 99.00576 0.021 0.093132099 0.005 37152 1296 10713.6 34560 10086.503 0.013659 0
37251 731211 6.711165347 8.040058688 8.350595116 0.005 0.085727828 0.855723393 1.321384987 1.455397245 0.938123346 0.42983639 0.00479037 0.047353263 0.119065065 0.043567521 0.148511159 0.007163133 2.472055567 0.17638963 0.25070965 98.24472 0.021 0.091276613 0.005 41385.6 1296 10713.6 34560 10086.503 0.014214 86.55846128
37252 731212 6.663358225 8.045380855 8.374160347 0.005 0.085557801 0.858405973 1.328492382 1.448821595 0.964014972 0.430455874 0.004833043 0.046738851 0.117729386 0.044672174 0.149234275 0.007159631 2.463285045 0.176727363 0.250587072 97.48872 0.021 0.089394871 0.005 41385.6 1296 10713.6 34560 10086.503 0.014789 83.98404
37253 731213 6.616058008 8.050800647 8.398256661 0.005 0.085382845 0.861056771 1.335563207 1.442125326 0.990381527 0.43106066 0.004875768 0.046113169 0.116369207 0.045789345 0.149970656 0.00715619 2.45463629 0.177077903 0.250466634 96.7365 0.021 0.0875 0.005 41385.6 1296 10713.6 34560 10086.503 0.015386 96.32196
37254 731214 6.569269285 8.056313183 8.42286872 0.005 0.085203 0.863676554 1.34259568 1.435314472 1.017199267 0.431651813 0.004918527 0.045476779 0.114985752 0.046918279 0.150719637 0.007152809 2.446109328 0.177441358 0.250348324 95.98806 0.021 0.085605129 0.005 41385.6 1296 10713.6 34560 10086.503 0.016005 97.31988
37255 731215 6.522996643 8.06191358 8.447981186 0.005 0.085018309 0.866266086 1.349588019 1.428395062 1.044444444 0.4322304 0.004961301 0.044830247 0.113580247 0.048058219 0.151480556 0.007149489 2.437704184 0.17781784 0.250232128 95.24214 0.021 0.083723387 0.005 41385.6 1296 10713.6 34560 10086.503 0.016646 16.01208
37256 731216 6.477244671 8.067596959 8.473578723 0.005 0.084828813 0.868826136 1.356538441 1.421373127 1.072093313 0.432797488 0.005004071 0.044174135 0.112153916 0.04920841 0.152252749 0.00714623 2.429420883 0.178207457 0.250118036 94.5 0.021 0.081867901 0.005 41385.6 1296 12960 34560 7171.2 0.017309 38.17044
