date t temp ph ox ortp nh4 no silica cod bod phyto chla chlor dyno chrys crip daph eudi cyc daph_lit light ortp_krivica ortp_misca ortp_radovna q_jezernica q_krivica q_misca q_radovna q_natega diat light_m
34710 728670 4.8 7.98 7.285 0.007166667 0.4375 0.656666667 1.323833333 2.140687919 0.479523705 0.60547 0.00109 0.00225 0.001 0 0.28635 0.015798333 5.391666667 0.135 0.552941667 102.42918 0.01950585 0.057206751 0.007413984 33264 777.6 13651.2 34560 26265.6 0.042787 70.21728
34711 728671 4.774654464 7.979035291 7.351623281 0.007166753 0.437482615 0.665189802 1.323812002 2.118368356 0.49333504 0.605656958 0.001137931 0.00225 0.001000495 0 0.285465078 0.015390619 5.294683809 0.129911894 0.538671656 103.2507 0.02000772 0.060357584 0.009752535 25920 777.6 13651.2 34560 26265.6 0.04337 94.66632
34712 728672 4.750214028 7.978105032 7.417922533 0.007167014 0.437430484 0.673745118 1.323747973 2.096845833 0.507278104 0.606216102 0.001185714 0.00225 0.001001991 0 0.284556065 0.01498627 5.198583215 0.124983221 0.524519435 104.07852 0.020505613 0.063450049 0.01201586 19526.4 777.6 11232 34560 26265.6 0.044329 55.36188
34713 728673 4.726662235 7.977208597 7.483899009 0.007167451 0.437343642 0.682332314 1.323641197 2.07610586 0.521351446 0.607144836 0.001233349 0.00225 0.001004504 0 0.283623286 0.014585412 5.103374952 0.120211494 0.510489428 104.91516 0.020999537 0.066481696 0.014204168 19526.4 777.6 11232 34560 26265.6 0.045658 99.65592
34714 728674 4.703982629 7.97634536 7.549553965 0.007168067 0.437222125 0.690951088 1.323491625 2.056133944 0.535553617 0.608440565 0.001280836 0.00225 0.001008049 0 0.282667068 0.014188173 5.009069084 0.115594226 0.49658606 105.75936 0.021489496 0.069450075 0.016317666 19526.4 777.6 11232 34560 26265.6 0.04735 111.44952
34715 728675 4.682158754 7.975514693 7.614888653 0.007168863 0.437065968 0.699601138 1.323299206 2.036915595 0.549883169 0.610100695 0.001328178 0.00225 0.001012641 0 0.281687735 0.013794679 4.915675677 0.111128931 0.482813756 106.61112 0.021975497 0.072352738 0.018356561 19526.4 777.6 13651.2 34560 26265.6 0.049397 44.02188
34716 728676 4.661174153 7.974715971 7.679904329 0.007169842 0.436875206 0.708282164 1.32306389 2.01843632 0.56433865 0.612122629 0.001375374 0.00225 0.001018296 0 0.280685615 0.013405055 4.823204798 0.106813123 0.469176939 107.47296 0.022457546 0.075187233 0.020321061 19526.4 777.6 13651.2 34560 26265.6 0.051794 98.3178
34717 728677 4.64101237 7.973948568 7.744602247 0.007171007 0.436649876 0.716993864 1.322785627 2.000681628 0.578918612 0.614503773 0.001422425 0.00225 0.00102503 0 0.279661033 0.01301943 4.731666511 0.102644314 0.455680035 108.34362 0.022935648 0.077951111 0.022211373 19526.4 1123.2 13651.2 34560 26265.6 0.054534 51.73308
34718 728678 4.621656948 7.973211856 7.808983661 0.007172359 0.436390012 0.725735936 1.322464367 1.983637026 0.593621606 0.61724153 0.001469333 0.00225 0.001032858 0 0.278614314 0.012637928 4.641070882 0.098620019 0.442327468 109.22436 0.023409809 0.080641923 0.024027706 19526.4 1123.2 13651.2 34560 26265.6 0.057609 12.76884
34719 728679 4.603091432 7.97250521 7.873049825 0.0071739 0.436095649 0.73450808 1.322100061 1.967288024 0.608446182 0.620333307 0.001516098 0.00225 0.001041795 0 0.277545784 0.012260676 4.551427978 0.094737752 0.429123663 110.11518 0.023880035 0.083257218 0.025770268 22636.8 1641.6 13651.2 34560 26265.6 0.061014 26.80776
34720 728680 4.585299365 7.971828004 7.936801993 0.007175633 0.435766825 0.743309993 1.321692657 1.95162013 0.62339089 0.623776507 0.001562721 0.00225 0.001051858 0 0.27645577 0.011887801 4.462747862 0.090995024 0.416073044 111.01734 0.024346332 0.085794548 0.027439264 25920 1641.6 13651.2 34560 26265.6 0.06474 12.15648
34721 728681 4.568264291 7.97117961 8.000241421 0.007177559 0.435403573 0.752141375 1.321242107 1.936618852 0.638454282 0.627568536 0.001609202 0.00225 0.001063062 0 0.275344597 0.01151943 4.375040602 0.087389351 0.403180036 111.93084 0.024808706 0.088251461 0.029034904 33264 1641.6 18662.4 34560 26265.6 0.068782 31.11696
34722 728682 4.551969752 7.970559402 8.063369361 0.007179682 0.435005929 0.761001924 1.320748361 1.922269699 0.653634907 0.631706798 0.001655544 0.00225 0.001075422 0 0.27421259 0.011155688 4.288316263 0.083918246 0.390449064 112.85568 0.025267161 0.090625509 0.030557395 33264 1641.6 18662.4 34560 26265.6 0.073134 16.60176
34723 728683 4.536399294 7.969966755 8.126187069 0.007182003 0.43457393 0.769891339 1.320211367 1.908558178 0.668931316 0.636188697 0.001701746 0.00225 0.001088954 0 0.273060076 0.010796701 4.20258491 0.080579221 0.377884551 113.79312 0.025721705 0.092914241 0.032006945 50457.6 2851.2 18662.4 34560 26265.6 0.077787 47.69604
34724 728684 4.521536458 7.969401042 8.188695799 0.007184524 0.434107609 0.778809318 1.319631077 1.895469799 0.68434206 0.64101164 0.001747809 0.00225 0.001103673 0 0.27188738 0.010442598 4.117856609 0.077369792 0.365490924 114.7419 0.026172343 0.095115208 0.033383761 41385.6 2246.4 16156.8 34560 26265.6 0.082735 58.19688
34725 728685 4.50736479 7.968861636 8.250896804 0.007187247 0.433607003 0.78775556 1.31900744 1.882990069 0.699865689 0.646173029 0.001793734 0.00225 0.001119596 0 0.270694829 0.010093503 4.034141426 0.07428747 0.353272605 115.7058 0.02661908 0.09722596 0.034688051 33264 2246.4 18662.4 34560 26265.6 0.087972 11.06784
34726 728686 4.493867833 7.968347911 8.31279134 0.007190175 0.433072147 0.796729764 1.318340407 1.871104496 0.715500755 0.651670271 0.001839523 0.00225 0.001136736 0 0.269482747 0.009749543 3.951449426 0.07132977 0.341234021 116.6823 0.027061923 0.099244048 0.035920022 61084.8 4060.8 36201.6 34560 26265.6 0.093491 70.12656
34727 728687 4.48102913 7.96785924 8.374380661 0.00719331 0.432503077 0.805731628 1.317629927 1.85979859 0.731245806 0.65750077 0.001885175 0.00225 0.001155111 0 0.268251461 0.009410846 3.869790676 0.068494205 0.329379595 117.67392 0.027500877 0.10116702 0.037079882 50457.6 2851.2 29980.8 34560 26265.6 0.099285 30.07368
34728 728688 4.468832225 7.967394998 8.43566602 0.007196654 0.431899828 0.814760851 1.31687595 1.849057859 0.747099395 0.66366193 0.001930692 0.00225 0.001174736 0 0.267001297 0.009077536 3.78917524 0.065778289 0.317713752 118.6794 0.027935948 0.102992429 0.038167839 50457.6 1641.6 21340.8 34560 26265.6 0.10535 76.06872
34729 728689 4.457260662 7.966954558 8.496648672 0.007200209 0.431262435 0.823817131 1.316078427 1.83886781 0.763060071 0.670151156 0.001976074 0.00225 0.001195625 0 0.26573258 0.00874974 3.709613184 0.063179535 0.306240916 119.7 0.028367142 0.104717823 0.0391841 41385.6 1641.6 18662.4 34560 26265.6 0.11167 19.23264
34730 728690 4.446297983 7.966537293 8.557329872 0.007203978 0.430590934 0.832900167 1.315237307 1.829213953 0.779126385 0.676965853 0.002021323 0.00225 0.001217796 0 0.264445636 0.008427586 3.631114574 0.060695457 0.294965513 120.74328 0.028794464 0.106340754 0.040128874 41385.6 1641.6 18662.4 34560 26265.6 0.11825 124.0354723
34731 728691 4.435927734 7.966142578 8.617710873 0.007207961 0.429885361 0.842009659 1.314352541 1.820081795 0.795296888 0.684103426 0.002066438 0.00225 0.001241262 0 0.263140791 0.008111199 3.553689476 0.058323568 0.283891967 121.8168 0.029217921 0.107858771 0.041002367 33264 1641.6 18662.4 38262.85714 26265.6 0.12508 129.6901565
34732 728692 4.426133458 7.965769786 8.67779293 0.007212163 0.42914575 0.851145303 1.313424077 1.811456845 0.811570131 0.69156128 0.002111422 0.00225 0.001266041 0 0.261818371 0.007800706 3.477347954 0.056061381 0.273024701 122.9193 0.029637518 0.109269425 0.041804787 33264 1641.6 18662.4 38262.85714 26265.6 0.13215 85.68504
34733 728693 4.416898698 7.96541829 8.737577297 0.007216584 0.428372138 0.8603068 1.312451868 1.803324612 0.827944663 0.699336818 0.002156275 0.00225 0.001292146 0 0.260478701 0.007496233 3.402100076 0.053906411 0.262368142 124.05078 0.030053262 0.110570265 0.042536343 33264 1123.2 13651.2 38262.85714 26265.6 0.13945 34.31484
34734 728694 4.408206997 7.965087464 8.797065229 0.007221227 0.427564559 0.869493847 1.311435862 1.795670603 0.844419035 0.707427447 0.002200998 0.00225 0.001319595 0 0.259122108 0.007197906 3.327955906 0.051856171 0.251926714 125.20998 0.030465157 0.111758843 0.043197241 33264 1123.2 13651.2 38262.85714 26265.6 0.14698 89.90352
34735 728695 4.4000419 7.964776681 8.856257979 0.007226095 0.42672305 0.878706143 1.310376009 1.788480327 0.860991798 0.71583057 0.002245591 0.00225 0.001348402 0 0.257748916 0.006905853 3.254925511 0.049908174 0.24170484 126.3906 0.030873209 0.112832708 0.043787689 25920 1123.2 11232 38262.85714 26265.6 0.15473 93.39624
34736 728696 4.39238695 7.964485316 8.915156803 0.007231188 0.425847645 0.887943388 1.30927226 1.781739292 0.877661503 0.724543593 0.002290055 0.00225 0.001378583 0 0.256359453 0.006620198 3.183018955 0.048059934 0.231706947 127.6128 0.031277425 0.113789411 0.044307895 25920 1123.2 11232 38262.85714 26265.6 0.1627 118.29888
34737 728697 4.385225691 7.964212743 8.973762953 0.007236511 0.42493838 0.897205278 1.308124564 1.775433007 0.8944267 0.73356392 0.002334392 0.00225 0.001410153 0 0.254954044 0.00634107 3.112246304 0.046308964 0.221937457 128.8476 0.031677811 0.114626501 0.044758067 25920 1123.2 11232 38262.85714 26265.6 0.17087 135.37692
34738 728698 4.378541667 7.963958333 9.032077686 0.007242063 0.423995291 0.906491514 1.306932872 1.76954698 0.911285939 0.742888956 0.002378601 0.00225 0.001443129 0 0.253533014 0.006068594 3.042617625 0.044652778 0.212400797 130.1202 0.032074371 0.11534153 0.045138411 25920 1123.2 11232 38262.85714 26265.6 0.17925 21.97692
34739 728699 4.37231842 7.963721462 9.090102254 0.007247849 0.423018413 0.915801794 1.305697134 1.764066719 0.928237771 0.752516106 0.002422685 0.00225 0.001477525 0 0.252096689 0.005802897 2.974142982 0.043088889 0.20310139 131.418 0.032467112 0.115932046 0.045449137 25920 1123.2 11232 38262.85714 26265.6 0.18782 12.94786723
34740 728700 4.366539495 7.963501503 9.147837912 0.00725387 0.422007781 0.925135816 1.304417299 1.758977733 0.945280748 0.762442773 0.002466643 0.00225 0.001513357 0 0.250645395 0.005544105 2.906832441 0.041614811 0.194043661 132.7284 0.03285604 0.116395601 0.045690451 33264 1641.6 11232 38262.85714 26265.6 0.19658 35.4942
34741 728701 4.361188436 7.96329783 9.205285915 0.007260128 0.420963431 0.934493279 1.303093318 1.75426553 0.962413418 0.772666364 0.002510477 0.00225 0.001550641 0 0.249179459 0.005292344 2.840696069 0.040228058 0.185232035 134.0766 0.03324116 0.116729745 0.045862561 33264 1641.6 11232 38262.85714 26265.6 0.20551 14.8554
34742 728702 4.356248785 7.963109815 9.262447516 0.007266625 0.419885399 0.943873882 1.30172514 1.749915618 0.979634333 0.783184283 0.002554187 0.00225 0.001589392 0 0.247699205 0.005047741 2.775743929 0.038926142 0.176670936 135.4374 0.033622478 0.116932028 0.045965675 25920 1641.6 11232 38262.85714 26265.6 0.21463 76.7718
34743 728703 4.351704087 7.962936834 9.31932397 0.007273364 0.418773719 0.953277323 1.300312716 1.745913506 0.996942044 0.793993935 0.002597775 0.00225 0.001629626 0 0.246204959 0.004810423 2.71198609 0.037706578 0.168364789 136.836 0.034 0.117 0.046 25920 1641.6 11232 38262.85714 26265.6 0.2239 82.64592
34744 728704 4.347537886 7.962778259 9.375916532 0.007280346 0.417628427 0.962703301 1.298855995 1.742244702 1.0143351 0.805092723 0.00264124 0.00225 0.001671358 0 0.244697048 0.004580515 2.649432615 0.036566878 0.160318018 138.2472 0.034386811 0.116972807 0.045923971 25920 1641.6 11232 38262.85714 26265.6 0.23334 36.21996
34745 728705 4.343733724 7.962633464 9.432226455 0.007287574 0.41644956 0.972151514 1.297354929 1.738894715 1.031812053 0.816478054 0.002684585 0.00225 0.001714604 0 0.243175797 0.004358144 2.58809357 0.035504557 0.152535048 139.6836 0.034793353 0.11689304 0.045703378 25920 1641.6 11232 38262.85714 26265.6 0.24294 72.96156
34746 728706 4.340275146 7.962501822 9.488254993 0.007295051 0.415237151 0.981621662 1.295809466 1.735849052 1.049371453 0.828147331 0.002727809 0.00225 0.001759379 0 0.241641532 0.004143437 2.527979022 0.034517128 0.145020304 141.1452 0.035215666 0.116763414 0.045349467 25920 1641.6 11232 38262.85714 26265.6 0.25268 18.12132
34747 728707 4.337145695 7.962382708 9.544003402 0.007302777 0.413991237 0.991113442 1.294219556 1.733093222 1.067011851 0.840097961 0.002770914 0.00225 0.0018057 0 0.240094579 0.00393652 2.469099036 0.033602105 0.137778211 142.632 0.035649789 0.116586644 0.044873482 25920 1641.6 11232 38262.85714 26265.6 0.26256 89.06436
34748 728708 4.334328915 7.962275495 9.599472935 0.007310756 0.412711853 1.000626554 1.29258515 1.730612734 1.084731796 0.852327346 0.0028139 0.00225 0.001853581 0 0.238535263 0.00373752 2.411463677 0.032757 0.130813191 144.1314 0.036091764 0.116365446 0.044286667 33264 2851.2 16156.8 38262.85714 26265.6 0.27257 6.0102
34749 728709 4.331808349 7.962179557 9.654664847 0.007318989 0.411399035 1.010160696 1.290906198 1.728393096 1.102529841 0.864832892 0.002856769 0.00225 0.001903038 0 0.23696391 0.003546562 2.355083011 0.031979328 0.124129672 145.656 0.036537631 0.116102536 0.043600266 41385.6 2851.2 16156.8 38262.85714 26265.6 0.28271 110.65572
34750 728710 4.329567541 7.962094266 9.709580392 0.007327479 0.410052817 1.019715566 1.28918265 1.726419815 1.120404534 0.877612004 0.002899521 0.00225 0.001954086 0 0.235380847 0.003363774 2.299967103 0.031266602 0.117732076 147.2058 0.036983429 0.115800629 0.042825523 41385.6 2246.4 16156.8 38262.85714 26265.6 0.29297 160.98264
34751 728711 4.327590035 7.962018998 9.764220823 0.007336228 0.408673236 1.029290864 1.287414456 1.724678401 1.138354428 0.890662087 0.002942156 0.00225 0.002006742 0 0.233786398 0.003189281 2.246126021 0.030616335 0.111624829 148.7682 0.0374252 0.11546244 0.041973682 33264 1641.6 16156.8 38262.85714 26265.6 0.30335 132.13368
34752 728712 4.325859375 7.961953125 9.818587396 0.007345238 0.407260327 1.038886287 1.285601565 1.723154362 1.156378072 0.903980544 0.002984677 0.00225 0.00206102 0 0.23218089 0.00302321 2.193569828 0.030026042 0.105812355 150.3558 0.037858983 0.115090686 0.041055989 33264 2246.4 16156.8 38262.85714 26265.6 0.31383 29.62008
34753 728713 4.324359104 7.961896021 9.872681365 0.007354511 0.405814126 1.048501535 1.283743928 1.721833207 1.174474016 0.917564782 0.003027083 0.00225 0.002116936 0 0.230564649 0.002865688 2.14230859 0.029493235 0.100299078 151.956 0.038280818 0.114688083 0.040083686 33264 2851.2 16156.8 38262.85714 26265.6 0.32441 14.5460834
34754 728714 4.323072765 7.96184706 9.926503984 0.00736405 0.404334667 1.058136306 1.281841495 1.720700442 1.192640813 0.931412204 0.003069375 0.00225 0.002174507 0 0.228938 0.002716841 2.092352374 0.029015428 0.095089424 153.5814 0.038686747 0.114257344 0.039068018 41385.6 2419.2 16156.8 38262.85714 26265.6 0.33508 30.96833362
34755 728715 4.321983902 7.961805616 9.980056507 0.007373856 0.402821986 1.067790299 1.279894215 1.719741578 1.210877011 0.945520216 0.003111555 0.00225 0.002233746 0 0.227301269 0.002576795 2.043711245 0.028590134 0.090187817 155.2194 0.039072808 0.113801187 0.03802023 41385.6 2419.2 16156.8 38262.85714 26265.6 0.34584 86.2974
34756 728716 4.32107606 7.961771061 10.03334019 0.007383931 0.401276119 1.077463213 1.27790204 1.718942121 1.229181162 0.959886222 0.003153623 0.00225 0.00229467 0 0.225654782 0.002445677 1.996395269 0.028214868 0.085598682 156.8826 0.039435044 0.113322327 0.036951565 50457.6 3024 18662.4 38262.85714 26265.6 0.35668 9.4122
34757 728717 4.320332781 7.96174277 10.08635628 0.007394279 0.399697101 1.087154745 1.275864918 1.718287582 1.247551816 0.974507626 0.00319558 0.00225 0.002357295 0 0.223998864 0.002323613 1.95041451 0.027887142 0.081326442 158.5584 0.039769492 0.112823479 0.035873268 70156.8 2419.2 18662.4 38262.85714 26265.6 0.3676 64.72872
34758 728718 4.319737609 7.961720117 10.13910605 0.007404901 0.398084967 1.096864595 1.273782801 1.717763467 1.265987524 0.989381835 0.003237426 0.00225 0.002421636 0 0.222333842 0.002210729 1.905779036 0.02760447 0.077375523 160.2468 0.040072195 0.112307359 0.034796583 61084.8 2419.2 16156.8 38262.85714 26265.6 0.37857 181.98432
34759 728719 4.319274089 7.961702474 10.19159073 0.007415799 0.396439754 1.106592462 1.271655637 1.717355285 1.284486836 1.004506251 0.003279164 0.00225 0.002487708 0 0.220660042 0.002107153 1.86249891 0.027364366 0.07375035 161.9604 0.040339192 0.111776683 0.033732754 50457.6 1209.6 13651.2 34560 26265.6 0.38961 161.947033
34760 728720 4.318925762 7.961689216 10.24381159 0.007426975 0.394761496 1.116338043 1.269483377 1.717048545 1.303048303 1.019878281 0.003320792 0.00225 0.002555527 0 0.218977788 0.00201301 1.8205842 0.027164343 0.070455346 163.674 0.040566524 0.111234166 0.032693026 50457.6 1209.6 13651.2 34560 26265.6 0.4007 15.10488
34761 728721 4.318676174 7.961679716 10.29576988 0.007438432 0.393050229 1.126101038 1.267265971 1.716828755 1.321670475 1.035495329 0.003362313 0.00225 0.002625109 0 0.217287407 0.001928427 1.780044971 0.027001915 0.067494937 165.4128 0.04075023 0.110682523 0.031688642 61084.8 3628.8 18662.4 34560 26265.6 0.41184 49.896
34762 728722 4.318508868 7.961673348 10.34746685 0.007450171 0.391305989 1.135881145 1.265003369 1.716681423 1.340351903 1.051354799 0.003403728 0.00225 0.002696469 0 0.215589225 0.00185353 1.740891288 0.026874595 0.064873546 167.1642 0.040886351 0.110124471 0.030730847 70156.8 3628.8 18662.4 34560 26265.6 0.42301 14.44716
34763 728723 4.318407387 7.961669485 10.39890376 0.007462196 0.38952881 1.145678062 1.26269552 1.716592058 1.359091138 1.067454096 0.003445036 0.00225 0.002769622 0 0.213883568 0.001788446 1.703133217 0.026779897 0.062595599 168.9408 0.040970928 0.109562725 0.029830885 80179.2 3628.8 18662.4 34560 26265.6 0.43422 133.76664
34764 728724 4.318355275 7.961667502 10.45008186 0.007474507 0.387718729 1.15549149 1.260342376 1.716546168 1.37788673 1.083790626 0.003486239 0.00225 0.002844585 0 0.212170761 0.001733301 1.666780824 0.026715333 0.060665521 170.7174 0.041 0.109 0.029 70156.8 3628.8 18662.4 34560 26265.6 0.44546 38.91888
34765 728725 4.318336076 7.961666771 10.50100241 0.007487108 0.38587578 1.165321125 1.257943886 1.716529261 1.396737229 1.100361792 0.003527338 0.00225 0.002921372 0 0.210451129 0.001688221 1.631844174 0.026678419 0.059087735 172.5066 0.040960553 0.108389949 0.028184402 70156.8 3628.8 18662.4 34560 26265.6 0.45671 73.39248
34766 728726 4.318333333 7.961666667 10.55166667 0.0075 0.384 1.175166667 1.2555 1.716526846 1.415641187 1.117165 0.003568333 0.00225 0.003 0 0.208725 0.001653333 1.598333333 0.026666667 0.057866667 174.321 0.040845253 0.107687925 0.027325949 61084.8 2419.2 16156.8 34560 26265.6 0.46797 163.77228
34767 728727 4.3238853 7.962166075 10.60125292 0.007531396 0.381371273 1.185415201 1.252372676 1.718257239 1.434355064 1.138447744 0.003609722 0.00225 0.003343417 0.001139304 0.206966532 0.001623847 1.566061133 0.026786623 0.056834633 176.1354 0.040658659 0.106899196 0.026429361 50457.6 2419.2 16156.8 34560 26265.6 0.47983 37.03644
34768 728728 4.340176294 7.963635352 10.6490536 0.007598167 0.377342137 1.196398298 1.247963477 1.723279601 1.452680205 1.16800398 0.003651922 0.00225 0.004198419 0.004446064 0.205151734 0.001594912 1.534806996 0.027144153 0.055821918 177.9624 0.04040533 0.10602903 0.025499356 50457.6 1814.4 13651.2 34560 26265.6 0.4928 160.07544
34769 728729 4.366658959 7.966031071 10.69524113 0.007698304 0.372021603 1.208032384 1.242331757 1.731340703 1.470682487 1.205150809 0.003694817 0.00225 0.005540791 0.009753553 0.203283707 0.001566568 1.50453087 0.027735747 0.054829896 179.8146 0.040089825 0.105082695 0.024540652 50457.6 1209.6 13651.2 34560 26265.6 0.50681 208.27044
34770 728730 4.402785939 7.969309807 10.73998793 0.007829796 0.365518686 1.220233883 1.235536872 1.742187317 1.488427785 1.249205327 0.003738289 0.00225 0.007346318 0.016895044 0.201365549 0.001538855 1.475192705 0.028557897 0.053859942 181.6668 0.039716705 0.104065458 0.02355797 50457.6 1209.6 11232 34560 26265.6 0.52181 208.97352
34771 728731 4.448009876 7.973428136 10.78346643 0.007990634 0.357942397 1.232919221 1.227638177 1.755566214 1.505981977 1.299484633 0.003782221 0.00225 0.009590785 0.025703808 0.19940036 0.001511812 1.446752451 0.029607094 0.052913431 183.519 0.039290529 0.102982587 0.022556027 50457.6 1209.6 11232 34560 26265.6 0.53769 125.57916
34772 728732 4.501783414 7.978342634 10.82584906 0.008178808 0.34940175 1.246004824 1.218695026 1.771224167 1.523410939 1.355305826 0.003826495 0.00225 0.012249977 0.03601312 0.197391241 0.001485478 1.419170056 0.03087983 0.051991735 185.3964 0.038815855 0.101839351 0.021539541 50457.6 1209.6 11232 34560 26265.6 0.55441 154.85904
34773 728733 4.563559195 7.984009874 10.86730824 0.008392308 0.340005757 1.259407117 1.208766776 1.788907946 1.540780547 1.415986004 0.003870995 0.00225 0.01529968 0.04765625 0.19534129 0.001459892 1.392405471 0.032372594 0.051096231 187.2738 0.038297245 0.100641017 0.020513233 41385.6 1209.6 11232 34560 26265.6 0.57188 138.21192
34774 728734 4.632789864 7.990386432 10.90801639 0.008629124 0.329863431 1.273042525 1.197912781 1.808364323 1.558156677 1.480842266 0.003915604 0.00225 0.018715677 0.060466472 0.193253609 0.001435094 1.366418643 0.034081879 0.050228293 189.1638 0.037739256 0.099392853 0.019481821 41385.6 1209.6 13651.2 34560 26265.6 0.59003 38.03436
34775 728735 4.708928063 7.997428883 10.94814595 0.008887246 0.319083785 1.286827473 1.186192396 1.82934007 1.575605205 1.54919171 0.003960203 0.00225 0.022473756 0.074277059 0.191131295 0.001411123 1.341169524 0.036004176 0.049389295 191.0664 0.037146449 0.098100127 0.018450023 41385.6 1209.6 13651.2 34560 26265.6 0.60878 215.77752
34776 728736 4.791426435 8.005093803 10.98786933 0.009164665 0.307775832 1.300678388 1.173664976 1.85158196 1.593192009 1.620351434 0.004004677 0.00225 0.026549699 0.088921283 0.18897745 0.001388017 1.316618061 0.038135976 0.048580611 192.969 0.036523383 0.096768106 0.017422558 41385.6 1209.6 11232 34560 26265.6 0.62807 27.76032
34777 728737 4.879737623 8.013337765 11.02735897 0.00945937 0.296048584 1.314511694 1.160389877 1.874836762 1.610982964 1.693638537 0.004048907 0.00225 0.030919293 0.104232416 0.186795173 0.001365818 1.292724205 0.04047377 0.047803616 194.8842 0.035874617 0.095402059 0.016404145 41385.6 1209.6 11232 34560 26265.6 0.64782 21.3192
34778 728738 4.973314272 8.022117346 11.06678728 0.009769352 0.284011054 1.328243817 1.146426453 1.898851249 1.629043946 1.768370118 0.004092776 0.00225 0.035558323 0.120043732 0.184587563 0.001344562 1.269447905 0.04301405 0.047059685 196.812 0.035204712 0.094007252 0.015399503 41385.6 1814.4 13651.2 34560 26265.6 0.66795 33.15816
34779 728739 5.071609023 8.031389121 11.1063267 0.010092601 0.271772254 1.341791182 1.13183406 1.923372194 1.647440833 1.843863274 0.004136168 0.00225 0.040442574 0.136188502 0.182357721 0.001324291 1.246749109 0.045753305 0.046350192 198.7398 0.034518225 0.092588955 0.014413351 41385.6 1814.4 13651.2 34560 26265.6 0.6884 110.27016
34780 728740 5.174074521 8.041109663 11.14614965 0.010427107 0.259441199 1.355070215 1.116672053 1.948146366 1.6662395 1.919435105 0.004178964 0.00225 0.04554783 0.1525 0.180108746 0.001305043 1.224587768 0.048688029 0.045676511 200.6676 0.033819718 0.091152435 0.013450406 41385.6 1209.6 13651.2 34560 26265.6 0.70909 214.12188
34781 728741 5.280163407 8.05123555 11.18642856 0.01077086 0.2471269 1.367997341 1.100999787 1.972920538 1.685505824 1.994402709 0.004221049 0.00225 0.050849877 0.168811498 0.177843738 0.001286858 1.202923831 0.051814711 0.045040018 202.608 0.033113749 0.08970296 0.012515389 41385.6 864 13651.2 34560 26265.6 0.72995 84.22635789
34782 728742 5.389328326 8.061723355 11.22733585 0.01112185 0.23493837 1.380488985 1.084876617 1.997441483 1.70530568 2.068083184 0.004262304 0.00225 0.0563245 0.184956268 0.175565796 0.001269774 1.181717247 0.055129844 0.044442085 204.5484 0.032404877 0.088245798 0.011613018 41385.6 864 11232 34560 26265.6 0.75089 212.3982
34783 728743 5.501021921 8.072529654 11.26904394 0.011478068 0.222984623 1.392461573 1.068361898 2.02145597 1.725704947 2.139793628 0.004302612 0.00225 0.061947484 0.200767584 0.173278021 0.001253831 1.160927965 0.058629918 0.043884089 206.5014 0.031697663 0.086786215 0.010748011 41385.6 864 11232 34560 26265.6 0.77187 234.6246
34784 728744 5.614696834 8.083611021 11.31172527 0.011837504 0.21137467 1.403831531 1.051514985 2.044710772 1.746769499 2.208851141 0.004341856 0.00225 0.067694614 0.216078717 0.170983512 0.001239069 1.140515935 0.062311424 0.043367403 208.4544 0.030996665 0.085329482 0.009925088 41385.6 864 11232 34560 26265.6 0.79278 131.95224
34785 728745 5.72980571 8.094924033 11.35555225 0.012198148 0.200217525 1.414515283 1.034395234 2.066952661 1.768565213 2.274572819 0.00437992 0.00225 0.073541676 0.230722941 0.168685369 0.001225526 1.120441106 0.066170854 0.042893402 210.4074 0.030306444 0.083880864 0.009148967 37152 864 11232 34560 26265.6 0.81358 41.64048
34786 728746 5.84580119 8.106425263 11.40069733 0.012557989 0.1896222 1.424429255 1.017062 2.087928409 1.791157965 2.336275763 0.004416685 0.00225 0.079464453 0.244533528 0.166386691 0.001213242 1.100663428 0.070204699 0.04246346 212.373 0.029631558 0.08244563 0.008424366 61084.8 1814.4 13651.2 34560 26265.6 0.83417 243.19764
34787 728747 5.962135919 8.118071288 11.44733291 0.012915019 0.179697708 1.433489872 0.999574637 2.107384786 1.814613633 2.393277071 0.004452034 0.00225 0.085438732 0.25734375 0.164090579 0.001202256 1.081142849 0.074409449 0.042078952 214.326 0.028976568 0.081029048 0.007756006 50457.6 1209.6 13651.2 34560 26265.6 0.85449 54.432
34788 728748 6.078262539 8.129818682 11.49563142 0.013267227 0.170553062 1.441613561 0.981992501 2.125068565 1.838998091 2.44489384 0.004485851 0.00225 0.091440297 0.26898688 0.161800131 0.001192607 1.061839319 0.078781597 0.041741253 216.2916 0.028346031 0.079636386 0.007148603 41385.6 1209.6 13651.2 34560 26265.6 0.87446 271.16208
34789 728749 6.193633694 8.14162402 11.5457653 0.013612603 0.162297275 1.448716745 0.964374946 2.140726517 1.864377217 2.490443169 0.004518018 0.00225 0.097444934 0.279296192 0.159518449 0.001184335 1.042712787 0.083317634 0.041451736 218.2572 0.027744509 0.078272911 0.006606878 25920 1209.6 13651.2 34560 26265.6 0.89402 266.78484
34790 728750 6.307702027 8.153443877 11.59790696 0.013949138 0.155039359 1.454715851 0.946781329 2.154105415 1.890816887 2.529242158 0.004548417 0.00225 0.103428427 0.288104956 0.157248631 0.001177479 1.023723204 0.08801405 0.041211776 220.2228 0.027176561 0.076943892 0.006135549 41385.6 1209.6 13651.2 34560 26265.6 0.91309 235.5958957
34791 728751 6.419920181 8.165234828 11.65222884 0.014274822 0.148888328 1.459527304 0.929271004 2.164952028 1.918382976 2.560607903 0.004576933 0.00225 0.109366562 0.295246447 0.154993778 0.001172079 1.004830517 0.092867336 0.041022748 222.1884 0.026646745 0.075654596 0.005739335 41385.6 1209.6 11232 34560 26265.6 0.93158 261.321984
34792 728752 6.529740799 8.176953449 11.70890335 0.014587644 0.143953193 1.46306753 0.911903327 2.173013131 1.947141363 2.583857504 0.004603446 0.00225 0.115235123 0.300553936 0.152756988 0.001168172 0.985994677 0.097873985 0.040886027 224.154 0.026159621 0.074410291 0.005422954 41385.6 1209.6 11232 34560 26265.6 0.94945 270.32292
34793 728753 6.636616524 8.188556315 11.76810293 0.014885596 0.140342969 1.465252953 0.894737651 2.178035493 1.977157922 2.598308059 0.004627841 0.00225 0.121009897 0.303860696 0.150541362 0.0011658 0.967175633 0.103030487 0.040802986 226.1196 0.02571975 0.073216245 0.005191125 50457.6 1209.6 11232 34560 26265.6 0.9666 254.37888
34794 728754 6.74 8.2 11.83 0.015166667 0.138166667 1.466 0.877833333 2.179765886 2.00849853 2.603276667 0.00465 0.00225 0.126666667 0.305 0.14835 0.001165 0.948333333 0.108333333 0.040775 228.0852 0.02533169 0.072077725 0.005048568 50457.6 1209.6 11232 34560 26265.6 0.98296 197.79228
34795 728755 6.843581844 8.212311355 11.89946081 0.015447495 0.136762274 1.465103582 0.859972284 2.179511123 2.045075006 2.603275215 0.00467103 0.002282217 0.13225839 0.30455564 0.146158341 0.00117653 0.92947334 0.116835628 0.041178555 230.0508 0.025 0.071 0.005 50457.6 1209.6 11232 34560 26265.6 0.99925 148.37256
34796 728756 6.951219808 8.226437245 11.98055733 0.015744784 0.13539566 1.462475094 0.840028239 2.178770809 2.090274872 2.603270872 0.004692082 0.002377507 0.137863993 0.303264381 0.143941571 0.001210035 0.910641677 0.131299334 0.042351237 232.0038 0.024697146 0.069935861 0.005 41385.6 1209.6 11232 34560 26265.6 1.0162 250.1604
34797 728757 7.062617231 8.242214271 12.07227055 0.016056619 0.13406766 1.458205682 0.818198286 2.177580912 2.143377557 2.603263652 0.004713098 0.002533829 0.14349822 0.301188958 0.141702406 0.001263888 0.891858991 0.151284231 0.044236074 233.9694 0.024393003 0.068837426 0.005 33264 1209.6 11232 34560 26265.6 1.0336 253.5624
34798 728758 7.177477455 8.259479032 12.17358145 0.016381086 0.132779112 1.452386492 0.794679517 2.175977399 2.203662493 2.603253571 0.004734025 0.002749141 0.149175814 0.298392103 0.139443564 0.00133646 0.873145925 0.176350097 0.046776093 235.9224 0.024088243 0.06770895 0.005 25920 1209.6 11232 34560 26265.6 1.0515 307.58616
34799 728759 7.295503822 8.278068129 12.28347103 0.016716271 0.131530852 1.445108672 0.769669022 2.173996236 2.27040911 2.603240646 0.004754807 0.003021403 0.154911518 0.294936549 0.137167762 0.001426124 0.854523126 0.206056713 0.049914323 237.8754 0.023783541 0.066554692 0.005 25920 1209.6 11232 34560 26265.6 1.0698 258.806016
34800 728760 7.416399673 8.297818161 12.40092029 0.017060261 0.130323715 1.436463368 0.74336389 2.17167339 2.342896839 2.603224893 0.004775389 0.003348572 0.160720075 0.29088503 0.134877716 0.001531251 0.836011238 0.239963858 0.053593791 239.8158 0.02347957 0.065378908 0.005 25920 1209.6 11232 34560 26265.6 1.0883 0
34801 728761 7.539868348 8.318565728 12.5249102 0.017411141 0.129158538 1.426541727 0.715961212 2.169044827 2.420405111 2.603206326 0.004795716 0.003728609 0.166616228 0.286300279 0.132576145 0.001650215 0.817630907 0.277631311 0.057757525 241.7688 0.023177004 0.064185855 0.005 25920 1209.6 11232 34560 26265.6 1.107 55.13184
34802 728762 7.66561319 8.340147429 12.65442176 0.017766998 0.128036158 1.415434896 0.687658078 2.166146515 2.502213357 2.603184963 0.004815733 0.004159472 0.172614719 0.281245028 0.130265765 0.001781387 0.799402778 0.318618851 0.062348551 243.7092 0.022876516 0.062979789 0.005 25920 1209.6 11232 34560 26265.6 1.1258 252.95004
34803 728763 7.79333754 8.362399866 12.78843596 0.018125918 0.126957411 1.403234021 0.658651577 2.163014419 2.587601006 2.603160818 0.004835384 0.004639119 0.178730293 0.275782012 0.127949293 0.00192314 0.781347496 0.362486259 0.067309898 245.637 0.022578779 0.061764968 0.005 25920 1209.6 11232 34560 26265.6 1.1446 92.78388
34804 728764 7.922744738 8.385159637 12.9259338 0.018485986 0.125923133 1.390030249 0.6291388 2.159684507 2.675847491 2.603133908 0.004854614 0.005165509 0.184977692 0.269973964 0.125629447 0.002073846 0.763485706 0.408793312 0.072584593 247.5648 0.022284468 0.060545648 0.005 25920 1209.6 11232 34560 26265.6 1.1634 225.34848
34805 728765 8.053538127 8.408263342 13.06589626 0.018845289 0.124934161 1.375914727 0.599316837 2.156192744 2.766232241 2.603104249 0.004873369 0.005736601 0.19137166 0.263883616 0.123308944 0.002231876 0.745838054 0.457099791 0.078115664 249.4926 0.021994257 0.059326085 0.005 25920 1209.6 11232 34560 26265.6 1.182 165.49596
34806 728766 8.185421047 8.431547582 13.20730432 0.019201912 0.12399133 1.360978602 0.569382777 2.152575099 2.858034687 2.603071856 0.004891592 0.006350354 0.197926938 0.257573701 0.1209905 0.002395604 0.728425184 0.506965475 0.083846139 251.4078 0.021708817 0.058110538 0.005 25920 1209.6 11232 34560 26265.6 1.2004 58.42368
34807 728767 8.318096839 8.454848956 13.349139 0.019553943 0.123095478 1.34531302 0.539533712 2.148867536 2.95053426 2.603036746 0.004909229 0.007004727 0.204658271 0.251106954 0.118676833 0.002563401 0.711267742 0.557950144 0.089719044 253.3104 0.021428825 0.056903262 0.005 25920 1209.6 11232 34560 26265.6 1.2184 53.13924
34808 728768 8.451268845 8.478004064 13.49038126 0.019899467 0.12224744 1.329009128 0.509966731 2.145106024 3.043010391 2.602998934 0.004926225 0.007697679 0.211580402 0.244546107 0.11637066 0.00273364 0.694386373 0.609613576 0.095677408 255.213 0.021154952 0.055708514 0.005 25920 864 11232 34560 26265.6 1.236 228.75048
34809 728769 8.584640407 8.500849506 13.63001211 0.020236569 0.121448054 1.312158073 0.480878924 2.141326529 3.13474251 2.602958436 0.004942524 0.008427167 0.218708073 0.237953893 0.114074698 0.002904693 0.677801722 0.661515551 0.101664258 257.103 0.020887872 0.054530552 0.005 25920 864 9158.4 34560 26265.6 1.2531 304.7058
34810 728770 8.717914865 8.523221881 13.76701253 0.020563337 0.120698154 1.294851001 0.452467381 2.137565017 3.225010049 2.602915268 0.004958071 0.009191152 0.226056027 0.231393046 0.111791665 0.003074932 0.661534435 0.713215848 0.107622623 258.993 0.020628259 0.053373631 0.005 25920 864 9158.4 34560 26265.6 1.2696 295.08948
34811 728771 8.85079556 8.544957791 13.90036352 0.020877856 0.119998578 1.27717906 0.424929192 2.133857454 3.313092437 2.602869446 0.004972811 0.009987591 0.233639008 0.224926299 0.109524277 0.003242729 0.645605157 0.764274247 0.113495528 260.8704 0.020376787 0.05224201 0.005 25920 864 9158.4 34560 26265.6 1.2854 123.76476
34812 728772 8.982985835 8.565893833 14.02904607 0.021178212 0.119350162 1.259233395 0.398461447 2.130239809 3.398269106 2.602820985 0.004986689 0.010814444 0.241471759 0.218616384 0.107275251 0.003406457 0.630034532 0.814250528 0.119226003 262.7352 0.02013413 0.051139944 0.005 25920 864 5529.6 34560 26265.6 1.3005 60.2154
34813 728773 9.114189029 8.585866609 14.15204116 0.021462491 0.118753742 1.241105154 0.373261237 2.126748046 3.479819485 2.602769902 0.00499965 0.011669669 0.249569023 0.212526036 0.105047305 0.003564488 0.614843206 0.862704469 0.124757074 264.5874 0.01990096 0.05007169 0.005 25920 864 5529.6 34560 26265.6 1.3147 126.6678
34814 728774 9.244108486 8.604712718 14.26832978 0.02172878 0.118210155 1.222885484 0.349525651 2.123418134 3.557023007 2.602716213 0.005011638 0.012551225 0.257945542 0.206717988 0.102843156 0.003715193 0.600051824 0.909195849 0.130031769 266.427 0.019677952 0.049041506 0.005 33264 3628.8 13651.2 34560 26265.6 1.3279 245.12544
34815 728775 9.372447545 8.62226876 14.37689294 0.021975164 0.117720237 1.204665531 0.32745178 2.120286038 3.629159102 2.602659933 0.005022599 0.013457072 0.26661606 0.201254972 0.100665521 0.003856946 0.585681032 0.953284449 0.134993116 268.254 0.019465778 0.048053647 0.005 41385.6 1123.2 11232 34560 26265.6 1.3402 282.04848
34816 728776 9.498909548 8.638371335 14.47671161 0.022199729 0.117284824 1.186536442 0.307236713 2.117387726 3.695507199 2.602601078 0.005032477 0.014385167 0.27559532 0.196199721 0.098517117 0.003988118 0.571751474 0.994530048 0.139584142 270.081 0.019265113 0.047112372 0.005 33264 1123.2 11232 34560 26265.6 1.3513 315.1386
34817 728777 9.623197836 8.652857042 14.56676679 0.022400562 0.116904753 1.168589364 0.28907754 2.114759163 3.755346731 2.602539664 0.005041216 0.015333469 0.284898066 0.19161497 0.096400662 0.004107082 0.558283796 1.032492425 0.143747875 271.8954 0.019076631 0.046221936 0.005 25920 777.6 9158.4 34560 26265.6 1.3612 273.92904
34818 728778 9.745015751 8.665562483 14.64603947 0.022575749 0.116580859 1.150915442 0.273171352 2.112436317 3.807957127 2.602475708 0.005048763 0.016299938 0.294539039 0.187563451 0.094318871 0.00421221 0.545298643 1.066731359 0.147427343 273.6846 0.018901004 0.045386596 0.005 25920 432 7257.6 34560 26265.6 1.3698 257.0847026
34819 728779 9.864066633 8.676324255 14.71351063 0.022723376 0.11631398 1.133605825 0.259715239 2.110455154 3.852617819 2.602409224 0.005055061 0.017282532 0.304532983 0.184107897 0.092274464 0.004301874 0.53281666 1.096806629 0.150565573 275.4738 0.018738907 0.04461061 0.005 25920 604.8 5529.6 34560 26265.6 1.3771 230.202
34820 728780 9.980053825 8.68497896 14.76816128 0.022841528 0.116104952 1.116751659 0.24890629 2.108851641 3.888608237 2.602340228 0.005060056 0.018279209 0.314894642 0.181311042 0.090270155 0.004374446 0.520858492 1.122278016 0.153105593 277.2378 0.018591013 0.043898233 0.005 33264 1123.2 7257.6 34560 26265.6 1.3829 346.82256
34821 728781 10.09268067 8.691363197 14.8089724 0.022928292 0.11595461 1.100444091 0.240941596 2.107661744 3.915207812 2.602268738 0.005063692 0.01928793 0.325638758 0.179235619 0.088308664 0.004428298 0.509444785 1.142705298 0.15499043 278.9892 0.018457995 0.043253724 0.005 33264 1123.2 7257.6 34560 26265.6 1.3871 321.1488
34822 728782 10.2016505 8.695313566 14.83492497 0.022981754 0.115863792 1.084774267 0.236018247 2.10692143 3.931695975 2.602194767 0.005065914 0.020306651 0.336780074 0.17794436 0.086392706 0.004461803 0.498596184 1.157648255 0.156163112 280.7406 0.018340528 0.042681338 0.005 25920 777.6 7257.6 34560 26265.6 1.3897 346.98132
34823 728783 10.30666667 8.696666667 14.845 0.023 0.115833333 1.069833333 0.234333333 2.106666667 3.937352155 2.602118333 0.005066667 0.021333333 0.348333333 0.1775 0.084525 0.004473333 0.488333333 1.166666667 0.156566667 282.4668 0.018239284 0.042185332 0.005 19526.4 777.6 5529.6 34560 26265.6 1.3906 307.17792
34824 728784 10.40854956 8.69575921 14.84676878 0.022969045 0.116175538 1.054945648 0.234488426 2.109514129 3.934230459 2.601238958 0.005065857 0.022524122 0.361773337 0.179522695 0.082653069 0.004471951 0.47832858 1.172371857 0.156518283 284.1678 0.018154938 0.041769964 0.005 19526.4 604.8 5529.6 34560 26265.6 1.3872 325.09512
34825 728785 10.50839169 8.693109438 14.84848208 0.022878655 0.117174774 1.039412404 0.234946037 2.11782872 3.92508327 2.59879027 0.005063453 0.024022449 0.37841715 0.185428964 0.080727133 0.004467914 0.46825556 1.1776835 0.156377003 285.8688 0.018088163 0.04143949 0.005 19526.4 604.8 5529.6 34560 26265.6 1.377 305.79444
34826 728786 10.60630463 8.688826243 14.85014005 0.022732546 0.118789979 1.023290004 0.235694665 2.131268743 3.910237436 2.594823444 0.005059487 0.0258072 0.398042907 0.194976084 0.078753956 0.00446139 0.458136856 1.1826239 0.156148633 287.5446 0.018039633 0.041198167 0.005 19526.4 604.8 5529.6 34560 26265.6 1.3607 240.45336
34827 728787 10.70239991 8.683018522 14.85174287 0.022534432 0.120980087 1.006634847 0.23672281 2.149492503 3.890019807 2.589389656 0.005053994 0.02785726 0.420428746 0.207921331 0.0767403 0.004452542 0.447995048 1.187215363 0.155838978 289.2078 0.01801002 0.041050251 0.005 19526.4 604.8 5529.6 34560 26265.6 1.3385 39.75902609
34828 728788 10.7967891 8.675795169 14.8532907 0.022288028 0.123704034 0.989503336 0.238018972 2.172158304 3.86475723 2.58254008 0.005047009 0.030151515 0.445352803 0.224021982 0.074692927 0.004441538 0.437852717 1.191480193 0.155453845 290.8458 0.018 0.041 0.005 19526.4 604.8 5529.6 34560 26265.6 1.3108 148.87152
34829 728789 10.88958372 8.667265079 14.8547837 0.021997049 0.126920754 0.971951873 0.23957165 2.198924452 3.834776555 2.574325891 0.005038566 0.03266885 0.472593215 0.243035314 0.072618601 0.004428544 0.427732445 1.195440693 0.15499904 292.4712 0.018046857 0.041272926 0.005 19526.4 604.8 5529.6 34560 26265.6 1.2782 63.52668
34830 728790 10.98089535 8.657537146 14.85622203 0.021665208 0.130589185 0.954036858 0.241369344 2.22944925 3.80040463 2.564798265 0.005028699 0.035388151 0.501928119 0.264718604 0.070524083 0.004413725 0.417656813 1.199119169 0.154480368 294.084 0.018183809 0.042064065 0.005 22636.8 777.6 7257.6 34560 26265.6 1.241 63.70812
34831 728791 11.07083551 8.646720266 14.85760588 0.021296221 0.134668261 0.935814694 0.243400552 2.263391003 3.761968304 2.554008376 0.005017444 0.038288303 0.533135651 0.288829127 0.068416136 0.004397247 0.407648401 1.202537926 0.153903637 295.6716 0.018405422 0.043331962 0.005 33264 1123.2 9158.4 34560 26265.6 1.1996 184.75128
34832 728792 11.15951577 8.634923333 14.85893539 0.020893802 0.139116918 0.917341781 0.245653775 2.300408016 3.719794426 2.5420074 0.005004834 0.041348191 0.565993949 0.31512416 0.066301523 0.004379276 0.397729792 1.205719266 0.153274651 297.234 0.018706265 0.045035157 0.005 33264 1123.2 11232 34560 26265.6 1.1545 147.3066
34833 728793 11.24704767 8.622255241 14.86021074 0.020461666 0.143894091 0.898674521 0.248117512 2.340158593 3.674209844 2.528846512 0.004990903 0.044546703 0.600281149 0.343360981 0.064187006 0.004359978 0.387923565 1.208685496 0.152599216 298.7838 0.019080906 0.047132195 0.005 33264 1123.2 11232 34560 26265.6 1.106 313.3242
34834 728794 11.33354276 8.608824886 14.86143209 0.020003528 0.148958715 0.879869316 0.250780262 2.382301038 3.625541406 2.514576887 0.004975687 0.047862722 0.635775387 0.373296865 0.062079347 0.004339518 0.378252302 1.211458919 0.15188314 300.321 0.019523914 0.049581619 0.005 25920 1123.2 11232 34560 26265.6 1.0545 72.50796
34835 728795 11.41911259 8.594741163 14.86259961 0.019523102 0.154269727 0.860982567 0.253630525 2.426493656 3.574115963 2.499249699 0.00495922 0.051275134 0.672254801 0.40468909 0.05998531 0.004318064 0.368738585 1.21406184 0.151132227 301.8204 0.020029856 0.05234197 0.005 25920 777.6 9158.4 34560 26265.6 1.0006 223.10316
34836 728796 11.50386871 8.580112966 14.86371346 0.019024103 0.159786061 0.842070675 0.256656801 2.472394752 3.520260361 2.482916124 0.004941535 0.054762825 0.709497527 0.437294932 0.057911657 0.00429578 0.359404995 1.216516564 0.150352285 303.3072 0.020593301 0.055371793 0.005 25920 777.6 7257.6 34560 26265.6 0.94455 78.54084
34837 728797 11.58792267 8.565049189 14.8647738 0.018510245 0.165466653 0.823190042 0.259847588 2.51966263 3.46430145 2.465627338 0.004922668 0.058304681 0.747281701 0.470871667 0.055865149 0.004272832 0.350274112 1.218845394 0.149549118 304.7688 0.021208818 0.05862963 0.005 25920 1123.2 9158.4 34560 26265.6 0.88681 103.14864
34838 728798 11.67138602 8.549658729 14.86578081 0.017985243 0.171270439 0.80439707 0.263191387 2.567955594 3.406566079 2.447434514 0.004902653 0.061879586 0.785385461 0.505176572 0.053852551 0.004249387 0.341368518 1.221070636 0.148728533 306.2178 0.021870973 0.062074023 0.005 25920 777.6 7257.6 34560 26265.6 0.8278 138.71088
34839 728799 11.7543703 8.534050478 14.86673465 0.017452812 0.177156354 0.785748159 0.266676696 2.616931949 3.347381096 2.428388828 0.004881524 0.065466427 0.823586944 0.539966924 0.051880624 0.00422561 0.332710793 1.223214593 0.147896336 307.6416 0.022574336 0.065663517 0.005 25920 777.6 7257.6 34560 26265.6 0.76793 248.32332
34840 728800 11.83698707 8.518333333 14.86763548 0.016916667 0.183083333 0.767299712 0.270292015 2.66625 3.28707335 2.408541456 0.004859316 0.069044089 0.861664285 0.575 0.04995613 0.004201667 0.32432352 1.225299571 0.147058333 309.0276 0.023313475 0.069356653 0.005 19526.4 777.6 7257.6 34560 26265.6 0.70761 347.52564
34841 728801 11.91934787 8.502616188 14.86848347 0.016380521 0.189010313 0.749108129 0.274025845 2.715568051 3.225969689 2.387943571 0.004836063 0.072591457 0.899395623 0.610033076 0.048085833 0.004177724 0.316229279 1.227347874 0.14622033 310.401 0.024082957 0.073111975 0.005 19526.4 777.6 7257.6 34560 26265.6 0.64726 354.6018
34842 728802 12.00156425 8.487007938 14.86927879 0.01584809 0.194896228 0.731229813 0.277866683 2.764544406 3.164396963 2.36664635 0.004811799 0.076087417 0.936559092 0.644823428 0.046276495 0.004153947 0.308450651 1.229381805 0.145388134 311.7492 0.024877351 0.076888025 0.005 19526.4 777.6 7257.6 34560 26265.6 0.58729 347.3442
34843 728803 12.08374777 8.471617477 14.87002159 0.015323088 0.200700014 0.713721164 0.28180303 2.81283737 3.10268202 2.344700968 0.00478656 0.079510854 0.972932831 0.679128333 0.044534878 0.004130501 0.301010217 1.231423671 0.144567549 313.0722 0.025691226 0.080643347 0.005 19526.4 777.6 7257.6 34560 26265.6 0.52811 329.994
34844 728804 12.16600997 8.456553701 14.87071205 0.014809231 0.206380606 0.696638584 0.285823385 2.860105248 3.041151708 2.322158598 0.004760379 0.082840655 1.008294976 0.712705068 0.042867745 0.004107554 0.293930559 1.233495775 0.143764382 314.37 0.026519149 0.084336483 0.005 19526.4 777.6 7257.6 34560 26265.6 0.47015 347.9112
34845 728805 12.24846239 8.441925504 14.87135034 0.014310231 0.21189694 0.680038475 0.289916248 2.906006344 2.980132876 2.299070417 0.004733291 0.086055704 1.042423663 0.74531091 0.041281858 0.00408527 0.287234258 1.235620421 0.142984439 315.6426 0.027355688 0.087925977 0.005 19526.4 777.6 7257.6 34560 26265.6 0.41381 320.06016
34846 728806 12.3312166 8.42784178 14.87193661 0.013829805 0.217207952 0.663977238 0.294070117 2.950198962 2.919952373 2.2754876 0.00470533 0.089134887 1.07509703 0.776703135 0.039783981 0.004063815 0.280943895 1.237819914 0.142233527 316.89 0.028195413 0.09137037 0.005 19526.4 777.6 7257.6 34560 26265.6 0.35951 280.59696
34847 728807 12.41438414 8.414411425 14.87247103 0.013371667 0.222272576 0.648511275 0.298273494 2.992341407 2.860937047 2.251461321 0.00467653 0.092057089 1.106093212 0.806639019 0.038380875 0.004043356 0.275082051 1.24011656 0.14151745 318.1122 0.02903289 0.094628207 0.005 19526.4 777.6 7257.6 34560 26265.6 0.30766 267.76008
34848 728808 12.49807655 8.401743334 14.87295377 0.012939531 0.227049749 0.633696986 0.302514876 3.032091984 2.803413748 2.227042756 0.004646927 0.094801197 1.135190348 0.83487584 0.037079303 0.004024058 0.269671306 1.242532661 0.140842016 319.2966 0.029862689 0.09765803 0.005 19526.4 777.6 5529.6 34560 26265.6 0.25868 135.92124
34849 728809 12.58240539 8.389946401 14.87338499 0.012537112 0.231498406 0.619590774 0.306782764 3.069108997 2.747709324 2.202283079 0.004616554 0.097346095 1.162166573 0.861170873 0.035886027 0.004006087 0.264734243 1.245090523 0.14021303 320.4684 0.030679377 0.100418381 0.005 19526.4 777.6 7257.6 34560 26265.6 0.21298 68.11099826
34850 728810 12.6674822 8.37912952 14.87376486 0.012168125 0.235577482 0.606249039 0.311065657 3.10305075 2.694150623 2.177233466 0.004585446 0.099670669 1.186800024 0.885281396 0.03480781 0.003989609 0.260293443 1.247812449 0.139636298 321.6024 0.031477522 0.102867805 0.005 22636.8 777.6 5529.6 34560 26265.6 0.17097 233.89884
34851 728811 12.75341854 8.369401588 14.87409354 0.011836285 0.239245912 0.593728184 0.315352054 3.133575548 2.643064494 2.151945092 0.004553638 0.101753804 1.208868838 0.906964686 0.033851415 0.003974789 0.256371485 1.250720746 0.139117627 322.7112 0.032251693 0.104964843 0.005 25920 777.6 5529.6 34560 26265.6 0.13308 188.10792
34852 728812 12.84032595 8.360871497 14.8743712 0.011545305 0.242462633 0.58208461 0.319630455 3.160341696 2.594777786 2.126469132 0.004521163 0.103574387 1.228151151 0.925978018 0.033023605 0.003961795 0.252990953 1.253837716 0.138662821 323.7822 0.032996459 0.106668038 0.005 25920 1123.2 5529.6 34560 26265.6 0.099707 280.37016
34853 728813 12.92831599 8.353648144 14.87459801 0.011298901 0.24518658 0.571374718 0.323889359 3.183007497 2.549617348 2.100856761 0.004488056 0.105111302 1.244425101 0.942078669 0.03233114 0.003950791 0.250174426 1.257185665 0.138277688 324.8406 0.033706386 0.107935935 0.005 22636.8 1123.2 5529.6 34560 26265.6 0.071273 104.30532
34854 728814 13.0175002 8.347840423 14.87477413 0.011100787 0.247376688 0.561654909 0.328117266 3.201231257 2.507910028 2.075159154 0.004454352 0.106343436 1.257468825 0.955023916 0.031780785 0.003941944 0.247944486 1.260786896 0.137968034 325.8612 0.034376044 0.108727074 0.005 25920 1123.2 5529.6 34560 26265.6 0.048191 187.01928
34855 728815 13.10799012 8.343557229 14.87489972 0.010954678 0.248991892 0.552981586 0.332302676 3.21467128 2.469982674 2.049427486 0.004420085 0.107249673 1.267060458 0.964571036 0.031379302 0.003935419 0.246323715 1.264663715 0.137739663 326.844 0.035 0.109 0.005 25920 1123.2 5529.6 34560 26265.6 0.030875 226.07424
34856 728816 13.19989732 8.340907456 14.87497496 0.010864289 0.249991129 0.545411149 0.336434087 3.222985871 2.436162136 2.023712932 0.00438529 0.107808899 1.272978137 0.970477305 0.031133453 0.003931382 0.245334692 1.268838426 0.137598384 327.8016 0.035617019 0.10895005 0.005 33264 1123.2 9158.4 34560 26265.6 0.01974 213.6456
34857 728817 13.29333333 8.34 14.875 0.010833333 0.250333333 0.539 0.3405 3.225833333 2.406775263 1.998066667 0.00435 0.108 1.275 0.9725 0.03105 0.00393 0.245 1.273333333 0.13755 328.7214 0.036266714 0.10880401 0.005 33264 1123.2 7257.6 34560 26265.6 0.0152 280.5516
34858 728818 13.38889559 8.340569337 14.86999917 0.010846306 0.249653012 0.533230668 0.344842244 3.222149896 2.379732723 1.969581318 0.004306446 0.107815866 1.271518051 0.96915965 0.031174396 0.003948053 0.245108102 1.278588112 0.138181846 329.616 0.036944925 0.108567594 0.005 25920 1123.2 7257.6 34560 26265.6 0.014113 115.30512
34859 728819 13.48693658 8.342217418 14.85541258 0.010883857 0.24768366 0.527554188 0.34976922 3.211487313 2.352768843 1.935671448 0.00424775 0.107282848 1.261425765 0.959490214 0.031539111 0.004000949 0.245421029 1.284955777 0.140033202 330.4854 0.037647491 0.108246517 0.005 25920 1123.2 7257.6 34560 26265.6 0.013061 115.23708
34860 728820 13.58720046 8.344854347 14.83186411 0.010943939 0.244532696 0.521979726 0.355219288 3.19442718 2.325945953 1.896871136 0.004175289 0.106430018 1.245253484 0.944019117 0.03213144 0.004086794 0.245921711 1.292328646 0.143037789 331.3044 0.038370253 0.107846494 0.005 25920 1555.2 9158.4 34560 26265.6 0.012046 116.4618
34861 728821 13.68943138 8.348390229 14.79997763 0.011024503 0.240307541 0.516516443 0.361130804 3.171551094 2.299326388 1.853714461 0.004090438 0.105286451 1.223531552 0.923273782 0.032938674 0.004203695 0.246593081 1.300599032 0.147129333 332.0982 0.03910905 0.107373238 0.005 41385.6 1555.2 11232 34560 26265.6 0.011067 243.6966
34862 728822 13.79337348 8.352735169 14.760377 0.011123502 0.235115612 0.511173504 0.367442126 3.143440648 2.272972477 1.806735501 0.003994572 0.103881221 1.19679031 0.897781634 0.033948107 0.004349759 0.24741807 1.309659253 0.152241557 332.8668 0.039859724 0.106832464 0.005 70156.8 2073.6 13651.2 34560 26265.6 0.010126 161.41356
34863 728823 13.89877092 8.357799272 14.71368609 0.011238886 0.22906433 0.505960073 0.374091612 3.110677439 2.246946554 1.756468336 0.003889068 0.1022434 1.1655601 0.868070096 0.035147032 0.004523091 0.248379609 1.319401624 0.158308184 333.585 0.040618113 0.106229887 0.005 41385.6 1555.2 11232 34560 26265.6 0.0092226 303.43572
34864 728824 14.00536785 8.363492641 14.66052877 0.011368609 0.222261114 0.500885313 0.38101762 3.073843062 2.22131095 1.703447044 0.003775301 0.100402063 1.130371265 0.834666591 0.036522742 0.004721798 0.249460628 1.32971846 0.165262938 334.278 0.041380059 0.105571222 0.005 33264 1123.2 11232 34560 26265.6 0.0083578 240.79356
34865 728825 14.11290842 8.369725383 14.6015289 0.011510621 0.214813382 0.495958388 0.388158507 3.033519112 2.196127997 1.648205704 0.003654646 0.098386284 1.091754148 0.798098543 0.038062529 0.004943987 0.25064406 1.340502077 0.173039544 334.9332 0.042141401 0.104862182 0.005 33264 1123.2 9158.4 34560 26265.6 0.007532 265.17456
34866 728826 14.22113678 8.376407601 14.53731037 0.011662874 0.206828554 0.491188461 0.395452632 2.990287186 2.171460028 1.591278395 0.00352848 0.096225137 1.050239091 0.758893377 0.039753687 0.005187764 0.251912836 1.351644791 0.181571724 335.5506 0.042897979 0.104108483 0.005 25920 1123.2 7257.6 34560 26265.6 0.0067459 247.18932
34867 728827 14.32979709 8.383449401 14.46849702 0.01182332 0.198414049 0.486584696 0.402838351 2.944728877 2.147369374 1.533199197 0.003398178 0.093947694 1.006356435 0.717578516 0.041583509 0.005451234 0.253249886 1.363038918 0.190793203 336.1428 0.043645634 0.103315838 0.005 25920 1123.2 9158.4 34560 26265.6 0.006 303.54912
34868 728828 14.43863348 8.390760886 14.39571275 0.01198991 0.189677287 0.482156256 0.410254023 2.897425783 2.123918368 1.474502187 0.003265115 0.09158303 0.960636524 0.674681384 0.043539288 0.005732506 0.254638143 1.374576773 0.200637704 336.6846 0.044380205 0.102489963 0.005 25920 1123.2 9158.4 34560 26265.6 0.0052948 339.88248
34869 728829 14.54739013 8.398252162 14.3195814 0.012160598 0.180725687 0.477912306 0.417638005 2.848959497 2.101169341 1.415721444 0.003130667 0.089160218 0.9136097 0.630729404 0.045608316 0.006029684 0.256060537 1.386150672 0.21103895 337.1886 0.045097532 0.101636571 0.005 25920 777.6 9158.4 34560 26265.6 0.004631 345.48444
34870 728830 14.65581117 8.405833333 14.24072685 0.012333333 0.171666667 0.473862009 0.424928655 2.799911616 2.079184625 1.357391049 0.002996209 0.086708333 0.865806305 0.58625 0.047777887 0.006340876 0.2575 1.397652931 0.221930666 337.6674 0.045793456 0.100761378 0.005 25920 777.6 7257.6 34560 26265.6 0.0040092 93.62304
34871 728831 14.76364075 8.413414505 14.15977297 0.012506069 0.162607647 0.470014528 0.432064331 2.750863735 2.058026553 1.300045079 0.002863119 0.084256448 0.817756682 0.541770596 0.050035294 0.006664188 0.258939463 1.408975865 0.233246576 338.0958 0.046463817 0.099870097 0.005 25920 1123.2 7257.6 34560 26265.6 0.0034298 89.29116
34872 728832 14.87062303 8.420905781 14.07734363 0.012676756 0.153656046 0.466379027 0.43898339 2.70239745 2.037757456 1.244217613 0.00273277 0.081833637 0.769991172 0.497818616 0.052367829 0.006997726 0.260361857 1.42001179 0.244920403 338.4864 0.047104455 0.098968444 0.005 33264 1555.2 9158.4 34560 26265.6 0.0028935 41.91264
34873 728833 14.97650216 8.428217266 13.99406269 0.012843347 0.144919284 0.46296467 0.445624191 2.655094355 2.018439666 1.19044273 0.002606538 0.079468973 0.723040119 0.454921484 0.054762786 0.007339596 0.261750114 1.430653022 0.25688587 338.8392 0.047711209 0.098062132 0.005 41385.6 2073.6 18662.4 34560 26265.6 0.0024009 144.26748
34874 728834 15.08102229 8.435259065 13.91055403 0.013003793 0.136504779 0.45978062 0.451925091 2.609536047 2.000135516 1.13925451 0.0024858 0.07719153 0.677433864 0.413606623 0.057207458 0.007687906 0.263087164 1.440791876 0.269076702 339.1542 0.048279921 0.097156877 0.005 33264 2592 13651.2 34560 26265.6 0.0019524 266.69412
34875 728835 15.18392757 8.441941284 13.82744151 0.013156046 0.128519951 0.456836041 0.457824447 2.56630412 1.982907338 1.09118703 0.002371931 0.075030382 0.633702751 0.374401457 0.059689137 0.008040761 0.26435594 1.450320669 0.281426622 339.4314 0.048806429 0.096258392 0.005 41385.6 2592 11232 34560 26265.6 0.0015487 171.61956
34876 728836 15.28496215 8.448174025 13.745349 0.013298058 0.12107222 0.454140097 0.463260618 2.52598017 1.966817462 1.04677437 0.002266307 0.073014603 0.59237712 0.337833409 0.062195117 0.008396267 0.265539372 1.459131715 0.293869353 339.6582 0.049286575 0.095372392 0.005 33264 1987.2 11232 34560 26265.6 0.0011904 322.98588
34877 728837 15.38387018 8.453867395 13.66490037 0.01342778 0.114269003 0.451701951 0.468171961 2.489145793 1.951928222 1.006550609 0.002170302 0.071173267 0.553987316 0.304429904 0.06471269 0.008752532 0.266620391 1.467117331 0.306338621 339.8598 0.049716197 0.094504593 0.005 33264 1987.2 11232 34560 26265.6 0.00087802 363.3336
34878 728838 15.48039582 8.458931497 13.58671948 0.013543165 0.108217721 0.449530767 0.472496834 2.456382584 1.93830195 0.971049826 0.002085294 0.069535446 0.519063679 0.274718366 0.06722915 0.009107661 0.26758193 1.474169832 0.318768147 340.011 0.050091137 0.093660707 0.005 33264 1382.4 9158.4 34560 26265.6 0.00061212 359.61408
34879 728839 15.57428321 8.463276438 13.51143022 0.013642164 0.103025793 0.447635708 0.476173594 2.428272139 1.926000977 0.940806099 0.002012656 0.068130215 0.488136553 0.249226218 0.069731789 0.009459762 0.268406919 1.480181535 0.331091657 340.1118 0.050407235 0.09284645 0.005 33264 1382.4 9158.4 34560 26265.6 0.00039328 372.2912139
34880 728840 15.66527651 8.46681232 13.43965643 0.013722728 0.098800637 0.446025938 0.4791406 2.405396052 1.915087636 0.916353507 0.001953766 0.066986648 0.46173628 0.228480883 0.0722079 0.009806939 0.269078289 1.485044753 0.343242873 340.1748 0.05066033 0.092067537 0.005 25920 1382.4 9158.4 34560 26265.6 0.00022208 310.42116
34881 728841 15.75311986 8.469449249 13.372022 0.01378281 0.095649674 0.444710621 0.481336209 2.388335919 1.905624258 0.89822613 0.001909998 0.066133819 0.440393201 0.213009786 0.074644778 0.010147301 0.269578971 1.488651805 0.35515552 340.2 0.050846262 0.091329681 0.005 25920 1987.2 9158.4 34560 26265.6 9.91E-05 290.9844
34882 728842 15.83755742 8.47109733 13.30915079 0.013820361 0.093680322 0.443698921 0.482698779 2.377673337 1.897673175 0.886958046 0.001882729 0.0656008 0.424637661 0.20334035 0.077029713 0.010478952 0.269891898 1.490895004 0.366763321 340.1748 0.050960872 0.090638597 0.005 25920 1987.2 9158.4 34560 26265.6 2.49E-05 257.8716
34883 728843 15.91833333 8.471666667 13.25166667 0.013833333 0.093 0.443 0.483166667 2.373989899 1.89129672 0.883083333 0.001873333 0.065416667 0.415 0.2 0.07935 0.0108 0.27 1.491666667 0.378 340.1118 0.051 0.09 0.005 41385.6 1987.2 9158.4 34560 26265.6 0 228.02472
34884 728844 15.99789557 8.471666667 13.19630769 0.013824686 0.093001947 0.442478912 0.482997345 2.374786309 1.885777806 0.885424833 0.001873848 0.065701821 0.408667759 0.20172808 0.081745693 0.011128883 0.269822208 1.491161045 0.389510908 340.011 0.050989958 0.089379779 0.005 33264 1987.2 9158.4 34560 26265.6 0 113.21856
34885 728845 16.07875678 8.471666667 13.13948803 0.013799302 0.093007802 0.441993433 0.482500306 2.377124159 1.880358879 0.892298268 0.001875376 0.066538886 0.402475335 0.206800831 0.08435634 0.011484172 0.269297329 1.489661893 0.401946022 339.8598 0.050960479 0.088741114 0.005 25920 1987.2 7257.6 34560 26265.6 0 330.83316
34886 728846 16.16075812 8.471666667 13.08134568 0.013758017 0.093017583 0.441541811 0.481691934 2.380926376 1.875041568 0.903477041 0.00187789 0.067900267 0.396423359 0.21505102 0.087168474 0.011864171 0.268438108 1.487195778 0.415246 339.6708 0.050912536 0.088085654 0.005 25920 1987.2 7257.6 34560 26265.6 0 314.50356
34887 728847 16.24374077 8.471666667 13.02201867 0.01370167 0.09303131 0.441122295 0.480588615 2.386115888 1.869827504 0.918734555 0.001881364 0.069758368 0.390512461 0.226311413 0.09016863 0.012267186 0.267257289 1.483789269 0.429351504 339.4314 0.050847101 0.087415047 0.005 25920 1987.2 7257.6 34560 26265.6 0 351.81216
34888 728848 16.3275459 8.471666667 12.96164501 0.013631096 0.093049002 0.440733134 0.479206736 2.392615624 1.864718314 0.937844215 0.001885772 0.072085594 0.384743273 0.240414777 0.093343341 0.01269152 0.265767617 1.479468932 0.444203192 339.1668 0.050765144 0.086730942 0.005 25920 1987.2 7257.6 34560 26265.6 0 312.23556
34889 728849 16.41201468 8.471666667 12.90036271 0.013547133 0.093070678 0.440372575 0.477562682 2.400348511 1.859715631 0.960579422 0.001891088 0.074854349 0.379116424 0.257193878 0.09667914 0.013135478 0.263981837 1.474261336 0.459741726 338.8518 0.050667638 0.086034989 0.005 19526.4 1382.4 7257.6 34560 26265.6 0 346.82256
34890 728850 16.49698829 8.471666667 12.83830979 0.013450617 0.093096358 0.440038868 0.47567284 2.409237478 1.854821082 0.98671358 0.001897286 0.078037037 0.373632544 0.276481481 0.100162562 0.013597365 0.261912693 1.468193049 0.475907764 338.499 0.050555556 0.085328836 0.005 19526.4 1382.4 7257.6 34560 26265.6 0 248.02848
34891 728851 16.58230788 8.471666667 12.77562426 0.013342386 0.09312606 0.439730261 0.473553594 2.419205452 1.850036298 1.016020093 0.00190434 0.081606063 0.368292266 0.298110355 0.103780138 0.014075485 0.25957293 1.461290638 0.492641967 338.1084 0.050429867 0.084614133 0.005 19526.4 1382.4 7257.6 34560 26265.6 0 335.00628
34892 728852 16.66781464 8.471666667 12.71244413 0.013223275 0.093159804 0.439445002 0.471221331 2.430175362 1.845362909 1.048272364 0.001912223 0.085533831 0.363096218 0.321913265 0.107518404 0.014568143 0.256975293 1.453580672 0.509884995 337.68 0.050291545 0.083892528 0.005 19526.4 1382.4 9158.4 34560 26265.6 0 316.74888
34893 728853 16.75334973 8.471666667 12.64890742 0.013094122 0.093197609 0.43918134 0.468692438 2.442070135 1.840802543 1.083243796 0.00192091 0.089792746 0.358045031 0.347722978 0.111363893 0.015073643 0.254132527 1.445089718 0.527577507 337.2138 0.050141561 0.08316567 0.005 19526.4 1987.2 9158.4 34560 26265.6 0 226.9134
34894 728854 16.83875433 8.471666667 12.58515214 0.012955764 0.093239495 0.438937524 0.465983299 2.4548127 1.836356832 1.120707792 0.001930373 0.094355213 0.353139337 0.37537226 0.115303138 0.01559029 0.251057376 1.435844345 0.545660165 336.7098 0.049980888 0.082435208 0.005 19526.4 1987.2 9158.4 34560 26265.6 0 358.84296
34895 728855 16.9238696 8.471666667 12.52131631 0.012809038 0.09328548 0.438711803 0.463110301 2.468325985 1.832027403 1.160437755 0.001940588 0.099193635 0.348379764 0.404693878 0.119322672 0.016116389 0.247762585 1.42587112 0.564073627 336.168 0.049810496 0.081702791 0.005 19526.4 1987.2 9158.4 34560 26265.6 0 104.14656
34896 728856 17.00853672 8.471666667 12.45753794 0.01265478 0.093335584 0.438502423 0.46008983 2.482532917 1.827815888 1.202207089 0.001951528 0.104280417 0.343766945 0.435520597 0.12340903 0.016650244 0.244260899 1.415196611 0.582758553 335.5884 0.049631357 0.080970068 0.005 25920 1987.2 9158.4 34560 26265.6 0 284.4072
34897 728857 17.09259686 8.471666667 12.39395505 0.012493827 0.093389826 0.438307636 0.456938272 2.497356425 1.823723916 1.245789198 0.001963167 0.109587963 0.339301509 0.467685185 0.127548745 0.01719016 0.240565062 1.403847385 0.601655604 334.971 0.049444444 0.080238688 0.005 19526.4 1987.2 9158.4 34560 26265.6 0 335.93616
34898 728858 17.17589119 8.471666667 12.33070564 0.012327017 0.093448225 0.438125687 0.453672012 2.512719437 1.819753116 1.290957483 0.001975479 0.115088678 0.334984086 0.501020408 0.131728351 0.017734441 0.236687819 1.391850012 0.62070544 334.3158 0.049250729 0.079510301 0.005 19526.4 1987.2 9158.4 34560 26265.6 0 334.73412
34899 728859 17.25826087 8.471666667 12.26792774 0.012155185 0.0935108 0.437954828 0.450307436 2.528544881 1.815905117 1.337485349 0.001988437 0.120754967 0.330815308 0.535359033 0.135934381 0.018281392 0.232641915 1.379231059 0.63984872 333.6354 0.049051182 0.078786553 0.005 19526.4 1987.2 9158.4 34560 26265.6 0 326.16108
34900 728860 17.33954709 8.471666667 12.20575935 0.011979169 0.093577571 0.437793305 0.446860931 2.544755684 1.812181551 1.385146199 0.002002016 0.126559234 0.326795805 0.570533825 0.140153368 0.018829317 0.228440095 1.366017093 0.659026104 332.9172 0.048846777 0.078069096 0.005 19526.4 1987.2 9158.4 34560 26265.6 0 312.71184
34901 728861 17.41959101 8.471666667 12.14433849 0.011799806 0.093648557 0.437639367 0.443348882 2.561274775 1.808584046 1.433713435 0.002016189 0.132473882 0.322926206 0.606377551 0.144371847 0.019376522 0.224095102 1.352234682 0.678178253 332.1612 0.048638484 0.077359577 0.005 19526.4 1987.2 9158.4 34560 26265.6 0 156.0384
34902 728862 17.4982338 8.471666667 12.08380318 0.011617932 0.093723778 0.437491263 0.439787676 2.578025083 1.805114233 1.482960462 0.00203093 0.138471318 0.319207144 0.642722978 0.148576351 0.019921309 0.219619683 1.337910395 0.697245826 331.3674 0.048427276 0.076659647 0.005 19526.4 1987.2 9158.4 34560 26265.6 0 215.61876
34903 728863 17.57531663 8.471666667 12.02429142 0.011434384 0.093803251 0.437347242 0.436193698 2.594929534 1.80177374 1.532660683 0.002046213 0.144523944 0.315639248 0.679402872 0.152753413 0.020461985 0.215026581 1.3230708 0.716169483 330.5484 0.048214124 0.075970952 0.005 19526.4 1987.2 7257.6 34560 26265.6 0 344.89476
34904 728864 17.65068068 8.471666667 11.96594124 0.01125 0.093886997 0.437205551 0.432583333 2.611911057 1.798564197 1.5825875 0.002062012 0.150604167 0.312223148 0.71625 0.156889566 0.020996854 0.210328542 1.307742463 0.734889885 329.6916 0.048 0.075295143 0.005 19526.4 1987.2 7257.6 34560 26265.6 0 329.63112
34905 728865 17.72416712 8.471666667 11.90889064 0.011065616 0.093975035 0.437064441 0.428972969 2.62889258 1.795487234 1.632514317 0.0020783 0.156684389 0.308959475 0.753097128 0.160971346 0.02152422 0.20553831 1.291951954 0.753347691 328.8096 0.047785876 0.074633869 0.005 19526.4 1382.4 7257.6 34560 26265.6 0 303.5718
34906 728866 17.79561711 8.471666667 11.85327765 0.010882068 0.094067384 0.436922158 0.425378991 2.645797031 1.792544482 1.682214538 0.002095053 0.162737015 0.305848861 0.789777022 0.164985285 0.022042387 0.200668629 1.275725839 0.77148356 327.8898 0.047572724 0.073988778 0.005 19526.4 1382.4 7257.6 34560 26265.6 0 115.12368
34907 728867 17.86487183 8.471666667 11.79924026 0.010700194 0.094164063 0.436776952 0.421817784 2.662547338 1.789737568 1.731461565 0.002112242 0.168734451 0.302891934 0.826122449 0.168917916 0.022549662 0.195732245 1.259090687 0.789238154 326.9322 0.047361516 0.07336152 0.005 13824 1382.4 7257.6 34560 26265.6 0 92.96532
34908 728868 17.93177244 8.471666667 11.74691651 0.010520831 0.094265091 0.436627071 0.418305736 2.67906643 1.787068124 1.780028801 0.002129843 0.1746491 0.300089326 0.861966175 0.172755773 0.023044347 0.190741903 1.242073067 0.806552132 325.962 0.047153223 0.072753743 0.005 13824 1382.4 7257.6 34560 26265.6 0 336.48048
34909 728869 17.99616013 8.471666667 11.6964444 0.010344815 0.094370489 0.436470763 0.41485923 2.695277233 1.784537779 1.827689651 0.00214783 0.180453366 0.297441666 0.897140967 0.176485391 0.023524747 0.185710346 1.224699544 0.823366154 324.9414 0.046948818 0.072167096 0.005 33264 1987.2 7257.6 34560 26265.6 0 302.778
34910 728870 18.05787606 8.471666667 11.64796194 0.010172983 0.094480274 0.436306278 0.411494655 2.711102677 1.782148162 1.874217517 0.002166175 0.186119655 0.294949587 0.931479592 0.180093302 0.023989168 0.180650319 1.206996689 0.839620879 323.9082 0.046749271 0.071603228 0.005 25920 1382.4 7257.6 34560 26265.6 0 261.1602
34911 728871 18.11676139 8.471666667 11.60160715 0.010006173 0.094594466 0.436131863 0.408228395 2.726465688 1.779900903 1.919385802 0.002184853 0.19162037 0.292613717 0.964814815 0.183566039 0.024435913 0.175574568 1.188991067 0.855256969 322.8372 0.046555556 0.071063789 0.005 25920 1382.4 7257.6 34560 26265.6 0 241.74612
34912 728872 18.17265731 8.471666667 11.55751805 0.00984522 0.094713084 0.435945768 0.405076837 2.741289196 1.777797632 1.962967911 0.002203838 0.196927917 0.290434688 0.996979403 0.186890138 0.024863288 0.170495837 1.170709248 0.870215082 321.7284 0.046368643 0.070550426 0.005 19526.4 1382.4 7257.6 34560 26265.6 0 288.35352
34913 728873 18.22540498 8.471666667 11.51583265 0.009690962 0.094836148 0.435746241 0.402056365 2.755496129 1.775839978 2.004737245 0.002223104 0.202014699 0.28841313 1.027806122 0.19005213 0.025269597 0.165426871 1.152177799 0.884435879 320.607 0.046189504 0.07006479 0.005 25920 1382.4 7257.6 34560 26265.6 0 279.57636
34914 728874 18.27484558 8.471666667 11.47668896 0.009544236 0.094963677 0.43553153 0.399183368 2.769009413 1.774029572 2.044467208 0.002242624 0.206853121 0.286549674 1.05712774 0.19303855 0.025653143 0.160380414 1.133423289 0.89786002 319.4478 0.046019112 0.069608529 0.005 22636.8 1382.4 7257.6 34560 26265.6 0 324.0972
34915 728875 18.32082027 8.471666667 11.44022499 0.009405878 0.09509569 0.435299883 0.396474229 2.781751978 1.772368042 2.081931204 0.002262373 0.211415587 0.284844949 1.084777022 0.195835932 0.026012233 0.155369212 1.114472284 0.910428165 318.2634 0.045858439 0.069183291 0.005 19526.4 1382.4 7257.6 34560 26265.6 0 313.4376
34916 728876 18.36317023 8.471666667 11.40657876 0.009276725 0.095232206 0.43504955 0.393945335 2.793646752 1.770857019 2.116902636 0.002282323 0.215674502 0.283299587 1.110586735 0.198430808 0.026345171 0.150406008 1.095351353 0.922080973 317.0538 0.045708455 0.068790727 0.005 19526.4 1382.4 7257.6 34560 26265.6 0 215.73216
34917 728877 18.40173662 8.471666667 11.37588829 0.009157614 0.095373244 0.43477878 0.391613073 2.804616662 1.769498132 2.149154907 0.00230245 0.21960227 0.281914218 1.134389645 0.200809712 0.02665026 0.145503548 1.076087064 0.932759104 315.819 0.045570133 0.068432484 0.005 19526.4 1382.4 7257.6 34560 26265.6 0 269.2116
34918 728878 18.43636062 8.471666667 11.34829159 0.009049383 0.095518825 0.434485819 0.389493827 2.814584636 1.76829301 2.17846142 0.002322727 0.223171296 0.280689472 1.156018519 0.202959179 0.026925806 0.140674576 1.056705984 0.942403219 314.5464 0.045444444 0.068110212 0.005 19526.4 1382.4 7257.6 34560 26265.6 0 158.14764
34919 728879 18.4668834 8.471666667 11.32392667 0.008952867 0.095668966 0.434168918 0.387603984 2.823473603 1.767243284 2.204595578 0.002343127 0.226353984 0.27962598 1.175306122 0.204865741 0.027170114 0.135931837 1.037234682 0.950953978 313.2612 0.045332362 0.067825559 0.005 19526.4 1382.4 9158.4 34560 26265.6 0 268.37244
34920 728880 18.49314613 8.471666667 11.30293154 0.008868904 0.095823687 0.433826324 0.385959931 2.83120649 1.766350584 2.227330785 0.002363626 0.229122739 0.278724372 1.192085223 0.206515932 0.027381487 0.131288076 1.017699726 0.95835204 311.9508 0.045234856 0.067580176 0.005 25920 1987.2 9158.4 34560 26265.6 0 326.22912
34921 728881 18.51498998 8.471666667 11.28544422 0.00879833 0.095983007 0.433456286 0.384578051 2.837706225 1.765616538 2.246440445 0.002384195 0.231449965 0.27798528 1.206188587 0.207896286 0.02755823 0.126756037 0.998127682 0.964538066 310.6026 0.045152899 0.06737571 0.005 25920 1987.2 9158.4 34560 26265.6 0 316.70352
34922 728882 18.53225612 8.471666667 11.27160273 0.008741983 0.096146946 0.433057053 0.383474733 2.842895738 1.765042776 2.261697959 0.00240481 0.233308066 0.277409332 1.21744898 0.208993336 0.027698649 0.122348465 0.97854512 0.969452714 309.2418 0.045087464 0.06721381 0.005 25920 1382.4 9158.4 34560 26265.6 0 323.37144
34923 728883 18.54478572 8.471666667 11.26154507 0.008700698 0.096315523 0.432626873 0.382666361 2.846697955 1.764630929 2.272876732 0.002425445 0.234669447 0.276997161 1.225699169 0.209793616 0.027801047 0.118078105 0.958978607 0.973036646 307.8558 0.045039521 0.067096126 0.005 25920 1382.4 9158.4 34560 26265.6 0 313.7778
34924 728884 18.55241996 8.471666667 11.25540927 0.008675314 0.096488757 0.432163995 0.382169321 2.849035804 1.764382626 2.279750167 0.002446072 0.235506513 0.276749395 1.23077192 0.21028366 0.027863729 0.113957702 0.939454711 0.975230522 306.4446 0.045010042 0.067024306 0.005 19526.4 1382.4 9158.4 34560 26265.6 0 164.45268
34925 728885 18.555 8.471666667 11.25333333 0.008666667 0.096666667 0.431666667 0.382 2.849832215 1.764299496 2.282091667 0.002466667 0.235791667 0.276666667 1.2325 0.21045 0.027885 0.11 0.92 0.975975 305.0208 0.045 0.067 0.005 19526.4 1382.4 9158.4 34560 26265.6 0 197.79228
34926 728886 18.54892692 8.471909469 11.25337414 0.008685053 0.097110074 0.431043036 0.382407897 2.848334937 1.765592181 2.281317787 0.002488685 0.235143006 0.27930014 1.23055248 0.210392008 0.027798326 0.10598864 0.89871313 0.972941401 303.5592 0.045253183 0.067248119 0.005 19526.4 1382.4 9158.4 34560 26265.6 4.68E-06 195.615
34927 728887 18.5312216 8.472614189 11.25349619 0.00873856 0.098053801 0.430207893 0.383603284 2.84398918 1.769344122 2.279040704 0.002513459 0.233256802 0.286943635 1.224866165 0.210223688 0.027546759 0.101719099 0.87389185 0.964136565 302.085 0.045983796 0.06796412 0.005 19526.4 1382.4 9158.4 34560 26265.6 1.83E-05 144.38088
34928 728888 18.50265491 8.473745293 11.25369891 0.008824706 0.099458866 0.429169453 0.385543701 2.837014056 1.775366145 2.275327249 0.002540775 0.23022272 0.299211765 1.215675426 0.209953528 0.027142984 0.097221874 0.845861366 0.950004432 300.5856 0.047148438 0.069105469 0.005 19526.4 1382.4 9158.4 34560 26265.6 4.01E-05 130.5234
34929 728889 18.46399771 8.47526725 11.25398174 0.008941013 0.101286287 0.427935932 0.388186693 2.827628681 1.783469076 2.270244253 0.00257042 0.226130427 0.315719145 1.203214632 0.209590015 0.026599684 0.092527463 0.814946882 0.930988946 299.061 0.048703704 0.07062963 0.005 19526.4 864 9158.4 34560 26265.6 6.94E-05 79.7202
34930 728890 18.41602088 8.477144527 11.25434412 0.009085001 0.103497084 0.426515545 0.391489799 2.816052167 1.793463742 2.263858549 0.00260218 0.221069588 0.336080388 1.187718152 0.209141634 0.025929544 0.087666364 0.781473603 0.907534045 297.5238 0.050606192 0.072494068 0.005 25920 2073.6 9158.4 34560 26265.6 0.00010562 198.74484
34931 728891 18.35949528 8.479341594 11.25478548 0.00925419 0.106052274 0.424916508 0.395410564 2.80250363 1.80516097 2.256236969 0.002635841 0.215129868 0.359910107 1.169420357 0.208616873 0.025145248 0.082669075 0.745766736 0.880083673 295.974 0.0528125 0.07465625 0.005 33264 1641.6 9158.4 34560 26265.6 0.00014799 180.1926
34932 728892 18.29519179 8.481822917 11.25530525 0.0094461 0.108912877 0.423147034 0.399906528 2.787202181 1.818371585 2.247446345 0.00267119 0.208400935 0.386822917 1.148555615 0.208024219 0.024259479 0.077566093 0.708151486 0.849081771 294.3864 0.055279225 0.07707364 0.005 50457.6 1641.6 9158.4 34560 26265.6 0.00019583 227.52576
34933 728893 18.22388127 8.484552964 11.25590286 0.009658252 0.112039911 0.421215341 0.404935234 2.770366936 1.832906415 2.237553508 0.002708012 0.200972455 0.416433431 1.125358297 0.207372157 0.023284922 0.072387917 0.668953058 0.814972279 292.7988 0.057962963 0.079703704 0.005 70156.8 1641.6 11232 34560 26265.6 0.00024847 223.87428
34934 728894 18.14633459 8.487496204 11.25657777 0.009888166 0.115394396 0.419129642 0.410454224 2.752217008 1.848576286 2.226625291 0.002746095 0.192934092 0.448356262 1.100062772 0.206669176 0.022234261 0.067165043 0.628496656 0.778199139 291.1734 0.060820313 0.082503906 0.005 41385.6 2073.6 11232 34560 26265.6 0.00030523 118.7298
34935 728895 18.06332261 8.490617104 11.25732939 0.010133363 0.118937349 0.416898153 0.41642104 2.732971511 1.865192025 2.214728525 0.002785225 0.184375513 0.482206025 1.072903409 0.205923761 0.02112018 0.06192797 0.587107488 0.739206293 289.548 0.06380787 0.085431713 0.005 25920 2073.6 11232 34560 26265.6 0.0003654 223.48872
34936 728896 17.97561622 8.493880132 11.25815716 0.010391362 0.12262979 0.41452909 0.422793224 2.712849558 1.882564457 2.201930042 0.002825188 0.175386384 0.517597334 1.044114578 0.205144399 0.019955362 0.056707195 0.545110757 0.698437681 287.8974 0.066882234 0.088444589 0.005 25920 2073.6 13651.2 34560 26265.6 0.00042832 180.57816
34937 728897 17.88398628 8.497249757 11.25906053 0.010659684 0.126432737 0.412030667 0.429528319 2.692070264 1.90050441 2.188296675 0.00286577 0.166056371 0.554144801 1.013930649 0.204339577 0.018752493 0.051533216 0.50283167 0.656337245 286.2342 0.07 0.0915 0.005 22636.8 2073.6 13651.2 34560 26265.6 0.00049329 16.76052
34938 728898 17.78920365 8.500690446 11.26003892 0.010935849 0.130307209 0.4094111 0.436583866 2.670852743 1.91882271 2.173895255 0.002906758 0.156475139 0.591463041 0.982585991 0.203517782 0.017524255 0.046436532 0.460595431 0.613348926 284.5458 0.073117766 0.094555411 0.005 25920 2592 26956.8 34560 26265.6 0.00055964 202.80456
34939 728899 17.69203922 8.504166667 11.26109176 0.011217378 0.134214224 0.406678605 0.443917408 2.649416107 1.937330183 2.158792614 0.002947938 0.146732356 0.629166667 0.950314975 0.2026875 0.016283333 0.041447639 0.418727247 0.569916667 282.8448 0.07619213 0.097568287 0.005 41385.6 3715.2 18662.4 34560 26265.6 0.00062667 271.88784
34940 728900 17.59326383 8.507642888 11.26221851 0.011501791 0.138114802 0.403841395 0.451486486 2.627979472 1.955837656 2.143055585 0.002989097 0.136917686 0.666870293 0.917351968 0.201857218 0.015042412 0.036597035 0.377552322 0.526484407 281.1312 0.079179688 0.100496094 0.005 50457.6 2592 18662.4 34560 26265.6 0.0006937 226.1196
34941 728901 17.49364837 8.511083576 11.26341857 0.011786608 0.141969961 0.400907687 0.459248643 2.60676195 1.974155956 2.126750998 0.00303002 0.127120796 0.704188533 0.883931342 0.201035423 0.013814174 0.031915218 0.337395861 0.483496088 279.405 0.082037037 0.103296296 0.005 33264 1641.6 18662.4 34560 26265.6 0.00076004 89.05548522
34942 728902 17.39396371 8.514453201 11.26469141 0.01206935 0.145740719 0.397885696 0.467161421 2.585982656 1.992095909 2.109945686 0.003070495 0.117431351 0.740736 0.850287465 0.200230601 0.012611304 0.027432687 0.298583071 0.441395653 277.6536 0.084720775 0.10592636 0.005 25920 1641.6 18662.4 34560 26265.6 0.00082501 224.48664
34943 728903 17.29498071 8.517716229 11.26603644 0.012347536 0.149388096 0.394783638 0.475182362 2.565860704 2.009468341 2.092706481 0.003110307 0.107939018 0.776127308 0.816654708 0.199451239 0.011446487 0.023179938 0.261439156 0.400627041 275.9022 0.0871875 0.10834375 0.005 25920 1641.6 13651.2 34560 26265.6 0.00088793 112.40208
34944 728904 17.19747024 8.520837129 11.2674531 0.012618688 0.152873111 0.391609726 0.483269008 2.546615207 2.02608408 2.075100215 0.003149244 0.098733463 0.809977071 0.783267439 0.198705824 0.010332406 0.019187469 0.226289322 0.361634194 274.1256 0.089393808 0.110505932 0.005 25920 1641.6 13651.2 34560 26265.6 0.00094811 260.5757538
34945 728905 17.10220317 8.523780369 11.26894083 0.012880324 0.156156781 0.388372177 0.491378901 2.528465279 2.041753951 2.057193719 0.003187091 0.089904351 0.841899903 0.750360029 0.198002843 0.009281744 0.015485779 0.193458774 0.324861054 272.3364 0.091296296 0.11237037 0.005 25920 1641.6 13651.2 34560 26265.6 0.0010049 284.78016
34946 728906 17.00995037 8.526510417 11.27049907 0.013129967 0.159200126 0.385079206 0.499469584 2.511630034 2.056288781 2.039053827 0.003223634 0.081541348 0.871510417 0.718166846 0.197350781 0.008307188 0.012105364 0.163272718 0.290751563 270.5346 0.092851563 0.113894531 0.005 41385.6 1641.6 13651.2 34560 26265.6 0.0010575 249.3666
34947 728907 16.92148271 8.52899174 11.27212724 0.013365136 0.161964164 0.381739028 0.507498598 2.496328585 2.069499396 2.020747368 0.00325866 0.073734121 0.898423226 0.686922262 0.196758127 0.007421419 0.009076724 0.136056358 0.25974966 268.7328 0.094016204 0.11503588 0.005 33264 1641.6 13651.2 34560 26265.6 0.0011053 125.0314621
34948 728908 16.83757106 8.531188806 11.27382479 0.013583351 0.164409914 0.378359858 0.515423485 2.482780047 2.081196624 2.002341177 0.003291956 0.066572335 0.922252946 0.656860644 0.196233366 0.006637123 0.006430354 0.1121349 0.232299288 266.9058 0.094746817 0.115751881 0.005 25920 1641.6 13651.2 34560 26265.6 0.0011477 38.94156
34949 728909 16.75898628 8.533066084 11.27559114 0.013782133 0.166498395 0.374949912 0.523201788 2.471203534 2.09119129 1.983902083 0.003323308 0.060145656 0.942614189 0.628216363 0.195784985 0.005966983 0.004196754 0.091833551 0.208844388 265.0788 0.095 0.116 0.005 25920 1641.6 13651.2 34560 26265.6 0.0011839 174.02364
34950 728910 16.68649925 8.534588041 11.27742574 0.013959002 0.168190625 0.371517404 0.530791049 2.461818158 2.099294221 1.96549692 0.003352502 0.054543751 0.959121568 0.601223789 0.195421472 0.005423683 0.002406421 0.075477514 0.189828901 263.2392 0.094895008 0.115995632 0.005010042 70156.8 5529.6 26956.8 34560 26265.6 0.0012133 235.7586
34951 728911 16.62088084 8.535719145 11.27932801 0.014111478 0.169447624 0.368070551 0.53814881 2.454843035 2.105316244 1.94719252 0.003379324 0.049856285 0.971389699 0.576117291 0.195151312 0.005019908 0.001089852 0.063391995 0.175696769 261.3744 0.09458668 0.115982511 0.005039521 70156.8 3715.2 11145.6 34560 26265.6 0.0012351 249.72948
34952 728912 16.56290191 8.536423864 11.2812974 0.014237082 0.170230409 0.364617566 0.545232613 2.450497278 2.109068185 1.929055714 0.003403562 0.046172923 0.979033194 0.553131238 0.194982992 0.004768341 0.000277546 0.0559022 0.166891932 259.5222 0.094084988 0.115960614 0.005087464 61084.8 2592 8899.2 34560 26265.6 0.0012487 220.42692
34953 728913 16.51333333 8.536666667 11.28333333 0.014333333 0.1705 0.361166667 0.552 2.449 2.11036087 1.911153333 0.003425 0.043583333 0.981666667 0.5325 0.194925 0.004681667 0 0.053333333 0.163858333 257.6448 0.093399906 0.115929915 0.005152899 50457.6 1641.6 6912 34560 26265.6 0.0012533 58.08348
34954 728914 16.46971353 8.536515573 11.28954721 0.014413678 0.170394074 0.357568581 0.558655775 2.449987012 2.109788216 1.891888027 0.003444337 0.041598839 0.980546937 0.512854478 0.194968981 0.004708325 0.000978604 0.054139424 0.16479137 255.7674 0.092541404 0.11589039 0.005234856 33264 1641.6 6912 34560 26265.6 0.0012492 41.14152
34955 728915 16.42892016 8.53606985 11.30367086 0.014493127 0.170085926 0.353679768 0.565427604 2.452858321 2.108109703 1.869781385 0.003462473 0.039670964 0.977284213 0.492723213 0.19509988 0.004786364 0.003862704 0.056504495 0.167522728 253.8774 0.091519455 0.115842016 0.005332362 25920 1641.6 3628.8 34560 26265.6 0.0012374 115.75872
34956 728916 16.39073297 8.535340836 11.32513438 0.014571554 0.16959 0.349517035 0.57230732 2.457479333 2.105384503 1.845078651 0.003479495 0.037799676 0.972023188 0.472187032 0.195316133 0.00491288 0.008574736 0.060348741 0.171950783 251.9748 0.090344032 0.115784766 0.005444444 41385.6 1641.6 3628.8 34560 26265.6 0.0012182 155.63016
34957 728917 16.35493171 8.534339867 11.35336786 0.014648828 0.168920741 0.345097192 0.579286755 2.463715457 2.101671791 1.818025072 0.003495495 0.035984941 0.964908558 0.451326765 0.195616174 0.005084969 0.015037134 0.065592357 0.177973906 250.0722 0.089025106 0.115718617 0.005570133 50457.6 1641.6 6912 34560 26265.6 0.0011924 187.4502
34958 728918 16.32129612 8.533078281 11.38780138 0.014724823 0.168092593 0.340437047 0.586357745 2.471432099 2.097030739 1.788865892 0.003510561 0.034226726 0.956085018 0.43022324 0.195998439 0.005299728 0.023172333 0.072155541 0.185490473 248.157 0.087572651 0.115643545 0.005708455 41385.6 2592 11145.6 34560 26265.6 0.0011605 192.64392
34959 728919 16.28960594 8.531567415 11.42786504 0.01479941 0.16712 0.335553408 0.593512121 2.480494667 2.091520522 1.757846356 0.003524782 0.032524995 0.945697262 0.408957285 0.196461362 0.005554253 0.032902766 0.079958486 0.194398856 246.2418 0.085996638 0.115559524 0.005858439 41385.6 2073.6 6912 34560 26265.6 0.001123 18.8244
34960 728920 16.25964092 8.529818608 11.47298892 0.01487246 0.166017407 0.330463083 0.600741717 2.490768568 2.085200312 1.725211711 0.003538249 0.030879717 0.933889986 0.38760973 0.197003378 0.005845641 0.044150869 0.088921389 0.20459743 244.314 0.08430704 0.115466531 0.006019112 33264 1641.6 5097.6 34560 26265.6 0.0010805 131.7727722
34961 728921 16.2311808 8.527843196 11.52260311 0.014943845 0.164799259 0.325182882 0.608038367 2.50211921 2.078129283 1.6912072 0.003551049 0.029290857 0.920807884 0.366261403 0.197622923 0.006170988 0.056839076 0.098964446 0.215984568 242.3862 0.082513829 0.115364542 0.006189504 33264 2592 8899.2 34560 26265.6 0.0010335 196.34076
34962 728922 16.20400532 8.525652516 11.57613771 0.015013437 0.16348 0.319729613 0.615393905 2.514412 2.070366609 1.656078069 0.003563273 0.027758382 0.906595651 0.344993132 0.198318431 0.00652739 0.070889821 0.110007853 0.228458644 240.4584 0.080626977 0.11525353 0.006368643 80179.2 3110.4 16070.4 34560 26265.6 0.00098261 122.0184
34963 728923 16.17789423 8.523257906 11.6330228 0.015081107 0.162074074 0.314120084 0.622800162 2.527512346 2.061971462 1.620069564 0.003575009 0.026282258 0.891397983 0.323885747 0.199088338 0.006911944 0.086225539 0.121971804 0.241918032 238.518 0.078656457 0.115133473 0.006555556 70156.8 2592 8899.2 34560 26265.6 0.0009284 112.7196
34964 728924 16.15262728 8.520670704 11.69268848 0.015146727 0.160595926 0.308371103 0.630248974 2.541285654 2.053003016 1.583426929 0.003586348 0.024862451 0.875359574 0.303020075 0.199931078 0.007321746 0.102768665 0.134776496 0.256261104 236.5776 0.076612241 0.115004346 0.006749271 61084.8 2073.6 6912 34560 26265.6 0.00087139 130.90896
34965 728925 16.1279842 8.517902246 11.75456483 0.015210169 0.15906 0.30249948 0.637732173 2.555597333 2.043520445 1.546395409 0.003597378 0.023498928 0.85862512 0.282476946 0.200845086 0.007753892 0.120441632 0.148342125 0.271386236 234.6372 0.0745043 0.114866124 0.006948818 41385.6 1641.6 6912 34560 26265.6 0.00081216 212.82912
34966 728926 16.10374475 8.514963871 11.81808195 0.015271305 0.157480741 0.296522022 0.645241592 2.57031279 2.033582922 1.509220251 0.00360819 0.022191654 0.841339314 0.262337188 0.201828797 0.00820548 0.139166876 0.162588886 0.2871918 232.6842 0.072342609 0.114718782 0.007153223 33264 1641.6 6912 34560 26265.6 0.00075126 181.41732
34967 728927 16.07968866 8.511866915 11.88266991 0.015330005 0.155872593 0.290455538 0.652769065 2.585297432 2.02324962 1.472146698 0.003618871 0.020940598 0.823646852 0.242681629 0.202880647 0.008673605 0.158866831 0.177436974 0.30357617 230.7312 0.070137137 0.114562297 0.007361516 25920 1209.6 6912 34560 26265.6 0.00068924 179.76168
34968 728928 16.05559568 8.508622717 11.94775882 0.015386142 0.15425 0.284316837 0.660306425 2.600416667 2.012579712 1.435419997 0.003629511 0.019745724 0.80569243 0.223591099 0.20399907 0.009155363 0.179463931 0.192806586 0.32043772 228.7782 0.067897859 0.114396644 0.007572724 25920 864 6912 34560 26265.6 0.00062667 15.26364
34969 728929 16.03124555 8.505242612 12.01277877 0.015439588 0.152627407 0.278122728 0.667845506 2.615535901 2.001632373 1.399285391 0.003640201 0.018606999 0.787620741 0.205146425 0.205182502 0.009647852 0.200880611 0.208617917 0.337674824 226.8252 0.065634746 0.114221798 0.007785876 22636.8 864 6912 34560 26265.6 0.00056409 190.69344
34970 728930 16.00641802 8.50173794 12.07715983 0.015490213 0.151019259 0.271890017 0.675378141 2.630520543 1.990466775 1.363988128 0.003651028 0.017524389 0.769576482 0.187428438 0.206429376 0.010148167 0.223039306 0.224791164 0.355185855 224.8722 0.063357771 0.114037736 0.008 19526.4 864 6912 34560 26265.6 0.00050208 113.967
34971 728931 15.98089283 8.498120036 12.14033211 0.015537891 0.14944 0.265635515 0.682896164 2.645236 1.979142091 1.329773451 0.003662083 0.016497862 0.751704346 0.170517964 0.207738129 0.010653405 0.245862449 0.241246521 0.372869187 222.9192 0.061076906 0.113844432 0.008214124 33264 1209.6 6912 34560 26265.6 0.00044117 111.04128
34972 728932 15.95444973 8.494400239 12.20172569 0.015582491 0.147904074 0.259376029 0.690391407 2.659547679 1.967717496 1.296886606 0.003673455 0.015527382 0.734149029 0.154495833 0.209107195 0.011160663 0.269272475 0.257904184 0.390623194 220.9662 0.058802123 0.113641862 0.008427276 25920 1209.6 5097.6 34560 26265.6 0.00038194 183.29976
34973 728933 15.92686845 8.490589886 12.26077066 0.015623887 0.146425926 0.253128368 0.697855705 2.673320988 1.956252163 1.265572837 0.003685233 0.014612918 0.717055226 0.139442873 0.210535009 0.011667036 0.29319182 0.274684349 0.408346249 219.0006 0.056543394 0.113430002 0.008638484 22636.8 1209.6 5097.6 34560 26265.6 0.00032494 177.8112
34974 728934 15.89792875 8.486700315 12.31689711 0.015661949 0.14502 0.246909341 0.70528089 2.686421333 1.944805264 1.236077392 0.003697506 0.013754434 0.700567631 0.125439914 0.212020007 0.012169621 0.317542916 0.291507212 0.425936726 217.0476 0.054310692 0.113208827 0.008846777 19526.4 1209.6 5097.6 34560 26265.6 0.00027072 141.99948
34975 728935 15.86741037 8.482742862 12.36953514 0.01569655 0.143700741 0.240735755 0.712658796 2.698714123 1.933435974 1.208645513 0.003710364 0.012951897 0.68483094 0.112567783 0.213560622 0.012665514 0.3422482 0.308292968 0.443292998 215.0946 0.052113989 0.112978312 0.009051182 19526.4 1209.6 6912 34560 26265.6 0.00021984 92.421
34976 728936 15.83509305 8.478728865 12.41811482 0.01572756 0.142482593 0.23462442 0.719981256 2.710064765 1.922203466 1.183522447 0.003723896 0.012205274 0.669989847 0.100907309 0.215155291 0.013151813 0.367230105 0.324961814 0.46031344 213.1416 0.049963258 0.112738434 0.009250729 19526.4 1209.6 6912 34560 26265.6 0.00017287 183.141
34977 728937 15.80075653 8.474669662 12.46206626 0.015754852 0.14138 0.228592144 0.727240104 2.720338667 1.911166913 1.160953439 0.003738192 0.011514531 0.656189048 0.090539321 0.216802448 0.013625612 0.392411066 0.341433944 0.476896425 211.2012 0.04786847 0.112489168 0.009444444 19526.4 1209.6 6912 34560 26265.6 0.00013035 164.47536
34978 728938 15.76418056 8.470576589 12.50081954 0.015778298 0.140407407 0.222655736 0.734427172 2.729401235 1.900385488 1.141183734 0.00375334 0.010879634 0.643573238 0.081544648 0.218500528 0.014084009 0.417713517 0.357629555 0.492940327 209.2482 0.045839598 0.11223049 0.009631357 19526.4 1209.6 6912 34560 26265.6 9.28E-05 164.90628
34979 728939 15.72514489 8.466460985 12.53380474 0.015797768 0.139579259 0.216832003 0.741534296 2.737117877 1.889918365 1.124458577 0.003769431 0.01030055 0.63228711 0.074004118 0.220247966 0.014524101 0.443059892 0.373468842 0.50834352 207.3078 0.043886614 0.111962374 0.009810496 19526.4 1209.6 5097.6 34560 26265.6 6.09E-05 135.67176
34980 728940 15.68342925 8.462334187 12.56045197 0.015813136 0.13891 0.211137754 0.748553307 2.743354 1.879824718 1.111023213 0.003786553 0.009777245 0.622475361 0.067998559 0.222043198 0.014942982 0.468372627 0.388872001 0.523004376 205.3674 0.04201949 0.111684797 0.009980888 16588.8 864 5097.6 34560 26265.6 3.51E-05 155.53944
34981 728941 15.63881339 8.458207532 12.58019131 0.015824271 0.138414074 0.205589799 0.755476039 2.747975012 1.870163719 1.101122888 0.003804795 0.009309685 0.614282685 0.063608801 0.223884657 0.015337751 0.493574156 0.403759228 0.53682127 203.4396 0.0402482 0.111397734 0.010141561 13824 864 5097.6 34560 26265.6 1.60E-05 155.2446
34982 728942 15.59107706 8.454092357 12.59245284 0.015831046 0.138105926 0.200204945 0.762294325 2.750846321 1.860994542 1.095002846 0.003824248 0.008897837 0.607853778 0.060915672 0.225770779 0.015705502 0.518586913 0.418050718 0.549692576 201.5118 0.038582714 0.111101161 0.010291545 13824 864 5097.6 34560 26265.6 4.08E-06 166.74336
34983 728943 15.54 8.45 12.59666667 0.015833333 0.138 0.195 0.769 2.751833333 1.852376361 1.092908333 0.003845 0.008541667 0.603333333 0.06 0.2277 0.016043333 0.543333333 0.431666667 0.561516667 199.584 0.037033006 0.110795052 0.010429867 13824 864 5097.6 34560 26265.6 0 121.95036
34984 728944 15.48060285 8.445661779 12.59520659 0.015832132 0.138024294 0.189781222 0.775787164 2.750880102 1.844060049 1.095381795 0.003869308 0.008218005 0.59993235 0.060027686 0.230485235 0.016370479 0.569851025 0.444979708 0.57296678 197.6688 0.035609047 0.110479385 0.010555556 13824 864 5097.6 34560 26265.6 8.21E-05 149.07564
34985 728945 15.40848042 8.440821699 12.59089714 0.015828622 0.138096622 0.184357826 0.782837073 2.748082604 1.835757165 1.102610066 0.003899123 0.007903629 0.5967567 0.060109888 0.234873425 0.016707347 0.600052102 0.458410961 0.58475715 195.7536 0.034320811 0.110154134 0.010667638 13824 864 5097.6 34560 26265.6 0.0003266 35.10864
34986 728946 15.32427373 8.435510132 12.58384447 0.015822943 0.138216154 0.178751061 0.790122295 2.743534136 1.827467909 1.114304975 0.003934073 0.007598426 0.59379339 0.060245321 0.240764046 0.01705279 0.633670752 0.471953354 0.596847646 193.851 0.033178268 0.109819275 0.010765144 13824 864 5097.6 34560 26265.6 0.00073081 110.92788
34987 728947 15.22862379 8.429757449 12.57415474 0.015815234 0.138382061 0.172982175 0.797615396 2.737327992 1.819192484 1.130178354 0.003973788 0.007302283 0.591029429 0.060432701 0.24805657 0.017405661 0.670441165 0.485599814 0.609198137 191.9484 0.032191393 0.109474783 0.010847101 13824 864 5097.6 34560 26265.6 0.001292 58.1742
34988 728948 15.12217162 8.42359402 12.56193412 0.015805637 0.138593513 0.167072418 0.805288944 2.729557468 1.810931089 1.149942031 0.004017897 0.007015088 0.588451821 0.060670744 0.256650473 0.017764814 0.710097529 0.499343267 0.621768492 190.0584 0.031370156 0.109120634 0.010912536 13824 864 5097.6 34560 26265.6 0.0020076 159.327
34989 728949 15.00555823 8.417050216 12.54728875 0.01579429 0.13884968 0.161043037 0.813115503 2.72031586 1.802683926 1.173307837 0.004066029 0.006736727 0.586047576 0.060958166 0.266445229 0.018129102 0.752374034 0.513176641 0.63451858 188.1684 0.03072453 0.108756803 0.010960479 13824 864 5097.6 34560 26265.6 0.0028748 121.0011779
34990 728950 14.87942464 8.410156408 12.53032481 0.015781333 0.139149733 0.154915281 0.821067642 2.709696462 1.794451195 1.1999876 0.004117813 0.006467087 0.583803699 0.061293681 0.277340311 0.018497379 0.797004868 0.527092862 0.64740827 186.3036 0.030264487 0.108383267 0.010989958 13824 864 5097.6 34560 26265.6 0.003891 157.67136
34991 728951 14.74441187 8.402942966 12.51114845 0.015766908 0.139492842 0.148710398 0.829117927 2.69779257 1.786233098 1.229693151 0.004172879 0.006206056 0.581707198 0.061676007 0.289235193 0.018868498 0.843724221 0.541084858 0.660397432 184.4388 0.03 0.108 0.011 13824 864 3628.8 34560 26265.6 0.0050534 44.793
34992 728952 14.60116091 8.395440261 12.48986583 0.015751153 0.139878176 0.142449637 0.837238924 2.68469748 1.778029835 1.26213632 0.004230855 0.005953522 0.579745079 0.062103858 0.30202935 0.019241312 0.892266281 0.555145555 0.673445934 182.574 0.029838631 0.107331781 0.010960479 13824 864 5097.6 34560 26265.6 0.0063594 71.53272
34993 728953 14.4503128 8.387678665 12.46658311 0.015734208 0.140304907 0.136154246 0.8454032 2.670504486 1.769841608 1.297028936 0.004291371 0.00570937 0.577904351 0.06257595 0.315622256 0.019614676 0.942365238 0.56926788 0.686513646 180.7344 0.029681542 0.106141347 0.010847101 13824 864 5097.6 34560 26265.6 0.0078063 145.74168
34994 728954 14.29250854 8.379688547 12.44140645 0.015716214 0.140772205 0.129845475 0.853583322 2.655306885 1.761668617 1.334082829 0.004354056 0.005473488 0.576172019 0.063090999 0.329913385 0.019987441 0.99375528 0.583444761 0.699560437 178.8948 0.029529099 0.104485615 0.010667638 13824 864 5097.6 34560 26265.6 0.0093914 139.2552
34995 728955 14.12838915 8.371500279 12.41444201 0.01569731 0.141279239 0.12354457 0.861751857 2.639197971 1.753511063 1.373009828 0.004418538 0.005245764 0.57453509 0.06364772 0.344802211 0.020358462 1.046170597 0.597669125 0.712546175 177.0804 0.029381672 0.1024215 0.010429867 13824 864 5097.6 34560 26265.6 0.011112 88.5654
34996 728956 13.95859564 8.363144231 12.38579595 0.015677637 0.14182518 0.117272782 0.869881371 2.622271039 1.745369147 1.413521764 0.004484448 0.005026084 0.572980573 0.06424483 0.360188208 0.020726592 1.099345377 0.611933897 0.72543073 175.266 0.02923963 0.100005916 0.010141561 13824 864 5097.6 34560 26265.6 0.012965 88.32829091
34997 728957 13.78376903 8.354650775 12.35557443 0.015657333 0.142409199 0.111051357 0.877944431 2.604619386 1.73724307 1.455330467 0.004551415 0.004814336 0.571495473 0.064881044 0.37597085 0.021090685 1.15301381 0.626232006 0.738173971 173.4642 0.02910334 0.097295781 0.009810496 13824 864 5097.6 34560 26265.6 0.014949 99.20521532
34998 728958 13.60455034 8.34605028 12.32388361 0.01563654 0.143030466 0.104901546 0.885913603 2.586336307 1.729133033 1.498147765 0.004619067 0.004610407 0.570066799 0.065555077 0.392049611 0.021449593 1.206910084 0.640556378 0.750735767 171.675 0.028973173 0.094348008 0.009444444 13824 864 5097.6 34560 26265.6 0.01706 77.42952
34999 728959 13.42158056 8.337373117 12.29082965 0.015615397 0.14368815 0.098844596 0.893761454 2.567515096 1.721039237 1.541685489 0.004687034 0.004414184 0.568681556 0.066265645 0.408323966 0.021802171 1.260768389 0.654899941 0.763075987 169.8984 0.028849495 0.091219515 0.009051182 13824 864 5097.6 34560 26265.6 0.019296 121.04316
35000 728960 13.23550073 8.328649658 12.25651871 0.015594045 0.144381422 0.092901755 0.901460551 2.548249049 1.712961883 1.585655468 0.004754945 0.004225554 0.567326752 0.067011465 0.424693388 0.022147271 1.314322913 0.669255621 0.775154501 168.1344 0.028732676 0.087967215 0.008638484 13824 864 5097.6 34560 26265.6 0.021653 26.55828
35001 728961 13.04695186 8.319910274 12.22105694 0.015572622 0.145109453 0.087094273 0.908983461 2.528631462 1.704901172 1.629769532 0.004822428 0.004044404 0.565989394 0.067791251 0.441057351 0.022483748 1.367307846 0.683616345 0.786931177 166.3956 0.028623085 0.084648025 0.008214124 16588.8 864 5097.6 34560 26265.6 0.024131 42.34356
35002 728962 12.85657495 8.311185334 12.18455052 0.015551269 0.145871413 0.081443397 0.91630275 2.50875563 1.696857305 1.673739511 0.004889114 0.003870622 0.564656489 0.068603719 0.457315331 0.022810454 1.419457376 0.69797504 0.798365884 164.6568 0.028521089 0.08131886 0.007785876 19526.4 864 5097.6 34560 26265.6 0.026724 66.02838261
35003 728963 12.66501103 8.302505209 12.14710559 0.015530126 0.146666471 0.075970377 0.923390984 2.488714849 1.688830482 1.717277235 0.004954632 0.003704094 0.563315043 0.069447585 0.4733668 0.023126243 1.470505692 0.712324634 0.809418492 162.9432 0.028427058 0.078036636 0.007361516 19526.4 864 5097.6 34560 26265.6 0.029432 43.93116
35004 728964 12.4729011 8.293900271 12.10882832 0.015509333 0.147493799 0.07069646 0.930220731 2.468602413 1.680820904 1.760094533 0.00501861 0.003544708 0.561952065 0.070321565 0.489111233 0.023429968 1.520186984 0.726658052 0.820048869 161.2422 0.02834136 0.074858267 0.006948818 19526.4 864 5097.6 34560 26265.6 0.032251 96.48072
35005 728965 12.28088619 8.28540089 12.06982486 0.01548903 0.148352566 0.065642896 0.936764558 2.448511618 1.672828773 1.801903236 0.005080678 0.003392351 0.560554561 0.071224375 0.504448104 0.023720482 1.568235441 0.740968223 0.830216886 159.5538 0.028264364 0.071840671 0.006555556 22636.8 864 5097.6 34560 26265.6 0.035179 127.09872
35006 728966 12.0896073 8.277037437 12.03020139 0.015469357 0.149241943 0.060830932 0.94299503 2.428535759 1.66485429 1.842415172 0.005140465 0.00324691 0.559109538 0.072154729 0.519276887 0.02399664 1.614385251 0.755248073 0.83988241 157.878 0.028196438 0.069040761 0.006189504 19526.4 864 5097.6 34560 26265.6 0.038213 132.29244
35007 728967 11.89970546 8.268840283 11.99006405 0.015450453 0.1501611 0.056281818 0.948884714 2.408768132 1.656897654 1.881342171 0.005197599 0.003108273 0.557604002 0.073111344 0.533497057 0.024257295 1.658370603 0.769490529 0.849005311 156.2274 0.028137951 0.066515454 0.005858439 19526.4 864 5097.6 34560 26265.6 0.04135 82.64398979
35008 728968 11.71182167 8.260839798 11.949519 0.015432459 0.151109207 0.052016801 0.954406178 2.389302032 1.648959068 1.918396064 0.005251712 0.002976325 0.556024962 0.074092935 0.547008086 0.024501299 1.699925687 0.783688519 0.857545458 154.5894 0.028089272 0.064321665 0.005570133 19526.4 864 5097.6 34560 26265.6 0.044587 139.0679694
35009 728969 11.52659695 8.253066353 11.90867241 0.015415514 0.152085434 0.04805713 0.959531987 2.370230755 1.641038732 1.95328868 0.00530243 0.002850956 0.554359424 0.075098219 0.55970945 0.024727506 1.738784691 0.797834968 0.865462721 152.9766 0.028050768 0.06251631 0.005332362 13824 864 5097.6 34560 26265.6 0.047922 20.70684
35010 728970 11.34467232 8.24555032 11.86763044 0.015399759 0.153088953 0.044424053 0.964234709 2.351647595 1.633136848 1.985731849 0.005349384 0.002732051 0.552594395 0.07612591 0.571500623 0.024934771 1.774681805 0.811922804 0.872716968 151.3764 0.028022809 0.061156304 0.005152899 13824 864 5097.6 34560 26265.6 0.051353 95.43744
35011 728971 11.16668878 8.238322067 11.82649925 0.015385333 0.154118932 0.04113882 0.96848691 2.333645848 1.625253615 2.0154374 0.005392203 0.002619498 0.550716882 0.077174725 0.582281078 0.025121945 1.807351217 0.825944955 0.879268068 149.7888 0.028005764 0.060298562 0.005039521 13824 864 5097.6 34560 26265.6 0.054876 16.443
35012 728972 10.99328736 8.231411968 11.78538498 0.015372377 0.155174543 0.038222678 0.972261157 2.31631881 1.617389235 2.042117163 0.005430516 0.002513184 0.548713892 0.078243378 0.591950289 0.025287883 1.836527117 0.839894346 0.88507589 148.2264 0.028 0.06 0.005 13824 864 5097.6 34560 26265.6 0.058489 11.52144
35013 728973 10.82510906 8.224850391 11.74439382 0.01536103 0.156254955 0.035696877 0.975530017 2.299759776 1.609543909 2.065482969 0.005463952 0.002412996 0.546572433 0.079330587 0.600407732 0.025431437 1.861943692 0.853763905 0.890100304 146.6892 0.028 0.060045898 0.005 16588.8 864 5097.6 34560 26265.6 0.062188 33.31692
35014 728974 10.66279491 8.218667709 11.70363191 0.015351432 0.15735934 0.033582664 0.978266055 2.284062041 1.601717838 2.085246646 0.005492141 0.002318821 0.544279511 0.080435066 0.607552879 0.025551462 1.883335134 0.86754656 0.894301179 145.1646 0.028 0.060179688 0.005 19526.4 864 5097.6 34560 26265.6 0.065973 21.546
35015 728975 10.50698591 8.212894291 11.66320541 0.015343724 0.158486866 0.031901288 0.980441839 2.269318901 1.593911223 2.101120025 0.00551471 0.002230547 0.541822132 0.081555531 0.613285206 0.025646811 1.90043563 0.881235236 0.897638383 143.6652 0.028 0.060395508 0.005 19526.4 864 3628.8 34560 26265.6 0.069839 14.15232
35016 728976 10.35832308 8.207560509 11.62322049 0.015338045 0.159636705 0.030673997 0.982029936 2.25562365 1.586124264 2.112814934 0.005531291 0.002148061 0.539187305 0.082690698 0.617504185 0.025716337 1.912979369 0.894822861 0.900071787 142.1784 0.028 0.0606875 0.005 19526.4 864 3628.8 34560 26265.6 0.073784 47.061
35017 728977 10.21744744 8.202696732 11.5837833 0.015334534 0.160808026 0.029922041 0.983002912 2.243069585 1.578357163 2.120043205 0.005541511 0.00207125 0.536362037 0.083839282 0.620109292 0.025758893 1.92070054 0.908302363 0.901561258 140.7294 0.028 0.061049805 0.005 19526.4 864 3628.8 34560 26265.6 0.077805 16.19352
35018 728978 10.085 8.198333333 11.545 0.015333333 0.162 0.029666667 0.983333333 2.23175 1.570610121 2.122516667 0.005545 0.002 0.533333333 0.085 0.621 0.025773333 1.923333333 0.921666667 0.902066667 139.2804 0.028 0.061476563 0.005 19526.4 864 3628.8 34560 26265.6 0.0819 21.11508
35019 728979 9.955739188 8.194255447 11.50478728 0.015334715 0.163619736 0.030262556 0.98330176 2.221021689 1.562740755 2.120720483 0.005544233 0.001931839 0.529809651 0.086244877 0.620801887 0.025755512 1.922832107 0.934765604 0.901442933 137.8692 0.028 0.061961914 0.005 19526.4 864 3628.8 34560 26265.6 0.087627 32.90868
35020 728980 9.824132382 8.190228085 11.46110867 0.015338784 0.166051667 0.032022052 0.983208747 2.210188101 1.554617891 2.115429025 0.005541971 0.001864385 0.525530826 0.087645095 0.620218258 0.025702933 1.92135552 0.947469338 0.899602645 136.4832 0.028 0.0625 0.005 50457.6 1641.6 11145.6 34560 26265.6 0.096457 24.869376
35021 728981 9.690384015 8.186251435 11.41414059 0.015345429 0.169260949 0.034902899 0.983056853 2.199262514 1.546258538 2.106787927 0.005538274 0.001797668 0.520530933 0.089198101 0.619265174 0.025616919 1.918944213 0.959801296 0.896592173 135.1098 0.028 0.063084961 0.005 70156.8 1209.6 6912 34560 26265.6 0.10826 110.97324
35022 728982 9.554698521 8.182325685 11.36405948 0.015354539 0.173212741 0.038862842 0.98284864 2.188258209 1.537679706 2.094942826 0.005533199 0.001731714 0.514844051 0.090901342 0.617958701 0.025498797 1.915638827 0.971784907 0.892457887 133.7742 0.028 0.063710938 0.005 61084.8 1209.6 6912 34560 26265.6 0.1229 107.52588
35023 728983 9.417280331 8.178451022 11.31104177 0.015366 0.177872197 0.043859625 0.982586667 2.177188463 1.528898405 2.08003936 0.005526805 0.00166655 0.508504255 0.092752265 0.6163149 0.02534989 1.91148 0.983443596 0.887246156 132.4512 0.028 0.06437207 0.005 41385.6 1209.6 5097.6 34560 26265.6 0.14024 123.78744
35024 728984 9.278333879 8.174627632 11.25526388 0.015379701 0.183204477 0.049850992 0.982273493 2.166066558 1.519931645 2.062223164 0.005519152 0.001602205 0.501545623 0.094748317 0.614349835 0.025171524 1.906508373 0.994800792 0.88100335 131.1534 0.028 0.0650625 0.005 25920 1209.6 5097.6 34560 26265.6 0.16016 93.2148
35025 728985 9.138063598 8.170855703 11.19690225 0.015395531 0.189174735 0.056794687 0.98191168 2.154905772 1.510796436 2.041639875 0.005510297 0.001538706 0.49400223 0.096886946 0.61207957 0.024965024 1.900764587 1.005879921 0.873775839 129.8934 0.028 0.065776367 0.005 25920 1209.6 5097.6 34560 26265.6 0.18251 95.3694
35026 728986 8.996673919 8.167135422 11.1361333 0.015413376 0.195748129 0.064648455 0.981503787 2.143719383 1.501509787 2.018435129 0.0055003 0.00147608 0.485908153 0.099165598 0.609520166 0.024731714 1.89428928 1.016704412 0.865609993 128.646 0.028 0.066507813 0.005 25920 1209.6 5097.6 34560 26265.6 0.20718 76.7718
35027 728987 8.854369277 8.163466976 11.07313346 0.015433125 0.202889817 0.073370039 0.981052373 2.132520672 1.492088709 1.992754563 0.005489219 0.001414356 0.47729747 0.10158172 0.606687689 0.02447292 1.887123093 1.027297692 0.856552182 127.4364 0.028 0.067250977 0.005 25920 1209.6 5097.6 34560 26265.6 0.23401 34.45092
35028 728988 8.711354104 8.159850552 11.00807917 0.015454667 0.210564954 0.082917185 0.98056 2.121322918 1.482550212 1.964743813 0.005477114 0.001353561 0.468204255 0.104132761 0.6035982 0.024189965 1.879306667 1.037683188 0.846648776 126.2394 0.028 0.068 0.005 25920 1209.6 5097.6 34560 26265.6 0.26289 28.0098
35029 728989 8.567832832 8.156286337 10.94114686 0.015477888 0.218738698 0.093247635 0.980029227 2.1101394 1.472911305 1.934548516 0.005464042 0.001293721 0.458662587 0.106816166 0.600267763 0.023884176 1.87088064 1.047884327 0.835946144 125.0802 0.028 0.068749023 0.005 25920 1209.6 5097.6 34560 26265.6 0.29368 39.16836
35030 728990 8.424009894 8.152774519 10.87251294 0.015502677 0.227376205 0.104319135 0.979462613 2.098983397 1.463188998 1.902314309 0.005450063 0.001234866 0.448706542 0.109629383 0.596712442 0.023556876 1.861885653 1.057924537 0.824490656 123.9462 0.028 0.069492188 0.005 25920 1209.6 5097.6 34560 26265.6 0.32624 26.649
35031 728991 8.280089724 8.149315285 10.80235387 0.015528923 0.236442633 0.116089429 0.97886272 2.087868189 1.453400302 1.868186827 0.005435235 0.001177022 0.438370196 0.112569859 0.592948298 0.023209391 1.852362347 1.067827245 0.812328683 122.84118 0.028 0.070223633 0.005 25920 1209.6 5097.6 34560 26265.6 0.36045 15.12756
35032 728992 8.136276753 8.145908821 10.73084605 0.015556512 0.245903138 0.12851626 0.978232107 2.076807054 1.443562226 1.832311708 0.005419617 0.001120218 0.427687626 0.115635042 0.588991397 0.022843046 1.84235136 1.077615879 0.799506593 121.76388 0.028 0.0709375 0.005 25920 1209.6 5097.6 34560 26265.6 0.39617 22.08045913
35033 728993 7.992775416 8.142555315 10.65816593 0.015585333 0.255722877 0.141557374 0.977573333 2.065813272 1.433691779 1.794834587 0.005403268 0.00106448 0.416692908 0.118822378 0.5848578 0.022459164 1.831893333 1.087313866 0.786070757 120.71682 0.028 0.07162793 0.005 25920 1209.6 5097.6 34560 26265.6 0.43326 58.26492
35034 728994 7.849790144 8.139254953 10.58448992 0.015615275 0.265867007 0.155170514 0.97688896 2.054900123 1.423805973 1.755901101 0.005386246 0.001009836 0.405420119 0.122129314 0.580563571 0.022059073 1.821028907 1.096944634 0.772067545 119.7 0.028 0.072289063 0.005 25920 1209.6 5097.6 34560 26265.6 0.4716 10.90908
35035 728995 7.70752537 8.136007924 10.50999448 0.015646224 0.276300685 0.169313424 0.976181547 2.044080885 1.413921817 1.715656887 0.005368611 0.000956314 0.393903336 0.125553299 0.576124774 0.021644095 1.80979872 1.106531609 0.757543326 118.70586 0.028 0.072915039 0.005 25920 1209.6 5097.6 34560 26265.6 0.51105 23.79132
35036 728996 7.566185527 8.132814414 10.43485601 0.015678069 0.286989067 0.183943849 0.975453653 2.033368838 1.40405632 1.674247581 0.00535042 0.000903942 0.382176635 0.129091778 0.57155747 0.021215556 1.798243413 1.11609822 0.74254447 117.72558 0.028 0.0735 0.005 25920 1209.6 5097.6 34560 26265.6 0.55148 21.52332
35037 728997 7.425975049 8.129674611 10.35925095 0.015710699 0.297897311 0.199019533 0.97470784 2.022777261 1.394226493 1.63181882 0.005331733 0.000852746 0.370274094 0.132742199 0.566877725 0.020774781 1.786403627 1.125667893 0.727117347 116.75916 0.028 0.074038086 0.005 25920 1209.6 5097.6 34560 26265.6 0.59276 12.29256
35038 728998 7.287098366 8.126588701 10.28335574 0.015744 0.308990573 0.21449822 0.973946667 2.012319433 1.384449345 1.58851624 0.005312609 0.000802756 0.358229787 0.136502009 0.5621016 0.020323095 1.77432 1.135264056 0.711308328 115.8066 0.028 0.074523438 0.005 25920 1209.6 5097.6 34560 26265.6 0.63475 7.4844
35039 728999 7.149759914 8.123556871 10.20734679 0.015777861 0.320234011 0.230337655 0.973172693 2.002008634 1.374741887 1.544485478 0.005293105 0.000753997 0.346077793 0.140368655 0.557245159 0.019861822 1.762033173 1.144910136 0.695163781 114.8679 0.028 0.074950195 0.005 25920 1209.6 6912 34560 26265.6 0.67732 11.63484
35040 729000 7.014164124 8.120579309 10.13140055 0.015812171 0.33159278 0.246495581 0.97238848 1.991858143 1.365121128 1.499872169 0.005273281 0.000706498 0.333852187 0.144339584 0.552324466 0.019392288 1.749583787 1.154629562 0.678730077 113.94306 0.028 0.0753125 0.005 25920 1209.6 6912 34560 26265.6 0.72034 15.01416
35041 729001 6.880515428 8.117656202 10.05569344 0.015846816 0.343032039 0.262929743 0.971596587 1.981881239 1.355604078 1.454821951 0.005253196 0.000660287 0.321587047 0.148412244 0.547355582 0.018915817 1.73701248 1.164445759 0.662053585 113.02956 0.028 0.075604492 0.005 25920 1209.6 5097.6 34560 26265.6 0.76368 17.1234
35042 729002 6.749018261 8.114787737 9.980401882 0.015881685 0.354516943 0.279597886 0.970799573 1.972091201 1.346207748 1.409480461 0.005232908 0.00061539 0.309316448 0.152584082 0.542354573 0.018433734 1.724359893 1.174382156 0.645180676 112.1274 0.028 0.075820313 0.005 25920 1209.6 5097.6 34560 26265.6 0.8072 22.18104
35043 729003 6.619877054 8.111974101 9.905702318 0.015916667 0.36601265 0.296457752 0.97 1.962501309 1.336949146 1.363993333 0.005212476 0.000571836 0.297074468 0.156852544 0.5373375 0.017947363 1.711666667 1.18446218 0.628157719 111.23784 0.028 0.075954102 0.005 25920 1209.6 5097.6 34560 26265.6 0.85077 21.40992
35044 729004 6.493296241 8.109215481 9.831771173 0.015951648 0.377484317 0.313467087 0.969200427 1.953124842 1.327845283 1.318506206 0.005191959 0.000529653 0.284895183 0.161215078 0.532320427 0.017458031 1.69897344 1.194709259 0.611031083 110.35962 0.028 0.076 0.005 25920 1209.6 5097.6 34560 26265.6 0.89426 10.56888
35045 729005 6.369480254 8.106512064 9.758784877 0.015986517 0.3888971 0.330583635 0.968403413 1.943975079 1.31891317 1.273164715 0.005171416 0.000488867 0.27281267 0.165669132 0.527319418 0.016967061 1.686320853 1.205146819 0.59384714 109.49274 0.028076674 0.075839682 0.005 33264 1209.6 5097.6 34560 26265.6 0.93753 6.32772
35046 729006 6.248633526 8.103864038 9.68691986 0.016021163 0.400216156 0.34776514 0.96761152 1.9350653 1.310169815 1.228114497 0.005150904 0.000449506 0.260861004 0.170212151 0.522350534 0.016475779 1.673749547 1.215798288 0.576652258 108.63594 0.028299479 0.075373816 0.005 33264 1209.6 5097.6 34560 26265.6 0.98045 8.30088
35047 729007 6.130960489 8.10127159 9.616352551 0.016055472 0.411406642 0.364969346 0.966827307 1.926408783 1.301632228 1.183501189 0.005130484 0.000411598 0.249074264 0.174841584 0.517429841 0.015985509 1.66130016 1.226687094 0.559492808 107.78796 0.028657592 0.074625036 0.005 33264 1209.6 5097.6 34560 26265.6 1.0229 24.67584
35048 729008 6.016665578 8.098734906 9.54725938 0.016089333 0.422433716 0.382153997 0.966053333 1.918018808 1.29331742 1.139470427 0.005110213 0.00037517 0.237486525 0.179554876 0.5125734 0.015497576 1.649013333 1.237836664 0.542415159 106.95006 0.029140186 0.073615974 0.005 33264 1209.6 5097.6 34560 26265.6 1.0647 14.19768
35049 729009 5.905953223 8.096254174 9.479816777 0.016122635 0.433262533 0.399276838 0.96529216 1.909908655 1.285242401 1.096167847 0.00509015 0.000340251 0.226131864 0.184349477 0.507797275 0.015013305 1.636929707 1.249270425 0.525465681 106.12224 0.029736439 0.072369265 0.005 33264 1209.6 5097.6 34560 26265.6 1.1058 18.91512
35050 729010 5.799027859 8.093829582 9.414201171 0.016155264 0.44385825 0.416295613 0.964546347 1.902091602 1.27742418 1.053739085 0.005070355 0.000306867 0.215044357 0.189222832 0.50311753 0.014534021 1.62508992 1.261011804 0.508690744 105.30198 0.030435524 0.07090754 0.005 41385.6 1209.6 6912 34560 26265.6 1.146 20.979
35051 729011 5.696093918 8.091461315 9.350588992 0.016187109 0.454186025 0.433168066 0.963818453 1.894580929 1.269879767 1.01232978 0.005050885 0.000275047 0.204258082 0.194172389 0.498550226 0.014061049 1.613534613 1.27308423 0.492136718 104.49054 0.031226619 0.069253434 0.005 41385.6 1209.6 6912 34560 26265.6 1.1852 18.3708
35052 729012 5.597355832 8.089149561 9.28915667 0.016218059 0.464211015 0.449851941 0.96311104 1.887389914 1.262626172 0.972085566 0.0050318 0.000244817 0.193807115 0.199195595 0.494111429 0.013595713 1.602304427 1.28551113 0.475849972 103.68666 0.032098897 0.067429579 0.005 33264 1209.6 6912 34560 26265.6 1.2232 7.80192
35053 729013 5.503018035 8.086894508 9.230080635 0.016248 0.473898376 0.466304983 0.962426667 1.880531838 1.255680405 0.93315208 0.005013159 0.000216206 0.183725532 0.204289897 0.4898172 0.013139339 1.59144 1.29831593 0.459876877 102.89034 0.033041535 0.065458608 0.005 33264 1209.6 6912 34560 26265.6 1.26 5.85144
35054 729014 5.41328496 8.084696342 9.173537316 0.016276821 0.483213265 0.482484936 0.961767893 1.87401998 1.249059476 0.895674959 0.004995019 0.00018924 0.17404741 0.209452742 0.485683603 0.012693252 1.580981973 1.311522058 0.444263802 102.10158 0.034043708 0.063363156 0.005 33264 1209.6 6912 34560 26265.6 1.2954 3.65148
35055 729015 5.328361038 8.082555251 9.119703142 0.016304411 0.492120839 0.498349543 0.96113728 1.867867618 1.242780395 0.85979984 0.00497744 0.000163948 0.164806826 0.214681577 0.481726702 0.012258775 1.570970987 1.325152943 0.429057118 101.31912 0.035094592 0.061165853 0.005 41385.6 1209.6 6912 34560 26265.6 1.3292 11.5668
35056 729016 5.248450703 8.080471422 9.068754544 0.016330656 0.500586254 0.51385655 0.960537387 1.862088033 1.236860172 0.825672358 0.004960481 0.000140358 0.156037855 0.21997385 0.477962558 0.011837234 1.56144768 1.33923201 0.414303193 100.5417 0.036183361 0.058889335 0.005 61084.8 1641.6 11145.6 34560 26265.6 1.3613 4.69476
35057 729017 5.173758388 8.078445041 9.020867951 0.016355445 0.508574669 0.5289637 0.959970773 1.856694503 1.231315817 0.79343815 0.0049442 0.000118496 0.147774576 0.225327007 0.474407237 0.011429954 1.552452693 1.353782688 0.400048399 99.77184 0.037299192 0.056556234 0.005 70156.8 2073.6 21513.6 34560 26265.6 1.3917 8.1648
35058 729018 5.104488526 8.076476297 8.976219793 0.016378667 0.516051239 0.543628738 0.95944 1.851700307 1.226164339 0.763242853 0.004928656 9.84E-05 0.140051064 0.230738496 0.4710768 0.01103826 1.544026667 1.368828403 0.386339104 99.00576 0.03843126 0.054189184 0.005 61084.8 3110.4 16070.4 34560 26265.6 1.4201 9.59364
35059 729019 5.040845549 8.074565376 8.9349865 0.016400208 0.522981121 0.557809408 0.958947627 1.847118725 1.221422748 0.735232104 0.004913907 8.01E-05 0.132901396 0.236205764 4.68E-01 0.010663477 1.53621024 1.384392584 0.373221678 98.24472 0.03956874 0.051810816 0.005 61084.8 3715.2 24364.8 34560 26265.6 1.4464 19.6182
35060 729020 4.983033889 8.072712464 8.897344501 0.016419957 0.529329472 0.571463454 0.958496213 1.842963037 1.217108055 0.709551538 0.004900013 6.36E-05 0.126359648 0.241726258 4.65E-01 0.010306928 1.529044053 1.400498657 0.360742492 97.48872 0.040700808 0.049443766 0.005 70156.8 2592 16070.4 34560 26265.6 1.4705 16.6698
35061 729021 4.931257981 8.070917751 8.863470226 0.016437803 0.53506145 0.58454862 0.95808832 1.839246521 1.213237268 0.686346792 0.004887032 4.89E-05 0.120459898 0.247297425 4.63E-01 0.00996994 1.522568747 1.417170051 0.348947915 96.7365 0.041816639 0.047110665 0.005 70156.8 2073.6 11145.6 34560 26265.6 1.4923 19.09656
35062 729022 4.885722256 8.069181422 8.833540105 0.016453632 0.54014221 0.597022651 0.957726507 1.835982456 1.209827399 0.665763503 0.004875023 3.61E-05 0.115236221 0.252916712 4.60E-01 0.009653838 1.51682496 1.434430192 0.337884317 95.98806 0.042905408 0.044834147 0.005 50457.6 2073.6 6912 34560 26265.6 1.5116 6.10092
35063 729023 4.846631148 8.067503664 8.807730567 0.016467333 0.544536911 0.60884329 0.957413333 1.833184122 1.206895458 0.647947307 0.004864045 2.52E-05 0.110722695 0.258581567 4.58E-01 0.009359945 1.511853333 1.452302507 0.327598068 95.24214 0.043956292 0.042636844 0.005 50457.6 1641.6 6912 34560 26265.6 1.5282 25.62101581
35064 729024 4.814189089 8.065884665 8.786218042 0.016478795 0.548210708 0.619968282 0.95715136 1.830864799 1.204458453 0.63304384 0.004854156 1.62E-05 0.106953396 0.264289436 4.57E-01 0.009089587 1.507694507 1.470810425 0.318135538 94.5 0.044958465 0.040541392 0.005 50457.6 1641.6 6912 34560 26265.6 1.5422 19.6182
